st,year,month,t,fat,ai08,ai_share
AL,2016,1,0,74,21.7,0.2932
AL,2016,2,1,76,15.9,0.2092
AL,2016,3,2,89,28.3,0.318
AL,2016,4,3,69,18.8,0.2725
AL,2016,5,4,100,25.4,0.254
AL,2016,6,5,102,21.8,0.2137
AL,2016,7,6,84,24.9,0.2964
AL,2016,8,7,97,26.5,0.2732
AL,2016,9,8,99,24.5,0.2475
AL,2016,10,9,115,40.5,0.3522
AL,2016,11,10,83,23.3,0.2807
AL,2016,12,11,95,26.2,0.2758
AK,2016,1,0,6,2.1,0.35
AK,2016,2,1,4,1.0,0.25
AK,2016,3,2,2,1.0,0.5
AK,2016,4,3,8,1.5,0.1875
AK,2016,5,4,6,2.1,0.35
AK,2016,6,5,10,5.6,0.56
AK,2016,7,6,12,4.0,0.3333
AK,2016,8,7,8,2.3,0.2875
AK,2016,9,8,6,4.1,0.6833
AK,2016,10,9,7,4.0,0.5714
AK,2016,11,10,9,3.0,0.3333
AK,2016,12,11,6,0.2,0.0333
AZ,2016,1,0,70,26.0,0.3714
AZ,2016,2,1,67,17.6,0.2627
AZ,2016,3,2,78,22.0,0.2821
AZ,2016,4,3,96,29.7,0.3094
AZ,2016,5,4,70,16.5,0.2357
AZ,2016,6,5,97,21.1,0.2175
AZ,2016,7,6,78,23.2,0.2974
AZ,2016,8,7,81,21.1,0.2605
AZ,2016,9,8,85,20.6,0.2424
AZ,2016,10,9,75,19.0,0.2533
AZ,2016,11,10,84,15.4,0.1833
AZ,2016,12,11,71,14.8,0.2085
AR,2016,1,0,37,11.5,0.3108
AR,2016,2,1,34,7.8,0.2294
AR,2016,3,2,43,15.7,0.3651
AR,2016,4,3,41,8.3,0.2024
AR,2016,5,4,56,13.6,0.2429
AR,2016,6,5,54,12.3,0.2278
AR,2016,7,6,41,8.7,0.2122
AR,2016,8,7,42,6.3,0.15
AR,2016,9,8,57,13.3,0.2333
AR,2016,10,9,55,12.8,0.2327
AR,2016,11,10,49,10.8,0.2204
AR,2016,12,11,52,9.8,0.1885
CA,2016,1,0,245,74.7,0.3049
CA,2016,2,1,298,77.4,0.2597
CA,2016,3,2,289,81.6,0.2824
CA,2016,4,3,299,88.0,0.2943
CA,2016,5,4,319,100.5,0.315
CA,2016,6,5,319,94.7,0.2969
CA,2016,7,6,337,112.5,0.3338
CA,2016,8,7,342,103.0,0.3012
CA,2016,9,8,343,103.5,0.3017
CA,2016,10,9,357,99.9,0.2798
CA,2016,11,10,338,86.8,0.2568
CA,2016,12,11,351,91.9,0.2618
CO,2016,1,0,32,5.3,0.1656
CO,2016,2,1,27,9.2,0.3407
CO,2016,3,2,41,10.0,0.2439
CO,2016,4,3,43,10.9,0.2535
CO,2016,5,4,51,16.1,0.3157
CO,2016,6,5,69,15.7,0.2275
CO,2016,7,6,74,21.9,0.2959
CO,2016,8,7,64,24.1,0.3766
CO,2016,9,8,75,19.7,0.2627
CO,2016,10,9,61,16.5,0.2705
CO,2016,11,10,39,5.9,0.1513
CO,2016,12,11,32,8.8,0.275
CT,2016,1,0,23,7.2,0.313
CT,2016,2,1,19,5.4,0.2842
CT,2016,3,2,23,10.4,0.4522
CT,2016,4,3,22,8.5,0.3864
CT,2016,5,4,26,8.0,0.3077
CT,2016,6,5,25,12.3,0.492
CT,2016,7,6,29,11.3,0.3897
CT,2016,8,7,24,9.7,0.4042
CT,2016,9,8,29,10.6,0.3655
CT,2016,10,9,28,10.6,0.3786
CT,2016,11,10,20,6.2,0.31
CT,2016,12,11,36,13.5,0.375
DE,2016,1,0,12,2.3,0.1917
DE,2016,2,1,7,0.5,0.0714
DE,2016,3,2,11,3.5,0.3182
DE,2016,4,3,10,4.7,0.47
DE,2016,5,4,7,3.4,0.4857
DE,2016,6,5,12,4.8,0.4
DE,2016,7,6,12,5.5,0.4583
DE,2016,8,7,9,3.4,0.3778
DE,2016,9,8,13,3.6,0.2769
DE,2016,10,9,11,1.4,0.1273
DE,2016,11,10,8,2.1,0.2625
DE,2016,12,11,7,2.1,0.3
DC,2016,1,0,1,0.0,0.0
DC,2016,2,1,1,0.0,0.0
DC,2016,3,2,1,0.2,0.2
DC,2016,4,3,3,2.0,0.6667
DC,2016,6,5,3,2.4,0.8
DC,2016,7,6,4,1.6,0.4
DC,2016,8,7,4,1.4,0.35
DC,2016,9,8,4,1.9,0.475
DC,2016,10,9,4,0.1,0.025
DC,2016,12,11,2,0.8,0.4
FL,2016,1,0,241,80.8,0.3353
FL,2016,2,1,230,57.3,0.2491
FL,2016,3,2,303,106.0,0.3498
FL,2016,4,3,271,88.8,0.3277
FL,2016,5,4,300,88.0,0.2933
FL,2016,6,5,244,67.2,0.2754
FL,2016,7,6,250,72.6,0.2904
FL,2016,8,7,258,69.2,0.2682
FL,2016,9,8,235,63.3,0.2694
FL,2016,10,9,285,70.5,0.2474
FL,2016,11,10,262,56.9,0.2172
FL,2016,12,11,297,83.5,0.2811
GA,2016,1,0,113,35.0,0.3097
GA,2016,2,1,119,34.1,0.2866
GA,2016,3,2,129,30.9,0.2395
GA,2016,4,3,132,23.5,0.178
GA,2016,5,4,123,30.5,0.248
GA,2016,6,5,117,29.2,0.2496
GA,2016,7,6,117,28.7,0.2453
GA,2016,8,7,141,37.8,0.2681
GA,2016,9,8,162,38.7,0.2389
GA,2016,10,9,137,27.2,0.1985
GA,2016,11,10,149,33.1,0.2221
GA,2016,12,11,117,30.3,0.259
HI,2016,1,0,7,2.3,0.3286
HI,2016,2,1,5,2.5,0.5
HI,2016,3,2,11,2.3,0.2091
HI,2016,4,3,11,4.6,0.4182
HI,2016,5,4,7,0.3,0.0429
HI,2016,6,5,6,3.5,0.5833
HI,2016,7,6,12,5.8,0.4833
HI,2016,8,7,14,1.4,0.1
HI,2016,9,8,9,3.3,0.3667
HI,2016,10,9,13,3.6,0.2769
HI,2016,11,10,13,1.4,0.1077
HI,2016,12,11,12,5.5,0.4583
ID,2016,1,0,10,3.6,0.36
ID,2016,2,1,13,4.0,0.3077
ID,2016,3,2,14,5.0,0.3571
ID,2016,4,3,19,9.2,0.4842
ID,2016,5,4,25,11.0,0.44
ID,2016,6,5,32,11.6,0.3625
ID,2016,7,6,24,7.1,0.2958
ID,2016,8,7,28,8.1,0.2893
ID,2016,9,8,25,4.1,0.164
ID,2016,10,9,26,5.8,0.2231
ID,2016,11,10,23,5.0,0.2174
ID,2016,12,11,14,1.0,0.0714
IL,2016,1,0,81,21.1,0.2605
IL,2016,2,1,78,25.5,0.3269
IL,2016,3,2,82,31.8,0.3878
IL,2016,4,3,73,21.9,0.3
IL,2016,5,4,105,27.6,0.2629
IL,2016,6,5,84,33.5,0.3988
IL,2016,7,6,99,32.3,0.3263
IL,2016,8,7,113,29.7,0.2628
IL,2016,9,8,84,22.3,0.2655
IL,2016,10,9,111,36.1,0.3252
IL,2016,11,10,87,28.4,0.3264
IL,2016,12,11,81,26.2,0.3235
IN,2016,1,0,54,14.9,0.2759
IN,2016,2,1,60,19.1,0.3183
IN,2016,3,2,70,19.0,0.2714
IN,2016,4,3,61,11.4,0.1869
IN,2016,5,4,67,20.5,0.306
IN,2016,6,5,72,19.5,0.2708
IN,2016,7,6,72,20.6,0.2861
IN,2016,8,7,63,13.1,0.2079
IN,2016,9,8,75,17.5,0.2333
IN,2016,10,9,73,17.8,0.2438
IN,2016,11,10,86,23.5,0.2733
IN,2016,12,11,76,14.6,0.1921
IA,2016,1,0,28,6.7,0.2393
IA,2016,2,1,19,3.9,0.2053
IA,2016,3,2,25,7.8,0.312
IA,2016,4,3,33,10.9,0.3303
IA,2016,5,4,39,16.2,0.4154
IA,2016,6,5,40,8.5,0.2125
IA,2016,7,6,38,15.5,0.4079
IA,2016,8,7,38,8.8,0.2316
IA,2016,9,8,31,6.1,0.1968
IA,2016,10,9,39,8.4,0.2154
IA,2016,11,10,35,9.1,0.26
IA,2016,12,11,37,6.6,0.1784
KS,2016,1,0,25,3.8,0.152
KS,2016,2,1,32,10.2,0.3188
KS,2016,3,2,27,3.8,0.1407
KS,2016,4,3,36,8.6,0.2389
KS,2016,5,4,34,11.1,0.3265
KS,2016,6,5,43,6.9,0.1605
KS,2016,7,6,45,13.2,0.2933
KS,2016,8,7,30,4.4,0.1467
KS,2016,9,8,38,8.7,0.2289
KS,2016,10,9,30,8.6,0.2867
KS,2016,11,10,52,13.3,0.2558
KS,2016,12,11,37,6.2,0.1676
KY,2016,1,0,52,12.5,0.2404
KY,2016,2,1,51,14.1,0.2765
KY,2016,3,2,52,12.6,0.2423
KY,2016,4,3,81,12.3,0.1519
KY,2016,5,4,68,16.7,0.2456
KY,2016,6,5,76,14.5,0.1908
KY,2016,7,6,75,14.5,0.1933
KY,2016,8,7,70,11.5,0.1643
KY,2016,9,8,75,15.7,0.2093
KY,2016,10,9,94,22.8,0.2426
KY,2016,11,10,65,14.9,0.2292
KY,2016,12,11,75,15.2,0.2027
LA,2016,1,0,61,22.6,0.3705
LA,2016,2,1,55,17.3,0.3145
LA,2016,3,2,60,13.8,0.23
LA,2016,4,3,68,19.9,0.2926
LA,2016,5,4,80,28.4,0.355
LA,2016,6,5,56,22.8,0.4071
LA,2016,7,6,54,18.3,0.3389
LA,2016,8,7,65,15.7,0.2415
LA,2016,9,8,73,15.3,0.2096
LA,2016,10,9,70,17.4,0.2486
LA,2016,11,10,58,19.2,0.331
LA,2016,12,11,57,17.5,0.307
ME,2016,1,0,8,4.8,0.6
ME,2016,2,1,8,3.0,0.375
ME,2016,3,2,14,4.1,0.2929
ME,2016,4,3,8,4.3,0.5375
ME,2016,5,4,13,4.9,0.3769
ME,2016,6,5,9,3.6,0.4
ME,2016,7,6,16,5.7,0.3562
ME,2016,8,7,12,5.2,0.4333
ME,2016,9,8,19,8.4,0.4421
ME,2016,10,9,14,6.4,0.4571
ME,2016,11,10,23,9.5,0.413
ME,2016,12,11,16,2.7,0.1688
MD,2016,1,0,29,9.5,0.3276
MD,2016,2,1,54,15.9,0.2944
MD,2016,3,2,31,5.6,0.1806
MD,2016,4,3,46,22.1,0.4804
MD,2016,5,4,34,10.1,0.2971
MD,2016,6,5,46,12.0,0.2609
MD,2016,7,6,49,7.3,0.149
MD,2016,8,7,52,14.0,0.2692
MD,2016,9,8,38,11.1,0.2921
MD,2016,10,9,47,9.6,0.2043
MD,2016,11,10,47,13.7,0.2915
MD,2016,12,11,49,11.9,0.2429
MA,2016,1,0,27,8.1,0.3
MA,2016,2,1,27,10.1,0.3741
MA,2016,3,2,24,6.9,0.2875
MA,2016,4,3,27,8.4,0.3111
MA,2016,5,4,33,13.9,0.4212
MA,2016,6,5,31,9.1,0.2935
MA,2016,7,6,32,12.3,0.3844
MA,2016,8,7,38,15.2,0.4
MA,2016,9,8,33,13.1,0.397
MA,2016,10,9,46,18.6,0.4043
MA,2016,11,10,36,11.2,0.3111
MA,2016,12,11,33,16.7,0.5061
MI,2016,1,0,65,13.5,0.2077
MI,2016,2,1,74,15.3,0.2068
MI,2016,3,2,46,11.3,0.2457
MI,2016,4,3,91,25.8,0.2835
MI,2016,5,4,73,23.1,0.3164
MI,2016,6,5,111,23.3,0.2099
MI,2016,7,6,93,20.5,0.2204
MI,2016,8,7,107,23.0,0.215
MI,2016,9,8,115,24.7,0.2148
MI,2016,10,9,107,26.0,0.243
MI,2016,11,10,99,20.6,0.2081
MI,2016,12,11,84,20.7,0.2464
MN,2016,1,0,26,5.9,0.2269
MN,2016,2,1,26,2.3,0.0885
MN,2016,3,2,26,6.6,0.2538
MN,2016,4,3,29,7.6,0.2621
MN,2016,5,4,30,12.1,0.4033
MN,2016,6,5,36,5.2,0.1444
MN,2016,7,6,37,11.1,0.3
MN,2016,8,7,34,12.2,0.3588
MN,2016,9,8,35,8.3,0.2371
MN,2016,10,9,42,13.5,0.3214
MN,2016,11,10,37,5.9,0.1595
MN,2016,12,11,34,4.7,0.1382
MS,2016,1,0,43,11.5,0.2674
MS,2016,2,1,48,13.7,0.2854
MS,2016,3,2,57,9.4,0.1649
MS,2016,4,3,44,12.2,0.2773
MS,2016,5,4,82,11.3,0.1378
MS,2016,6,5,65,11.9,0.1831
MS,2016,7,6,61,10.9,0.1787
MS,2016,8,7,52,8.0,0.1538
MS,2016,9,8,49,11.3,0.2306
MS,2016,10,9,76,13.3,0.175
MS,2016,11,10,57,10.5,0.1842
MS,2016,12,11,53,9.6,0.1811
MO,2016,1,0,71,13.9,0.1958
MO,2016,2,1,54,12.9,0.2389
MO,2016,3,2,77,21.3,0.2766
MO,2016,4,3,73,19.3,0.2644
MO,2016,5,4,65,14.5,0.2231
MO,2016,6,5,81,22.1,0.2728
MO,2016,7,6,86,22.0,0.2558
MO,2016,8,7,75,19.4,0.2587
MO,2016,9,8,123,36.7,0.2984
MO,2016,10,9,87,26.9,0.3092
MO,2016,11,10,76,23.6,0.3105
MO,2016,12,11,79,16.0,0.2025
MT,2016,1,0,6,2.0,0.3333
MT,2016,2,1,17,8.5,0.5
MT,2016,3,2,19,7.2,0.3789
MT,2016,4,3,11,2.9,0.2636
MT,2016,5,4,14,8.3,0.5929
MT,2016,6,5,11,5.2,0.4727
MT,2016,7,6,28,16.6,0.5929
MT,2016,8,7,26,10.8,0.4154
MT,2016,9,8,21,6.3,0.3
MT,2016,10,9,13,7.6,0.5846
MT,2016,11,10,17,7.0,0.4118
MT,2016,12,11,7,2.0,0.2857
NE,2016,1,0,15,4.2,0.28
NE,2016,2,1,7,1.1,0.1571
NE,2016,3,2,15,4.7,0.3133
NE,2016,4,3,18,7.8,0.4333
NE,2016,5,4,17,6.0,0.3529
NE,2016,6,5,29,5.8,0.2
NE,2016,7,6,26,7.6,0.2923
NE,2016,8,7,24,8.1,0.3375
NE,2016,9,8,20,3.4,0.17
NE,2016,10,9,14,7.0,0.5
NE,2016,11,10,11,2.1,0.1909
NE,2016,12,11,22,3.8,0.1727
NV,2016,1,0,27,6.6,0.2444
NV,2016,2,1,24,7.2,0.3
NV,2016,3,2,22,8.0,0.3636
NV,2016,4,3,28,6.2,0.2214
NV,2016,5,4,21,5.5,0.2619
NV,2016,6,5,24,9.2,0.3833
NV,2016,7,6,28,9.9,0.3536
NV,2016,8,7,35,16.6,0.4743
NV,2016,9,8,33,9.1,0.2758
NV,2016,10,9,34,11.7,0.3441
NV,2016,11,10,25,4.8,0.192
NV,2016,12,11,28,6.8,0.2429
NH,2016,1,0,12,2.2,0.1833
NH,2016,2,1,3,3.0,1.0
NH,2016,3,2,10,4.0,0.4
NH,2016,4,3,12,6.0,0.5
NH,2016,5,4,12,4.5,0.375
NH,2016,6,5,11,2.5,0.2273
NH,2016,7,6,16,4.0,0.25
NH,2016,8,7,9,2.6,0.2889
NH,2016,9,8,14,3.5,0.25
NH,2016,10,9,14,3.3,0.2357
NH,2016,11,10,15,1.7,0.1133
NH,2016,12,11,8,3.1,0.3875
NJ,2016,1,0,42,8.6,0.2048
NJ,2016,2,1,42,10.5,0.25
NJ,2016,3,2,44,7.1,0.1614
NJ,2016,4,3,42,7.9,0.1881
NJ,2016,5,4,51,17.3,0.3392
NJ,2016,6,5,46,11.1,0.2413
NJ,2016,7,6,61,18.6,0.3049
NJ,2016,8,7,61,11.5,0.1885
NJ,2016,9,8,48,7.7,0.1604
NJ,2016,10,9,60,17.1,0.285
NJ,2016,11,10,51,5.6,0.1098
NJ,2016,12,11,54,11.8,0.2185
NM,2016,1,0,23,7.8,0.3391
NM,2016,2,1,35,11.0,0.3143
NM,2016,3,2,28,6.9,0.2464
NM,2016,4,3,48,12.9,0.2688
NM,2016,5,4,33,7.9,0.2394
NM,2016,6,5,35,10.7,0.3057
NM,2016,7,6,43,11.9,0.2767
NM,2016,8,7,29,7.7,0.2655
NM,2016,9,8,35,12.9,0.3686
NM,2016,10,9,37,11.5,0.3108
NM,2016,11,10,29,11.5,0.3966
NM,2016,12,11,30,7.0,0.2333
NY,2016,1,0,74,20.9,0.2824
NY,2016,2,1,72,22.2,0.3083
NY,2016,3,2,69,20.4,0.2957
NY,2016,4,3,69,17.1,0.2478
NY,2016,5,4,89,24.8,0.2787
NY,2016,6,5,103,31.0,0.301
NY,2016,7,6,88,27.6,0.3136
NY,2016,8,7,99,20.9,0.2111
NY,2016,9,8,110,34.3,0.3118
NY,2016,10,9,91,24.6,0.2703
NY,2016,11,10,77,21.0,0.2727
NY,2016,12,11,100,31.5,0.315
NC,2016,1,0,95,25.0,0.2632
NC,2016,2,1,87,25.9,0.2977
NC,2016,3,2,141,43.3,0.3071
NC,2016,4,3,120,33.1,0.2758
NC,2016,5,4,119,33.8,0.284
NC,2016,6,5,131,46.4,0.3542
NC,2016,7,6,120,33.8,0.2817
NC,2016,8,7,112,34.1,0.3045
NC,2016,9,8,119,30.4,0.2555
NC,2016,10,9,155,45.2,0.2916
NC,2016,11,10,119,34.6,0.2908
NC,2016,12,11,132,43.0,0.3258
ND,2016,1,0,5,2.0,0.4
ND,2016,2,1,5,2.0,0.4
ND,2016,3,2,6,4.1,0.6833
ND,2016,4,3,7,5.1,0.7286
ND,2016,5,4,14,9.2,0.6571
ND,2016,6,5,10,2.1,0.21
ND,2016,7,6,16,6.0,0.375
ND,2016,8,7,14,3.7,0.2643
ND,2016,9,8,9,5.1,0.5667
ND,2016,10,9,14,6.5,0.4643
ND,2016,11,10,10,5.1,0.51
ND,2016,12,11,3,1.1,0.3667
OH,2016,1,0,66,24.0,0.3636
OH,2016,2,1,72,24.2,0.3361
OH,2016,3,2,78,22.2,0.2846
OH,2016,4,3,75,24.4,0.3253
OH,2016,5,4,92,25.1,0.2728
OH,2016,6,5,121,36.5,0.3017
OH,2016,7,6,122,42.9,0.3516
OH,2016,8,7,110,31.5,0.2864
OH,2016,9,8,110,25.1,0.2282
OH,2016,10,9,113,31.6,0.2796
OH,2016,11,10,93,21.2,0.228
OH,2016,12,11,80,22.3,0.2788
OK,2016,1,0,59,13.3,0.2254
OK,2016,2,1,41,9.4,0.2293
OK,2016,3,2,63,19.8,0.3143
OK,2016,4,3,55,15.4,0.28
OK,2016,5,4,66,17.0,0.2576
OK,2016,6,5,57,11.3,0.1982
OK,2016,7,6,48,18.7,0.3896
OK,2016,8,7,73,25.2,0.3452
OK,2016,9,8,53,15.0,0.283
OK,2016,10,9,54,17.0,0.3148
OK,2016,11,10,57,9.8,0.1719
OK,2016,12,11,61,14.6,0.2393
OR,2016,1,0,40,11.2,0.28
OR,2016,2,1,26,3.5,0.1346
OR,2016,3,2,40,5.3,0.1325
OR,2016,4,3,46,13.4,0.2913
OR,2016,5,4,38,19.0,0.5
OR,2016,6,5,40,13.9,0.3475
OR,2016,7,6,46,20.6,0.4478
OR,2016,8,7,51,18.6,0.3647
OR,2016,9,8,54,18.5,0.3426
OR,2016,10,9,32,8.3,0.2594
OR,2016,11,10,42,12.5,0.2976
OR,2016,12,11,43,7.1,0.1651
PA,2016,1,0,78,24.7,0.3167
PA,2016,2,1,80,26.3,0.3288
PA,2016,3,2,81,28.1,0.3469
PA,2016,4,3,89,34.0,0.382
PA,2016,5,4,116,42.2,0.3638
PA,2016,6,5,120,28.2,0.235
PA,2016,7,6,96,30.3,0.3156
PA,2016,8,7,105,25.5,0.2429
PA,2016,9,8,116,32.3,0.2784
PA,2016,10,9,113,23.8,0.2106
PA,2016,11,10,112,26.1,0.233
PA,2016,12,11,82,21.6,0.2634
RI,2016,1,0,4,3.0,0.75
RI,2016,2,1,4,1.0,0.25
RI,2016,3,2,6,1.9,0.3167
RI,2016,4,3,1,0.0,0.0
RI,2016,5,4,6,3.6,0.6
RI,2016,6,5,2,1.0,0.5
RI,2016,7,6,5,0.3,0.06
RI,2016,8,7,6,2.5,0.4167
RI,2016,9,8,7,1.4,0.2
RI,2016,10,9,3,1.2,0.4
RI,2016,11,10,1,0.0,0.0
RI,2016,12,11,6,2.8,0.4667
SC,2016,1,0,70,26.5,0.3786
SC,2016,2,1,71,22.6,0.3183
SC,2016,3,2,97,27.1,0.2794
SC,2016,4,3,70,21.0,0.3
SC,2016,5,4,92,25.0,0.2717
SC,2016,6,5,87,25.2,0.2897
SC,2016,7,6,87,40.8,0.469
SC,2016,8,7,99,35.2,0.3556
SC,2016,9,8,82,28.3,0.3451
SC,2016,10,9,94,37.4,0.3979
SC,2016,11,10,97,26.6,0.2742
SC,2016,12,11,74,28.0,0.3784
SD,2016,1,0,4,3.3,0.825
SD,2016,2,1,8,5.1,0.6375
SD,2016,3,2,6,3.0,0.5
SD,2016,4,3,13,4.6,0.3538
SD,2016,5,4,10,6.6,0.66
SD,2016,6,5,8,3.0,0.375
SD,2016,7,6,13,5.6,0.4308
SD,2016,8,7,16,3.0,0.1875
SD,2016,9,8,10,2.3,0.23
SD,2016,10,9,17,5.2,0.3059
SD,2016,11,10,8,2.0,0.25
SD,2016,12,11,3,2.0,0.6667
TN,2016,1,0,60,11.0,0.1833
TN,2016,2,1,77,13.8,0.1792
TN,2016,3,2,86,21.7,0.2523
TN,2016,4,3,78,17.2,0.2205
TN,2016,5,4,108,25.2,0.2333
TN,2016,6,5,88,15.7,0.1784
TN,2016,7,6,77,17.1,0.2221
TN,2016,8,7,90,18.7,0.2078
TN,2016,9,8,84,27.0,0.3214
TN,2016,10,9,105,22.1,0.2105
TN,2016,11,10,103,19.6,0.1903
TN,2016,12,11,81,17.6,0.2173
TX,2016,1,0,282,106.0,0.3759
TX,2016,2,1,313,118.3,0.378
TX,2016,3,2,313,113.9,0.3639
TX,2016,4,3,300,128.8,0.4293
TX,2016,5,4,339,125.4,0.3699
TX,2016,6,5,308,123.3,0.4003
TX,2016,7,6,314,123.7,0.3939
TX,2016,8,7,302,115.9,0.3838
TX,2016,9,8,291,111.8,0.3842
TX,2016,10,9,387,157.3,0.4065
TX,2016,11,10,345,137.9,0.3997
TX,2016,12,11,303,119.5,0.3944
UT,2016,1,0,14,4.9,0.35
UT,2016,2,1,18,4.0,0.2222
UT,2016,3,2,15,4.8,0.32
UT,2016,4,3,23,2.0,0.087
UT,2016,5,4,32,4.0,0.125
UT,2016,6,5,35,4.4,0.1257
UT,2016,7,6,31,5.9,0.1903
UT,2016,8,7,17,6.7,0.3941
UT,2016,9,8,30,3.9,0.13
UT,2016,10,9,28,7.0,0.25
UT,2016,11,10,27,3.5,0.1296
UT,2016,12,11,11,1.6,0.1455
VT,2016,1,0,3,1.0,0.3333
VT,2016,2,1,2,1.0,0.5
VT,2016,3,2,8,5.0,0.625
VT,2016,4,3,6,2.2,0.3667
VT,2016,5,4,8,3.0,0.375
VT,2016,6,5,3,1.0,0.3333
VT,2016,7,6,4,2.2,0.55
VT,2016,8,7,5,4.0,0.8
VT,2016,9,8,6,3.0,0.5
VT,2016,10,9,3,1.0,0.3333
VT,2016,11,10,7,3.1,0.4429
VT,2016,12,11,7,1.0,0.1429
VA,2016,1,0,47,14.6,0.3106
VA,2016,2,1,56,18.8,0.3357
VA,2016,3,2,59,19.3,0.3271
VA,2016,4,3,55,18.7,0.34
VA,2016,5,4,60,20.6,0.3433
VA,2016,6,5,73,20.2,0.2767
VA,2016,7,6,54,12.7,0.2352
VA,2016,8,7,71,23.4,0.3296
VA,2016,9,8,52,14.6,0.2808
VA,2016,10,9,67,15.7,0.2343
VA,2016,11,10,74,18.4,0.2486
VA,2016,12,11,92,26.0,0.2826
WA,2016,1,0,25,9.9,0.396
WA,2016,2,1,39,15.4,0.3949
WA,2016,3,2,48,14.3,0.2979
WA,2016,4,3,35,9.7,0.2771
WA,2016,5,4,44,12.0,0.2727
WA,2016,6,5,52,17.0,0.3269
WA,2016,7,6,59,19.3,0.3271
WA,2016,8,7,53,11.7,0.2208
WA,2016,9,8,53,14.0,0.2642
WA,2016,10,9,38,10.5,0.2763
WA,2016,11,10,44,10.4,0.2364
WA,2016,12,11,46,12.2,0.2652
WV,2016,1,0,19,4.9,0.2579
WV,2016,2,1,20,2.7,0.135
WV,2016,3,2,21,9.6,0.4571
WV,2016,4,3,15,4.7,0.3133
WV,2016,5,4,16,5.2,0.325
WV,2016,6,5,22,4.5,0.2045
WV,2016,7,6,23,6.9,0.3
WV,2016,8,7,30,5.6,0.1867
WV,2016,9,8,34,7.9,0.2324
WV,2016,10,9,26,7.4,0.2846
WV,2016,11,10,15,2.3,0.1533
WV,2016,12,11,28,6.3,0.225
WI,2016,1,0,33,8.1,0.2455
WI,2016,2,1,58,19.5,0.3362
WI,2016,3,2,36,12.2,0.3389
WI,2016,4,3,43,10.1,0.2349
WI,2016,5,4,56,27.0,0.4821
WI,2016,6,5,57,20.3,0.3561
WI,2016,7,6,67,20.3,0.303
WI,2016,8,7,57,11.2,0.1965
WI,2016,9,8,50,17.6,0.352
WI,2016,10,9,47,19.1,0.4064
WI,2016,11,10,75,26.5,0.3533
WI,2016,12,11,28,6.9,0.2464
WY,2016,1,0,5,1.0,0.2
WY,2016,2,1,3,0.2,0.0667
WY,2016,3,2,3,0.2,0.0667
WY,2016,4,3,3,0.1,0.0333
WY,2016,5,4,11,3.8,0.3455
WY,2016,6,5,17,3.6,0.2118
WY,2016,7,6,11,2.4,0.2182
WY,2016,8,7,27,9.5,0.3519
WY,2016,9,8,11,3.6,0.3273
WY,2016,10,9,7,4.0,0.5714
WY,2016,11,10,11,4.3,0.3909
WY,2016,12,11,3,0.8,0.2667
AL,2017,1,12,77,27.1,0.3519
AL,2017,2,13,66,17.4,0.2636
AL,2017,3,14,81,22.6,0.279
AL,2017,4,15,89,27.9,0.3135
AL,2017,5,16,95,20.2,0.2126
AL,2017,6,17,83,19.3,0.2325
AL,2017,7,18,76,14.9,0.1961
AL,2017,8,19,81,30.7,0.379
AL,2017,9,20,79,26.8,0.3392
AL,2017,10,21,78,21.3,0.2731
AL,2017,11,22,64,20.2,0.3156
AL,2017,12,23,79,17.4,0.2203
AK,2017,1,12,11,1.4,0.1273
AK,2017,2,13,4,1.0,0.25
AK,2017,3,14,2,0.0,0.0
AK,2017,4,15,3,0.0,0.0
AK,2017,5,16,7,1.0,0.1429
AK,2017,6,17,9,3.7,0.4111
AK,2017,7,18,5,2.1,0.42
AK,2017,8,19,10,5.6,0.56
AK,2017,9,20,7,1.2,0.1714
AK,2017,10,21,8,2.4,0.3
AK,2017,11,22,6,1.0,0.1667
AK,2017,12,23,7,4.0,0.5714
AZ,2017,1,12,81,26.3,0.3247
AZ,2017,2,13,67,12.5,0.1866
AZ,2017,3,14,75,14.1,0.188
AZ,2017,4,15,79,28.1,0.3557
AZ,2017,5,16,100,33.2,0.332
AZ,2017,6,17,70,21.3,0.3043
AZ,2017,7,18,93,28.3,0.3043
AZ,2017,8,19,74,22.5,0.3041
AZ,2017,9,20,89,26.0,0.2921
AZ,2017,10,21,97,27.1,0.2794
AZ,2017,11,22,85,20.3,0.2388
AZ,2017,12,23,88,21.5,0.2443
AR,2017,1,12,39,11.9,0.3051
AR,2017,2,13,44,12.0,0.2727
AR,2017,3,14,34,7.6,0.2235
AR,2017,4,15,51,10.8,0.2118
AR,2017,5,16,41,12.5,0.3049
AR,2017,6,17,52,18.6,0.3577
AR,2017,7,18,51,10.3,0.202
AR,2017,8,19,42,13.3,0.3167
AR,2017,9,20,47,13.8,0.2936
AR,2017,10,21,47,13.8,0.2936
AR,2017,11,22,36,9.2,0.2556
AR,2017,12,23,41,12.1,0.2951
CA,2017,1,12,287,75.0,0.2613
CA,2017,2,13,280,65.2,0.2329
CA,2017,3,14,310,92.6,0.2987
CA,2017,4,15,299,79.0,0.2642
CA,2017,5,16,323,95.0,0.2941
CA,2017,6,17,332,97.2,0.2928
CA,2017,7,18,360,126.4,0.3511
CA,2017,8,19,313,95.2,0.3042
CA,2017,9,20,338,102.6,0.3036
CA,2017,10,21,337,97.1,0.2881
CA,2017,11,22,360,109.0,0.3028
CA,2017,12,23,345,108.2,0.3136
CO,2017,1,12,43,12.0,0.2791
CO,2017,2,13,30,6.7,0.2233
CO,2017,3,14,45,5.8,0.1289
CO,2017,4,15,50,16.0,0.32
CO,2017,5,16,56,18.0,0.3214
CO,2017,6,17,73,18.8,0.2575
CO,2017,7,18,67,24.7,0.3687
CO,2017,8,19,63,23.5,0.373
CO,2017,9,20,60,6.5,0.1083
CO,2017,10,21,54,13.2,0.2444
CO,2017,11,22,57,17.2,0.3018
CO,2017,12,23,50,14.2,0.284
CT,2017,1,12,24,7.3,0.3042
CT,2017,2,13,19,12.7,0.6684
CT,2017,3,14,16,4.9,0.3062
CT,2017,4,15,29,13.9,0.4793
CT,2017,5,16,32,17.3,0.5406
CT,2017,6,17,28,12.3,0.4393
CT,2017,7,18,19,6.6,0.3474
CT,2017,8,19,18,6.1,0.3389
CT,2017,9,20,32,15.8,0.4938
CT,2017,10,21,16,5.0,0.3125
CT,2017,11,22,24,11.6,0.4833
CT,2017,12,23,24,8.4,0.35
DE,2017,1,12,7,0.4,0.0571
DE,2017,2,13,8,5.3,0.6625
DE,2017,3,14,7,3.7,0.5286
DE,2017,4,15,6,0.2,0.0333
DE,2017,5,16,6,1.7,0.2833
DE,2017,6,17,8,3.0,0.375
DE,2017,7,18,10,3.3,0.33
DE,2017,8,19,11,1.9,0.1727
DE,2017,9,20,20,5.3,0.265
DE,2017,10,21,12,2.7,0.225
DE,2017,11,22,11,2.2,0.2
DE,2017,12,23,13,1.1,0.0846
DC,2017,1,12,5,3.2,0.64
DC,2017,2,13,1,1.0,1.0
DC,2017,3,14,1,0.8,0.8
DC,2017,4,15,2,0.4,0.2
DC,2017,5,16,3,2.0,0.6667
DC,2017,6,17,5,3.4,0.68
DC,2017,7,18,1,0.9,0.9
DC,2017,8,19,4,1.0,0.25
DC,2017,9,20,1,1.0,1.0
DC,2017,10,21,4,1.5,0.375
DC,2017,11,22,1,0.4,0.4
DC,2017,12,23,3,0.1,0.0333
FL,2017,1,12,288,72.3,0.251
FL,2017,2,13,223,66.9,0.3
FL,2017,3,14,302,81.9,0.2712
FL,2017,4,15,270,65.4,0.2422
FL,2017,5,16,274,76.2,0.2781
FL,2017,6,17,254,68.2,0.2685
FL,2017,7,18,251,69.1,0.2753
FL,2017,8,19,204,52.8,0.2588
FL,2017,9,20,230,64.3,0.2796
FL,2017,10,21,238,63.2,0.2655
FL,2017,11,22,278,74.0,0.2662
FL,2017,12,23,304,83.1,0.2734
GA,2017,1,12,125,23.4,0.1872
GA,2017,2,13,121,30.8,0.2545
GA,2017,3,14,129,32.9,0.255
GA,2017,4,15,121,27.2,0.2248
GA,2017,5,16,143,41.4,0.2895
GA,2017,6,17,116,27.1,0.2336
GA,2017,7,18,147,34.5,0.2347
GA,2017,8,19,124,30.3,0.2444
GA,2017,9,20,138,34.9,0.2529
GA,2017,10,21,135,27.4,0.203
GA,2017,11,22,120,20.8,0.1733
GA,2017,12,23,121,27.2,0.2248
HI,2017,1,12,9,5.4,0.6
HI,2017,2,13,5,0.8,0.16
HI,2017,3,14,12,5.2,0.4333
HI,2017,4,15,8,3.5,0.4375
HI,2017,5,16,14,5.6,0.4
HI,2017,6,17,5,1.2,0.24
HI,2017,7,18,5,5.0,1.0
HI,2017,8,19,10,2.0,0.2
HI,2017,9,20,10,4.4,0.44
HI,2017,10,21,8,2.4,0.3
HI,2017,11,22,8,4.5,0.5625
HI,2017,12,23,13,1.9,0.1462
ID,2017,1,12,8,0.4,0.05
ID,2017,2,13,9,0.4,0.0444
ID,2017,3,14,13,3.2,0.2462
ID,2017,4,15,18,3.4,0.1889
ID,2017,5,16,29,6.1,0.2103
ID,2017,6,17,33,7.1,0.2152
ID,2017,7,18,26,8.8,0.3385
ID,2017,8,19,21,4.7,0.2238
ID,2017,9,20,20,8.7,0.435
ID,2017,10,21,24,4.5,0.1875
ID,2017,11,22,20,6.1,0.305
ID,2017,12,23,24,10.4,0.4333
IL,2017,1,12,69,21.5,0.3116
IL,2017,2,13,79,31.0,0.3924
IL,2017,3,14,62,17.3,0.279
IL,2017,4,15,88,30.5,0.3466
IL,2017,5,16,107,32.3,0.3019
IL,2017,6,17,113,39.0,0.3451
IL,2017,7,18,110,30.4,0.2764
IL,2017,8,19,108,35.8,0.3315
IL,2017,9,20,106,29.1,0.2745
IL,2017,10,21,87,31.9,0.3667
IL,2017,11,22,82,26.4,0.322
IL,2017,12,23,79,31.9,0.4038
IN,2017,1,12,58,18.6,0.3207
IN,2017,2,13,54,15.1,0.2796
IN,2017,3,14,81,19.9,0.2457
IN,2017,4,15,66,21.0,0.3182
IN,2017,5,16,85,26.1,0.3071
IN,2017,6,17,105,27.7,0.2638
IN,2017,7,18,102,26.5,0.2598
IN,2017,8,19,75,21.3,0.284
IN,2017,9,20,78,21.9,0.2808
IN,2017,10,21,79,22.5,0.2848
IN,2017,11,22,68,19.7,0.2897
IN,2017,12,23,65,18.9,0.2908
IA,2017,1,12,20,7.1,0.355
IA,2017,2,13,20,4.3,0.215
IA,2017,3,14,23,3.9,0.1696
IA,2017,4,15,26,9.0,0.3462
IA,2017,5,16,23,4.5,0.1957
IA,2017,6,17,30,5.9,0.1967
IA,2017,7,18,32,11.3,0.3531
IA,2017,8,19,36,11.1,0.3083
IA,2017,9,20,45,12.9,0.2867
IA,2017,10,21,34,7.7,0.2265
IA,2017,11,22,15,5.5,0.3667
IA,2017,12,23,26,7.7,0.2962
KS,2017,1,12,35,7.5,0.2143
KS,2017,2,13,29,4.4,0.1517
KS,2017,3,14,44,12.7,0.2886
KS,2017,4,15,33,7.0,0.2121
KS,2017,5,16,32,8.3,0.2594
KS,2017,6,17,42,10.2,0.2429
KS,2017,7,18,56,7.5,0.1339
KS,2017,8,19,38,11.7,0.3079
KS,2017,9,20,46,11.5,0.25
KS,2017,10,21,35,6.6,0.1886
KS,2017,11,22,35,10.7,0.3057
KS,2017,12,23,36,7.4,0.2056
KY,2017,1,12,37,4.4,0.1189
KY,2017,2,13,64,8.7,0.1359
KY,2017,3,14,71,14.1,0.1986
KY,2017,4,15,60,16.9,0.2817
KY,2017,5,16,63,18.9,0.3
KY,2017,6,17,63,12.2,0.1937
KY,2017,7,18,68,19.5,0.2868
KY,2017,8,19,77,22.7,0.2948
KY,2017,9,20,65,17.8,0.2738
KY,2017,10,21,93,26.5,0.2849
KY,2017,11,22,67,10.1,0.1507
KY,2017,12,23,54,10.6,0.1963
LA,2017,1,12,61,15.0,0.2459
LA,2017,2,13,52,14.2,0.2731
LA,2017,3,14,76,17.7,0.2329
LA,2017,4,15,80,21.6,0.27
LA,2017,5,16,77,22.8,0.2961
LA,2017,6,17,62,21.0,0.3387
LA,2017,7,18,51,15.9,0.3118
LA,2017,8,19,57,18.3,0.3211
LA,2017,9,20,61,16.0,0.2623
LA,2017,10,21,63,16.3,0.2587
LA,2017,11,22,64,15.4,0.2406
LA,2017,12,23,66,19.7,0.2985
ME,2017,1,12,16,2.0,0.125
ME,2017,2,13,8,1.9,0.2375
ME,2017,3,14,6,1.5,0.25
ME,2017,4,15,7,1.5,0.2143
ME,2017,5,16,13,2.3,0.1769
ME,2017,6,17,14,4.2,0.3
ME,2017,7,18,14,3.9,0.2786
ME,2017,8,19,24,9.8,0.4083
ME,2017,9,20,28,7.4,0.2643
ME,2017,10,21,18,8.2,0.4556
ME,2017,11,22,13,2.7,0.2077
ME,2017,12,23,12,2.1,0.175
MD,2017,1,12,41,9.7,0.2366
MD,2017,2,13,35,12.4,0.3543
MD,2017,3,14,48,10.0,0.2083
MD,2017,4,15,46,18.1,0.3935
MD,2017,5,16,41,13.3,0.3244
MD,2017,6,17,47,12.8,0.2723
MD,2017,7,18,60,23.2,0.3867
MD,2017,8,19,46,24.7,0.537
MD,2017,9,20,50,18.7,0.374
MD,2017,10,21,53,14.0,0.2642
MD,2017,11,22,37,10.0,0.2703
MD,2017,12,23,54,19.1,0.3537
MA,2017,1,12,34,13.8,0.4059
MA,2017,2,13,27,8.4,0.3111
MA,2017,3,14,26,10.7,0.4115
MA,2017,4,15,34,13.1,0.3853
MA,2017,5,16,30,11.4,0.38
MA,2017,6,17,25,13.9,0.556
MA,2017,7,18,34,9.4,0.2765
MA,2017,8,19,30,9.7,0.3233
MA,2017,9,20,29,12.1,0.4172
MA,2017,10,21,29,7.0,0.2414
MA,2017,11,22,27,6.0,0.2222
MA,2017,12,23,22,6.2,0.2818
MI,2017,1,12,82,22.1,0.2695
MI,2017,2,13,60,19.1,0.3183
MI,2017,3,14,79,24.8,0.3139
MI,2017,4,15,81,28.8,0.3556
MI,2017,5,16,86,37.5,0.436
MI,2017,6,17,105,24.6,0.2343
MI,2017,7,18,97,21.2,0.2186
MI,2017,8,19,85,24.1,0.2835
MI,2017,9,20,103,26.6,0.2583
MI,2017,10,21,83,26.7,0.3217
MI,2017,11,22,87,24.6,0.2828
MI,2017,12,23,83,22.7,0.2735
MN,2017,1,12,24,3.5,0.1458
MN,2017,2,13,23,4.5,0.1957
MN,2017,3,14,19,6.1,0.3211
MN,2017,4,15,24,4.1,0.1708
MN,2017,5,16,31,10.0,0.3226
MN,2017,6,17,41,12.8,0.3122
MN,2017,7,18,35,9.3,0.2657
MN,2017,8,19,36,7.4,0.2056
MN,2017,9,20,39,9.8,0.2513
MN,2017,10,21,40,8.7,0.2175
MN,2017,11,22,19,4.1,0.2158
MN,2017,12,23,27,4.3,0.1593
MS,2017,1,12,57,13.0,0.2281
MS,2017,2,13,41,8.8,0.2146
MS,2017,3,14,62,14.5,0.2339
MS,2017,4,15,52,12.4,0.2385
MS,2017,5,16,64,7.0,0.1094
MS,2017,6,17,60,15.1,0.2517
MS,2017,7,18,47,12.8,0.2723
MS,2017,8,19,51,9.3,0.1824
MS,2017,9,20,71,18.5,0.2606
MS,2017,10,21,62,15.0,0.2419
MS,2017,11,22,55,14.7,0.2673
MS,2017,12,23,63,16.0,0.254
MO,2017,1,12,64,16.7,0.2609
MO,2017,2,13,58,13.7,0.2362
MO,2017,3,14,78,21.4,0.2744
MO,2017,4,15,78,17.2,0.2205
MO,2017,5,16,62,12.3,0.1984
MO,2017,6,17,85,25.1,0.2953
MO,2017,7,18,86,25.5,0.2965
MO,2017,8,19,85,21.8,0.2565
MO,2017,9,20,79,18.6,0.2354
MO,2017,10,21,91,18.8,0.2066
MO,2017,11,22,86,32.4,0.3767
MO,2017,12,23,80,24.8,0.31
MT,2017,1,12,7,0.0,0.0
MT,2017,2,13,14,5.2,0.3714
MT,2017,3,14,9,2.0,0.2222
MT,2017,4,15,8,2.9,0.3625
MT,2017,5,16,23,9.9,0.4304
MT,2017,6,17,16,5.2,0.325
MT,2017,7,18,28,7.7,0.275
MT,2017,8,19,25,6.5,0.26
MT,2017,9,20,18,5.0,0.2778
MT,2017,10,21,16,7.5,0.4688
MT,2017,11,22,9,2.0,0.2222
MT,2017,12,23,13,3.0,0.2308
NE,2017,1,12,21,7.7,0.3667
NE,2017,2,13,16,5.0,0.3125
NE,2017,3,14,18,6.6,0.3667
NE,2017,4,15,10,2.0,0.2
NE,2017,5,16,13,2.2,0.1692
NE,2017,6,17,23,11.8,0.513
NE,2017,7,18,26,6.2,0.2385
NE,2017,8,19,28,6.6,0.2357
NE,2017,9,20,16,6.3,0.3938
NE,2017,10,21,15,3.9,0.26
NE,2017,11,22,21,3.9,0.1857
NE,2017,12,23,21,5.7,0.2714
NV,2017,1,12,32,11.3,0.3531
NV,2017,2,13,24,8.2,0.3417
NV,2017,3,14,24,5.5,0.2292
NV,2017,4,15,25,6.5,0.26
NV,2017,5,16,23,7.1,0.3087
NV,2017,6,17,26,9.9,0.3808
NV,2017,7,18,27,7.1,0.263
NV,2017,8,19,16,3.8,0.2375
NV,2017,9,20,37,10.3,0.2784
NV,2017,10,21,28,8.9,0.3179
NV,2017,11,22,26,3.5,0.1346
NV,2017,12,23,23,2.6,0.113
NH,2017,1,12,8,2.1,0.2625
NH,2017,2,13,7,3.0,0.4286
NH,2017,3,14,9,1.8,0.2
NH,2017,4,15,8,2.0,0.25
NH,2017,5,16,12,2.8,0.2333
NH,2017,6,17,10,3.5,0.35
NH,2017,7,18,9,1.3,0.1444
NH,2017,8,19,2,0.0,0.0
NH,2017,9,20,14,4.1,0.2929
NH,2017,10,21,9,3.4,0.3778
NH,2017,11,22,6,0.0,0.0
NH,2017,12,23,8,2.0,0.25
NJ,2017,1,12,45,5.6,0.1244
NJ,2017,2,13,25,2.5,0.1
NJ,2017,3,14,45,7.7,0.1711
NJ,2017,4,15,44,9.6,0.2182
NJ,2017,5,16,45,7.1,0.1578
NJ,2017,6,17,59,15.4,0.261
NJ,2017,7,18,62,13.1,0.2113
NJ,2017,8,19,51,8.4,0.1647
NJ,2017,9,20,62,14.8,0.2387
NJ,2017,10,21,65,15.5,0.2385
NJ,2017,11,22,64,14.7,0.2297
NJ,2017,12,23,57,6.6,0.1158
NM,2017,1,12,32,12.7,0.3969
NM,2017,2,13,29,9.5,0.3276
NM,2017,3,14,29,8.7,0.3
NM,2017,4,15,28,13.3,0.475
NM,2017,5,16,32,7.5,0.2344
NM,2017,6,17,34,9.0,0.2647
NM,2017,7,18,26,6.7,0.2577
NM,2017,8,19,37,5.8,0.1568
NM,2017,9,20,33,10.8,0.3273
NM,2017,10,21,42,11.9,0.2833
NM,2017,11,22,22,6.9,0.3136
NM,2017,12,23,36,10.3,0.2861
NY,2017,1,12,84,21.8,0.2595
NY,2017,2,13,63,21.0,0.3333
NY,2017,3,14,59,16.9,0.2864
NY,2017,4,15,82,26.8,0.3268
NY,2017,5,16,81,19.2,0.237
NY,2017,6,17,82,21.4,0.261
NY,2017,7,18,109,28.2,0.2587
NY,2017,8,19,101,33.7,0.3337
NY,2017,9,20,105,30.6,0.2914
NY,2017,10,21,84,26.5,0.3155
NY,2017,11,22,86,25.3,0.2942
NY,2017,12,23,70,17.6,0.2514
NC,2017,1,12,104,23.8,0.2288
NC,2017,2,13,129,42.6,0.3302
NC,2017,3,14,97,23.3,0.2402
NC,2017,4,15,115,38.9,0.3383
NC,2017,5,16,120,29.3,0.2442
NC,2017,6,17,115,30.7,0.267
NC,2017,7,18,109,31.3,0.2872
NC,2017,8,19,106,31.6,0.2981
NC,2017,9,20,142,42.0,0.2958
NC,2017,10,21,153,42.8,0.2797
NC,2017,11,22,110,30.1,0.2736
NC,2017,12,23,112,32.6,0.2911
ND,2017,1,12,7,3.1,0.4429
ND,2017,2,13,6,1.1,0.1833
ND,2017,3,14,9,5.1,0.5667
ND,2017,4,15,13,6.2,0.4769
ND,2017,5,16,8,4.3,0.5375
ND,2017,6,17,11,3.2,0.2909
ND,2017,7,18,15,5.8,0.3867
ND,2017,8,19,17,6.5,0.3824
ND,2017,9,20,10,3.1,0.31
ND,2017,10,21,8,5.1,0.6375
ND,2017,11,22,6,1.6,0.2667
ND,2017,12,23,6,1.4,0.2333
OH,2017,1,12,89,28.2,0.3169
OH,2017,2,13,67,20.3,0.303
OH,2017,3,14,82,23.5,0.2866
OH,2017,4,15,79,24.1,0.3051
OH,2017,5,16,81,19.7,0.2432
OH,2017,6,17,111,26.1,0.2351
OH,2017,7,18,106,27.7,0.2613
OH,2017,8,19,118,30.8,0.261
OH,2017,9,20,132,44.0,0.3333
OH,2017,10,21,113,30.2,0.2673
OH,2017,11,22,117,27.2,0.2325
OH,2017,12,23,84,26.9,0.3202
OK,2017,1,12,43,9.0,0.2093
OK,2017,2,13,42,14.6,0.3476
OK,2017,3,14,55,10.1,0.1836
OK,2017,4,15,53,11.9,0.2245
OK,2017,5,16,49,9.9,0.202
OK,2017,6,17,47,11.1,0.2362
OK,2017,7,18,71,18.3,0.2577
OK,2017,8,19,56,14.2,0.2536
OK,2017,9,20,54,12.9,0.2389
OK,2017,10,21,54,12.9,0.2389
OK,2017,11,22,70,18.2,0.26
OK,2017,12,23,63,18.0,0.2857
OR,2017,1,12,24,1.2,0.05
OR,2017,2,13,17,6.0,0.3529
OR,2017,3,14,34,11.4,0.3353
OR,2017,4,15,29,8.0,0.2759
OR,2017,5,16,35,12.6,0.36
OR,2017,6,17,48,17.5,0.3646
OR,2017,7,18,46,17.0,0.3696
OR,2017,8,19,36,9.0,0.25
OR,2017,9,20,38,16.7,0.4395
OR,2017,10,21,47,24.8,0.5277
OR,2017,11,22,41,9.3,0.2268
OR,2017,12,23,44,10.7,0.2432
PA,2017,1,12,97,31.8,0.3278
PA,2017,2,13,73,16.3,0.2233
PA,2017,3,14,73,22.1,0.3027
PA,2017,4,15,94,32.6,0.3468
PA,2017,5,16,87,24.3,0.2793
PA,2017,6,17,113,32.1,0.2841
PA,2017,7,18,124,35.5,0.2863
PA,2017,8,19,100,25.9,0.259
PA,2017,9,20,100,27.9,0.279
PA,2017,10,21,120,28.7,0.2392
PA,2017,11,22,69,15.6,0.2261
PA,2017,12,23,87,28.7,0.3299
RI,2017,1,12,3,0.3,0.1
RI,2017,2,13,9,3.7,0.4111
RI,2017,3,14,3,0.2,0.0667
RI,2017,4,15,8,4.1,0.5125
RI,2017,5,16,7,2.2,0.3143
RI,2017,6,17,9,6.3,0.7
RI,2017,7,18,7,3.3,0.4714
RI,2017,8,19,12,5.9,0.4917
RI,2017,9,20,3,2.0,0.6667
RI,2017,10,21,12,4.0,0.3333
RI,2017,11,22,7,3.8,0.5429
RI,2017,12,23,4,0.2,0.05
SC,2017,1,12,83,28.1,0.3386
SC,2017,2,13,79,31.2,0.3949
SC,2017,3,14,82,28.8,0.3512
SC,2017,4,15,93,24.1,0.2591
SC,2017,5,16,102,33.8,0.3314
SC,2017,6,17,76,21.1,0.2776
SC,2017,7,18,76,22.5,0.2961
SC,2017,8,19,66,15.5,0.2348
SC,2017,9,20,79,27.8,0.3519
SC,2017,10,21,90,24.2,0.2689
SC,2017,11,22,80,21.3,0.2662
SC,2017,12,23,83,26.9,0.3241
SD,2017,1,12,6,0.1,0.0167
SD,2017,2,13,1,0.0,0.0
SD,2017,3,14,8,3.3,0.4125
SD,2017,4,15,4,1.6,0.4
SD,2017,5,16,14,3.0,0.2143
SD,2017,6,17,5,1.1,0.22
SD,2017,7,18,17,6.5,0.3824
SD,2017,8,19,16,3.1,0.1938
SD,2017,9,20,16,5.7,0.3562
SD,2017,10,21,14,3.0,0.2143
SD,2017,11,22,18,8.1,0.45
SD,2017,12,23,10,0.7,0.07
TN,2017,1,12,82,22.2,0.2707
TN,2017,2,13,74,18.3,0.2473
TN,2017,3,14,77,18.8,0.2442
TN,2017,4,15,82,21.9,0.2671
TN,2017,5,16,91,17.4,0.1912
TN,2017,6,17,79,13.9,0.1759
TN,2017,7,18,119,32.1,0.2697
TN,2017,8,19,80,24.0,0.3
TN,2017,9,20,91,23.5,0.2582
TN,2017,10,21,86,20.1,0.2337
TN,2017,11,22,81,21.6,0.2667
TN,2017,12,23,82,18.3,0.2232
TX,2017,1,12,293,113.0,0.3857
TX,2017,2,13,258,100.2,0.3884
TX,2017,3,14,332,130.6,0.3934
TX,2017,4,15,287,109.2,0.3805
TX,2017,5,16,302,122.9,0.407
TX,2017,6,17,287,110.5,0.385
TX,2017,7,18,352,138.1,0.3923
TX,2017,8,19,306,126.8,0.4144
TX,2017,9,20,296,101.6,0.3432
TX,2017,10,21,338,142.1,0.4204
TX,2017,11,22,351,147.9,0.4214
TX,2017,12,23,330,119.6,0.3624
UT,2017,1,12,17,1.0,0.0588
UT,2017,2,13,22,0.7,0.0318
UT,2017,3,14,17,2.6,0.1529
UT,2017,4,15,19,3.2,0.1684
UT,2017,5,16,23,5.8,0.2522
UT,2017,6,17,25,5.9,0.236
UT,2017,7,18,27,6.8,0.2519
UT,2017,8,19,27,6.7,0.2481
UT,2017,9,20,29,6.5,0.2241
UT,2017,10,21,18,1.3,0.0722
UT,2017,11,22,31,8.6,0.2774
UT,2017,12,23,18,2.9,0.1611
VT,2017,1,12,3,1.3,0.4333
VT,2017,2,13,8,2.1,0.2625
VT,2017,3,14,4,1.1,0.275
VT,2017,4,15,2,0.0,0.0
VT,2017,5,16,3,1.0,0.3333
VT,2017,6,17,6,1.1,0.1833
VT,2017,7,18,5,3.0,0.6
VT,2017,8,19,11,0.3,0.0273
VT,2017,9,20,11,5.7,0.5182
VT,2017,10,21,6,0.2,0.0333
VT,2017,11,22,7,1.1,0.1571
VT,2017,12,23,3,1.2,0.4
VA,2017,1,12,53,11.6,0.2189
VA,2017,2,13,46,13.4,0.2913
VA,2017,3,14,66,22.3,0.3379
VA,2017,4,15,76,24.9,0.3276
VA,2017,5,16,65,16.3,0.2508
VA,2017,6,17,80,19.2,0.24
VA,2017,7,18,70,22.9,0.3271
VA,2017,8,19,84,22.2,0.2643
VA,2017,9,20,76,26.2,0.3447
VA,2017,10,21,75,17.6,0.2347
VA,2017,11,22,77,27.7,0.3597
VA,2017,12,23,71,20.3,0.2859
WA,2017,1,12,45,17.0,0.3778
WA,2017,2,13,37,8.6,0.2324
WA,2017,3,14,33,10.4,0.3152
WA,2017,4,15,35,9.8,0.28
WA,2017,5,16,48,15.9,0.3312
WA,2017,6,17,40,13.5,0.3375
WA,2017,7,18,71,22.7,0.3197
WA,2017,8,19,58,19.0,0.3276
WA,2017,9,20,60,19.3,0.3217
WA,2017,10,21,48,15.3,0.3188
WA,2017,11,22,40,9.9,0.2475
WA,2017,12,23,48,15.7,0.3271
WV,2017,1,12,20,4.5,0.225
WV,2017,2,13,10,5.9,0.59
WV,2017,3,14,17,3.2,0.1882
WV,2017,4,15,35,10.4,0.2971
WV,2017,5,16,31,5.7,0.1839
WV,2017,6,17,26,6.3,0.2423
WV,2017,7,18,33,5.6,0.1697
WV,2017,8,19,27,6.2,0.2296
WV,2017,9,20,21,2.7,0.1286
WV,2017,10,21,34,9.3,0.2735
WV,2017,11,22,30,5.7,0.19
WV,2017,12,23,20,6.2,0.31
WI,2017,1,12,39,11.3,0.2897
WI,2017,2,13,41,14.9,0.3634
WI,2017,3,14,33,6.0,0.1818
WI,2017,4,15,52,16.6,0.3192
WI,2017,5,16,49,8.8,0.1796
WI,2017,6,17,64,21.0,0.3281
WI,2017,7,18,74,27.5,0.3716
WI,2017,8,19,59,17.5,0.2966
WI,2017,9,20,51,14.7,0.2882
WI,2017,10,21,61,15.7,0.2574
WI,2017,11,22,50,17.0,0.34
WI,2017,12,23,40,14.4,0.36
WY,2017,1,12,6,2.9,0.4833
WY,2017,2,13,4,1.3,0.325
WY,2017,3,14,11,4.8,0.4364
WY,2017,4,15,12,5.6,0.4667
WY,2017,5,16,7,3.5,0.5
WY,2017,6,17,27,11.0,0.4074
WY,2017,7,18,16,10.4,0.65
WY,2017,8,19,19,3.1,0.1632
WY,2017,9,20,7,1.7,0.2429
WY,2017,10,21,5,0.8,0.16
WY,2017,11,22,5,0.3,0.06
WY,2017,12,23,4,1.0,0.25
AL,2018,1,24,93,29.8,0.3204
AL,2018,2,25,67,16.1,0.2403
AL,2018,3,26,80,23.5,0.2938
AL,2018,4,27,88,24.7,0.2807
AL,2018,5,28,74,19.9,0.2689
AL,2018,6,29,67,15.8,0.2358
AL,2018,7,30,78,13.9,0.1782
AL,2018,8,31,85,24.6,0.2894
AL,2018,9,32,70,18.0,0.2571
AL,2018,10,33,97,25.0,0.2577
AL,2018,11,34,84,18.4,0.219
AL,2018,12,35,70,20.3,0.29
AK,2018,1,24,7,4.3,0.6143
AK,2018,2,25,1,0.2,0.2
AK,2018,3,26,7,5.2,0.7429
AK,2018,4,27,4,2.0,0.5
AK,2018,5,28,5,1.3,0.26
AK,2018,6,29,7,3.3,0.4714
AK,2018,7,30,12,1.4,0.1167
AK,2018,8,31,5,1.0,0.2
AK,2018,9,32,11,3.6,0.3273
AK,2018,10,33,12,2.1,0.175
AK,2018,11,34,5,1.6,0.32
AK,2018,12,35,4,0.8,0.2
AZ,2018,1,24,101,30.7,0.304
AZ,2018,2,25,72,20.5,0.2847
AZ,2018,3,26,96,28.1,0.2927
AZ,2018,4,27,92,27.6,0.3
AZ,2018,5,28,89,27.5,0.309
AZ,2018,6,29,70,24.2,0.3457
AZ,2018,7,30,80,23.1,0.2888
AZ,2018,8,31,71,27.1,0.3817
AZ,2018,9,32,99,32.8,0.3313
AZ,2018,10,33,86,23.2,0.2698
AZ,2018,11,34,67,16.2,0.2418
AZ,2018,12,35,88,21.9,0.2489
AR,2018,1,24,29,8.6,0.2966
AR,2018,2,25,31,8.1,0.2613
AR,2018,3,26,41,12.1,0.2951
AR,2018,4,27,41,9.0,0.2195
AR,2018,5,28,53,14.6,0.2755
AR,2018,6,29,55,15.3,0.2782
AR,2018,7,30,47,9.3,0.1979
AR,2018,8,31,49,15.7,0.3204
AR,2018,9,32,56,12.5,0.2232
AR,2018,10,33,42,10.5,0.25
AR,2018,11,34,41,12.1,0.2951
AR,2018,12,35,35,6.7,0.1914
CA,2018,1,24,337,98.4,0.292
CA,2018,2,25,279,81.4,0.2918
CA,2018,3,26,319,102.0,0.3197
CA,2018,4,27,293,96.1,0.328
CA,2018,5,28,314,97.5,0.3105
CA,2018,6,29,303,89.3,0.2947
CA,2018,7,30,317,99.1,0.3126
CA,2018,8,31,320,83.4,0.2606
CA,2018,9,32,338,93.7,0.2772
CA,2018,10,33,315,89.3,0.2835
CA,2018,11,34,341,87.8,0.2575
CA,2018,12,35,322,98.2,0.305
CO,2018,1,24,49,15.6,0.3184
CO,2018,2,25,32,9.5,0.2969
CO,2018,3,26,41,14.7,0.3585
CO,2018,4,27,52,15.4,0.2962
CO,2018,5,28,52,15.7,0.3019
CO,2018,6,29,67,20.2,0.3015
CO,2018,7,30,62,15.9,0.2565
CO,2018,8,31,64,17.9,0.2797
CO,2018,9,32,59,18.2,0.3085
CO,2018,10,33,57,19.4,0.3404
CO,2018,11,34,43,6.9,0.1605
CO,2018,12,35,54,22.3,0.413
CT,2018,1,24,21,7.4,0.3524
CT,2018,2,25,19,8.9,0.4684
CT,2018,3,26,14,3.4,0.2429
CT,2018,4,27,27,12.4,0.4593
CT,2018,5,28,25,14.0,0.56
CT,2018,6,29,27,7.4,0.2741
CT,2018,7,30,37,16.7,0.4514
CT,2018,8,31,27,10.4,0.3852
CT,2018,9,32,21,9.0,0.4286
CT,2018,10,33,24,6.6,0.275
CT,2018,11,34,28,11.0,0.3929
CT,2018,12,35,23,12.6,0.5478
DE,2018,1,24,7,2.4,0.3429
DE,2018,2,25,4,0.1,0.025
DE,2018,3,26,10,3.4,0.34
DE,2018,4,27,8,2.3,0.2875
DE,2018,5,28,13,2.3,0.1769
DE,2018,6,29,4,0.0,0.0
DE,2018,7,30,17,5.2,0.3059
DE,2018,8,31,11,2.9,0.2636
DE,2018,9,32,7,0.2,0.0286
DE,2018,10,33,8,1.3,0.1625
DE,2018,11,34,10,5.2,0.52
DE,2018,12,35,12,2.7,0.225
DC,2018,1,24,1,0.2,0.2
DC,2018,3,26,4,1.6,0.4
DC,2018,4,27,1,0.3,0.3
DC,2018,5,28,4,0.5,0.125
DC,2018,6,29,2,0.4,0.2
DC,2018,7,30,5,2.2,0.44
DC,2018,8,31,1,0.1,0.1
DC,2018,9,32,5,1.4,0.28
DC,2018,10,33,4,1.3,0.325
DC,2018,12,35,4,0.1,0.025
FL,2018,1,24,278,73.6,0.2647
FL,2018,2,25,243,48.9,0.2012
FL,2018,3,26,292,71.3,0.2442
FL,2018,4,27,268,75.1,0.2802
FL,2018,5,28,260,64.0,0.2462
FL,2018,6,29,256,66.9,0.2613
FL,2018,7,30,194,52.3,0.2696
FL,2018,8,31,230,58.5,0.2543
FL,2018,9,32,259,82.7,0.3193
FL,2018,10,33,303,68.5,0.2261
FL,2018,11,34,239,64.4,0.2695
FL,2018,12,35,313,97.5,0.3115
GA,2018,1,24,97,26.0,0.268
GA,2018,2,25,116,26.5,0.2284
GA,2018,3,26,125,20.8,0.1664
GA,2018,4,27,115,26.9,0.2339
GA,2018,5,28,143,41.9,0.293
GA,2018,6,29,129,36.0,0.2791
GA,2018,7,30,142,32.0,0.2254
GA,2018,8,31,115,34.6,0.3009
GA,2018,9,32,127,33.6,0.2646
GA,2018,10,33,131,34.8,0.2656
GA,2018,11,34,128,33.3,0.2602
GA,2018,12,35,137,32.9,0.2401
HI,2018,1,24,7,3.4,0.4857
HI,2018,2,25,8,0.5,0.0625
HI,2018,3,26,10,4.1,0.41
HI,2018,4,27,5,1.1,0.22
HI,2018,5,28,8,3.2,0.4
HI,2018,6,29,11,4.0,0.3636
HI,2018,7,30,17,7.7,0.4529
HI,2018,8,31,9,2.1,0.2333
HI,2018,9,32,15,5.2,0.3467
HI,2018,10,33,10,2.2,0.22
HI,2018,11,34,7,2.1,0.3
HI,2018,12,35,10,2.0,0.2
ID,2018,1,24,10,2.1,0.21
ID,2018,2,25,11,3.5,0.3182
ID,2018,3,26,9,1.1,0.1222
ID,2018,4,27,17,2.6,0.1529
ID,2018,5,28,22,11.0,0.5
ID,2018,6,29,32,8.2,0.2562
ID,2018,7,30,30,6.7,0.2233
ID,2018,8,31,28,4.4,0.1571
ID,2018,9,32,28,8.3,0.2964
ID,2018,10,33,22,3.8,0.1727
ID,2018,11,34,10,3.2,0.32
ID,2018,12,35,15,1.3,0.0867
IL,2018,1,24,96,26.0,0.2708
IL,2018,2,25,56,19.3,0.3446
IL,2018,3,26,82,22.3,0.272
IL,2018,4,27,76,28.9,0.3803
IL,2018,5,28,97,24.1,0.2485
IL,2018,6,29,88,29.4,0.3341
IL,2018,7,30,111,43.0,0.3874
IL,2018,8,31,93,28.2,0.3032
IL,2018,9,32,102,33.2,0.3255
IL,2018,10,33,77,23.8,0.3091
IL,2018,11,34,83,23.5,0.2831
IL,2018,12,35,74,23.3,0.3149
IN,2018,1,24,54,9.8,0.1815
IN,2018,2,25,66,23.8,0.3606
IN,2018,3,26,72,11.5,0.1597
IN,2018,4,27,55,15.0,0.2727
IN,2018,5,28,76,23.0,0.3026
IN,2018,6,29,62,23.0,0.371
IN,2018,7,30,78,17.5,0.2244
IN,2018,8,31,82,13.7,0.1671
IN,2018,9,32,86,25.7,0.2988
IN,2018,10,33,84,15.0,0.1786
IN,2018,11,34,62,14.5,0.2339
IN,2018,12,35,83,21.5,0.259
IA,2018,1,24,25,6.2,0.248
IA,2018,2,25,25,5.3,0.212
IA,2018,3,26,12,7.0,0.5833
IA,2018,4,27,28,9.8,0.35
IA,2018,5,28,23,7.1,0.3087
IA,2018,6,29,39,10.7,0.2744
IA,2018,7,30,32,7.9,0.2469
IA,2018,8,31,31,6.3,0.2032
IA,2018,9,32,25,4.6,0.184
IA,2018,10,33,24,6.6,0.275
IA,2018,11,34,29,11.5,0.3966
IA,2018,12,35,26,7.6,0.2923
KS,2018,1,24,32,7.4,0.2312
KS,2018,2,25,25,1.9,0.076
KS,2018,3,26,26,5.7,0.2192
KS,2018,4,27,36,7.7,0.2139
KS,2018,5,28,36,9.9,0.275
KS,2018,6,29,51,8.9,0.1745
KS,2018,7,30,35,6.6,0.1886
KS,2018,8,31,32,6.0,0.1875
KS,2018,9,32,36,9.8,0.2722
KS,2018,10,33,35,2.5,0.0714
KS,2018,11,34,30,7.2,0.24
KS,2018,12,35,31,7.7,0.2484
KY,2018,1,24,45,8.5,0.1889
KY,2018,2,25,54,15.3,0.2833
KY,2018,3,26,51,9.6,0.1882
KY,2018,4,27,49,11.3,0.2306
KY,2018,5,28,68,10.2,0.15
KY,2018,6,29,57,15.6,0.2737
KY,2018,7,30,79,15.0,0.1899
KY,2018,8,31,70,9.5,0.1357
KY,2018,9,32,66,7.8,0.1182
KY,2018,10,33,73,16.0,0.2192
KY,2018,11,34,57,9.2,0.1614
KY,2018,12,35,55,9.6,0.1745
LA,2018,1,24,53,8.5,0.1604
LA,2018,2,25,50,12.3,0.246
LA,2018,3,26,61,16.4,0.2689
LA,2018,4,27,65,22.6,0.3477
LA,2018,5,28,76,27.2,0.3579
LA,2018,6,29,72,16.5,0.2292
LA,2018,7,30,57,20.1,0.3526
LA,2018,8,31,70,21.1,0.3014
LA,2018,9,32,75,25.7,0.3427
LA,2018,10,33,74,15.9,0.2149
LA,2018,11,34,57,13.8,0.2421
LA,2018,12,35,61,20.6,0.3377
ME,2018,1,24,7,1.6,0.2286
ME,2018,2,25,2,0.0,0.0
ME,2018,3,26,3,1.0,0.3333
ME,2018,4,27,10,1.5,0.15
ME,2018,5,28,16,6.9,0.4312
ME,2018,6,29,20,4.1,0.205
ME,2018,7,30,11,5.1,0.4636
ME,2018,8,31,16,4.2,0.2625
ME,2018,9,32,15,5.8,0.3867
ME,2018,10,33,13,5.3,0.4077
ME,2018,11,34,12,1.7,0.1417
ME,2018,12,35,11,1.3,0.1182
MD,2018,1,24,31,11.9,0.3839
MD,2018,2,25,34,10.1,0.2971
MD,2018,3,26,35,5.0,0.1429
MD,2018,4,27,41,13.8,0.3366
MD,2018,5,28,54,16.7,0.3093
MD,2018,6,29,52,17.1,0.3288
MD,2018,7,30,30,6.9,0.23
MD,2018,8,31,47,11.5,0.2447
MD,2018,9,32,47,11.0,0.234
MD,2018,10,33,52,9.4,0.1808
MD,2018,11,34,47,5.6,0.1191
MD,2018,12,35,42,9.5,0.2262
MA,2018,1,24,36,11.4,0.3167
MA,2018,2,25,25,5.5,0.22
MA,2018,3,26,15,4.3,0.2867
MA,2018,4,27,35,16.5,0.4714
MA,2018,5,28,31,11.6,0.3742
MA,2018,6,29,30,9.9,0.33
MA,2018,7,30,38,16.4,0.4316
MA,2018,8,31,27,7.9,0.2926
MA,2018,9,32,28,11.1,0.3964
MA,2018,10,33,29,9.8,0.3379
MA,2018,11,34,30,8.2,0.2733
MA,2018,12,35,31,9.2,0.2968
MI,2018,1,24,55,8.8,0.16
MI,2018,2,25,60,15.5,0.2583
MI,2018,3,26,67,24.0,0.3582
MI,2018,4,27,74,25.6,0.3459
MI,2018,5,28,90,24.9,0.2767
MI,2018,6,29,81,23.1,0.2852
MI,2018,7,30,95,29.1,0.3063
MI,2018,8,31,129,33.4,0.2589
MI,2018,9,32,114,35.3,0.3096
MI,2018,10,33,79,22.0,0.2785
MI,2018,11,34,68,20.8,0.3059
MI,2018,12,35,65,21.2,0.3262
MN,2018,1,24,22,3.9,0.1773
MN,2018,2,25,19,4.3,0.2263
MN,2018,3,26,18,6.5,0.3611
MN,2018,4,27,26,13.9,0.5346
MN,2018,5,28,36,13.0,0.3611
MN,2018,6,29,34,11.2,0.3294
MN,2018,7,30,40,10.3,0.2575
MN,2018,8,31,33,10.2,0.3091
MN,2018,9,32,43,8.2,0.1907
MN,2018,10,33,45,8.0,0.1778
MN,2018,11,34,30,8.7,0.29
MN,2018,12,35,35,6.5,0.1857
MS,2018,1,24,59,17.1,0.2898
MS,2018,2,25,46,13.4,0.2913
MS,2018,3,26,53,16.7,0.3151
MS,2018,4,27,54,14.1,0.2611
MS,2018,5,28,55,5.9,0.1073
MS,2018,6,29,52,12.8,0.2462
MS,2018,7,30,54,14.8,0.2741
MS,2018,8,31,59,11.9,0.2017
MS,2018,9,32,43,12.8,0.2977
MS,2018,10,33,77,17.4,0.226
MS,2018,11,34,67,20.3,0.303
MS,2018,12,35,44,9.2,0.2091
MO,2018,1,24,69,15.6,0.2261
MO,2018,2,25,54,15.1,0.2796
MO,2018,3,26,67,16.1,0.2403
MO,2018,4,27,65,17.8,0.2738
MO,2018,5,28,91,27.1,0.2978
MO,2018,6,29,80,31.5,0.3938
MO,2018,7,30,85,19.3,0.2271
MO,2018,8,31,108,29.3,0.2713
MO,2018,9,32,86,24.0,0.2791
MO,2018,10,33,73,17.1,0.2342
MO,2018,11,34,69,18.0,0.2609
MO,2018,12,35,74,15.1,0.2041
MT,2018,1,24,13,4.0,0.3077
MT,2018,2,25,6,2.2,0.3667
MT,2018,3,26,2,1.0,0.5
MT,2018,4,27,17,6.0,0.3529
MT,2018,5,28,10,6.6,0.66
MT,2018,6,29,17,10.8,0.6353
MT,2018,7,30,29,12.5,0.431
MT,2018,8,31,20,7.2,0.36
MT,2018,9,32,15,7.8,0.52
MT,2018,10,33,15,6.0,0.4
MT,2018,11,34,20,5.4,0.27
MT,2018,12,35,17,10.2,0.6
NE,2018,1,24,15,5.4,0.36
NE,2018,2,25,18,3.1,0.1722
NE,2018,3,26,17,3.2,0.1882
NE,2018,4,27,13,1.8,0.1385
NE,2018,5,28,27,4.4,0.163
NE,2018,6,29,12,2.5,0.2083
NE,2018,7,30,25,4.4,0.176
NE,2018,8,31,12,7.3,0.6083
NE,2018,9,32,29,9.2,0.3172
NE,2018,10,33,29,17.0,0.5862
NE,2018,11,34,17,5.1,0.3
NE,2018,12,35,16,4.7,0.2938
NV,2018,1,24,22,4.5,0.2045
NV,2018,2,25,30,5.0,0.1667
NV,2018,3,26,29,9.7,0.3345
NV,2018,4,27,19,4.0,0.2105
NV,2018,5,28,31,9.5,0.3065
NV,2018,6,29,31,8.2,0.2645
NV,2018,7,30,28,11.0,0.3929
NV,2018,8,31,36,9.4,0.2611
NV,2018,9,32,37,14.2,0.3838
NV,2018,10,33,26,4.1,0.1577
NV,2018,11,34,19,4.2,0.2211
NV,2018,12,35,21,4.1,0.1952
NH,2018,1,24,7,0.5,0.0714
NH,2018,2,25,5,2.2,0.44
NH,2018,3,26,8,1.6,0.2
NH,2018,4,27,9,4.2,0.4667
NH,2018,5,28,13,4.3,0.3308
NH,2018,6,29,12,7.6,0.6333
NH,2018,7,30,26,9.1,0.35
NH,2018,8,31,12,3.9,0.325
NH,2018,9,32,16,2.7,0.1688
NH,2018,10,33,10,2.4,0.24
NH,2018,11,34,17,5.3,0.3118
NH,2018,12,35,12,2.4,0.2
NJ,2018,1,24,52,12.2,0.2346
NJ,2018,2,25,41,5.1,0.1244
NJ,2018,3,26,24,3.9,0.1625
NJ,2018,4,27,45,10.0,0.2222
NJ,2018,5,28,50,15.0,0.3
NJ,2018,6,29,51,15.3,0.3
NJ,2018,7,30,59,12.7,0.2153
NJ,2018,8,31,36,9.7,0.2694
NJ,2018,9,32,44,3.7,0.0841
NJ,2018,10,33,59,8.4,0.1424
NJ,2018,11,34,55,15.5,0.2818
NJ,2018,12,35,47,15.8,0.3362
NM,2018,1,24,23,8.0,0.3478
NM,2018,2,25,26,7.5,0.2885
NM,2018,3,26,28,8.3,0.2964
NM,2018,4,27,30,8.8,0.2933
NM,2018,5,28,29,7.6,0.2621
NM,2018,6,29,37,10.6,0.2865
NM,2018,7,30,37,15.4,0.4162
NM,2018,8,31,43,7.4,0.1721
NM,2018,9,32,34,9.8,0.2882
NM,2018,10,33,44,13.6,0.3091
NM,2018,11,34,33,6.7,0.203
NM,2018,12,35,28,9.3,0.3321
NY,2018,1,24,50,17.9,0.358
NY,2018,2,25,70,25.7,0.3671
NY,2018,3,26,56,19.0,0.3393
NY,2018,4,27,56,19.9,0.3554
NY,2018,5,28,68,23.9,0.3515
NY,2018,6,29,103,34.9,0.3388
NY,2018,7,30,89,31.9,0.3584
NY,2018,8,31,104,38.1,0.3663
NY,2018,9,32,111,42.6,0.3838
NY,2018,10,33,85,21.9,0.2576
NY,2018,11,34,85,23.7,0.2788
NY,2018,12,35,87,25.6,0.2943
NC,2018,1,24,126,31.0,0.246
NC,2018,2,25,111,29.9,0.2694
NC,2018,3,26,108,28.1,0.2602
NC,2018,4,27,122,37.1,0.3041
NC,2018,5,28,123,30.8,0.2504
NC,2018,6,29,147,46.6,0.317
NC,2018,7,30,116,30.9,0.2664
NC,2018,8,31,120,40.2,0.335
NC,2018,9,32,115,32.2,0.28
NC,2018,10,33,127,39.0,0.3071
NC,2018,11,34,141,49.6,0.3518
NC,2018,12,35,80,23.3,0.2912
ND,2018,1,24,6,1.1,0.1833
ND,2018,2,25,1,0.0,0.0
ND,2018,3,26,7,0.4,0.0571
ND,2018,4,27,6,2.0,0.3333
ND,2018,5,28,6,1.1,0.1833
ND,2018,6,29,12,2.2,0.1833
ND,2018,7,30,12,1.6,0.1333
ND,2018,8,31,10,3.3,0.33
ND,2018,9,32,14,6.6,0.4714
ND,2018,10,33,15,5.6,0.3733
ND,2018,11,34,6,1.8,0.3
ND,2018,12,35,10,2.1,0.21
OH,2018,1,24,70,17.6,0.2514
OH,2018,2,25,63,20.9,0.3317
OH,2018,3,26,89,20.5,0.2303
OH,2018,4,27,70,16.8,0.24
OH,2018,5,28,102,28.9,0.2833
OH,2018,6,29,117,33.3,0.2846
OH,2018,7,30,105,32.9,0.3133
OH,2018,8,31,102,24.9,0.2441
OH,2018,9,32,99,26.0,0.2626
OH,2018,10,33,97,26.5,0.2732
OH,2018,11,34,69,20.3,0.2942
OH,2018,12,35,85,28.0,0.3294
OK,2018,1,24,48,6.0,0.125
OK,2018,2,25,49,7.4,0.151
OK,2018,3,26,56,14.3,0.2554
OK,2018,4,27,42,8.3,0.1976
OK,2018,5,28,62,17.1,0.2758
OK,2018,6,29,75,16.0,0.2133
OK,2018,7,30,61,14.3,0.2344
OK,2018,8,31,59,14.2,0.2407
OK,2018,9,32,51,7.9,0.1549
OK,2018,10,33,63,15.3,0.2429
OK,2018,11,34,44,15.8,0.3591
OK,2018,12,35,45,10.0,0.2222
OR,2018,1,24,31,9.0,0.2903
OR,2018,2,25,23,9.7,0.4217
OR,2018,3,26,47,13.1,0.2787
OR,2018,4,27,28,10.6,0.3786
OR,2018,5,28,41,12.6,0.3073
OR,2018,6,29,55,20.8,0.3782
OR,2018,7,30,49,11.6,0.2367
OR,2018,8,31,51,17.4,0.3412
OR,2018,9,32,52,11.2,0.2154
OR,2018,10,33,44,17.5,0.3977
OR,2018,11,34,35,10.6,0.3029
OR,2018,12,35,46,12.4,0.2696
PA,2018,1,24,96,21.9,0.2281
PA,2018,2,25,79,17.9,0.2266
PA,2018,3,26,88,24.9,0.283
PA,2018,4,27,80,26.7,0.3338
PA,2018,5,28,92,26.3,0.2859
PA,2018,6,29,93,27.8,0.2989
PA,2018,7,30,114,37.8,0.3316
PA,2018,8,31,109,34.5,0.3165
PA,2018,9,32,119,38.1,0.3202
PA,2018,10,33,128,33.0,0.2578
PA,2018,11,34,101,20.3,0.201
PA,2018,12,35,91,30.5,0.3352
RI,2018,1,24,5,3.3,0.66
RI,2018,2,25,4,2.6,0.65
RI,2018,3,26,2,0.0,0.0
RI,2018,4,27,5,2.9,0.58
RI,2018,5,28,5,0.3,0.06
RI,2018,6,29,6,2.1,0.35
RI,2018,7,30,5,1.0,0.2
RI,2018,8,31,2,0.3,0.15
RI,2018,9,32,8,2.1,0.2625
RI,2018,10,33,7,2.9,0.4143
RI,2018,11,34,5,2.7,0.54
RI,2018,12,35,5,2.2,0.44
SC,2018,1,24,64,19.5,0.3047
SC,2018,2,25,73,25.1,0.3438
SC,2018,3,26,79,22.8,0.2886
SC,2018,4,27,94,25.2,0.2681
SC,2018,5,28,105,29.0,0.2762
SC,2018,6,29,93,28.6,0.3075
SC,2018,7,30,68,15.0,0.2206
SC,2018,8,31,108,33.9,0.3139
SC,2018,9,32,90,25.8,0.2867
SC,2018,10,33,109,26.9,0.2468
SC,2018,11,34,79,17.6,0.2228
SC,2018,12,35,74,20.9,0.2824
SD,2018,1,24,10,4.0,0.4
SD,2018,2,25,5,4.0,0.8
SD,2018,3,26,12,1.0,0.0833
SD,2018,4,27,6,2.0,0.3333
SD,2018,5,28,17,7.6,0.4471
SD,2018,6,29,11,1.0,0.0909
SD,2018,7,30,12,8.1,0.675
SD,2018,8,31,18,6.3,0.35
SD,2018,9,32,5,1.0,0.2
SD,2018,10,33,10,1.4,0.14
SD,2018,11,34,12,6.4,0.5333
SD,2018,12,35,12,2.8,0.2333
TN,2018,1,24,68,15.6,0.2294
TN,2018,2,25,66,13.8,0.2091
TN,2018,3,26,81,21.3,0.263
TN,2018,4,27,68,16.3,0.2397
TN,2018,5,28,89,18.6,0.209
TN,2018,6,29,102,26.4,0.2588
TN,2018,7,30,104,26.9,0.2587
TN,2018,8,31,101,21.6,0.2139
TN,2018,9,32,102,24.3,0.2382
TN,2018,10,33,79,21.9,0.2772
TN,2018,11,34,93,20.6,0.2215
TN,2018,12,35,87,16.1,0.1851
TX,2018,1,24,323,128.2,0.3969
TX,2018,2,25,280,122.8,0.4386
TX,2018,3,26,310,117.1,0.3777
TX,2018,4,27,288,124.4,0.4319
TX,2018,5,28,321,128.4,0.4
TX,2018,6,29,313,117.2,0.3744
TX,2018,7,30,319,136.7,0.4285
TX,2018,8,31,280,118.6,0.4236
TX,2018,9,32,264,100.7,0.3814
TX,2018,10,33,332,124.9,0.3762
TX,2018,11,34,332,140.1,0.422
TX,2018,12,35,286,111.9,0.3913
UT,2018,1,24,15,2.2,0.1467
UT,2018,2,25,14,4.9,0.35
UT,2018,3,26,23,5.3,0.2304
UT,2018,4,27,16,4.8,0.3
UT,2018,5,28,21,4.7,0.2238
UT,2018,6,29,28,2.6,0.0929
UT,2018,7,30,30,3.7,0.1233
UT,2018,8,31,37,9.3,0.2514
UT,2018,9,32,28,9.7,0.3464
UT,2018,10,33,25,9.5,0.38
UT,2018,11,34,11,2.3,0.2091
UT,2018,12,35,12,2.6,0.2167
VT,2018,1,24,2,1.0,0.5
VT,2018,2,25,4,0.1,0.025
VT,2018,3,26,1,0.0,0.0
VT,2018,4,27,5,2.0,0.4
VT,2018,5,28,4,1.2,0.3
VT,2018,6,29,10,1.1,0.11
VT,2018,7,30,10,3.0,0.3
VT,2018,8,31,5,2.0,0.4
VT,2018,9,32,9,1.2,0.1333
VT,2018,10,33,3,1.1,0.3667
VT,2018,11,34,5,1.0,0.2
VT,2018,12,35,10,1.2,0.12
VA,2018,1,24,59,16.2,0.2746
VA,2018,2,25,64,22.3,0.3484
VA,2018,3,26,65,26.5,0.4077
VA,2018,4,27,63,17.0,0.2698
VA,2018,5,28,64,19.1,0.2984
VA,2018,6,29,75,15.1,0.2013
VA,2018,7,30,76,25.3,0.3329
VA,2018,8,31,55,20.7,0.3764
VA,2018,9,32,71,22.7,0.3197
VA,2018,10,33,92,21.8,0.237
VA,2018,11,34,70,20.2,0.2886
VA,2018,12,35,66,17.8,0.2697
WA,2018,1,24,34,6.4,0.1882
WA,2018,2,25,30,10.8,0.36
WA,2018,3,26,41,9.4,0.2293
WA,2018,4,27,31,16.6,0.5355
WA,2018,5,28,42,13.3,0.3167
WA,2018,6,29,55,23.2,0.4218
WA,2018,7,30,76,22.7,0.2987
WA,2018,8,31,50,16.6,0.332
WA,2018,9,32,35,9.1,0.26
WA,2018,10,33,53,16.7,0.3151
WA,2018,11,34,49,10.9,0.2224
WA,2018,12,35,43,9.7,0.2256
WV,2018,1,24,14,1.3,0.0929
WV,2018,2,25,14,5.8,0.4143
WV,2018,3,26,26,2.3,0.0885
WV,2018,4,27,27,4.9,0.1815
WV,2018,5,28,24,6.9,0.2875
WV,2018,6,29,28,9.8,0.35
WV,2018,7,30,20,3.9,0.195
WV,2018,8,31,30,7.2,0.24
WV,2018,9,32,33,4.8,0.1455
WV,2018,10,33,33,4.1,0.1242
WV,2018,11,34,27,4.0,0.1481
WV,2018,12,35,18,3.0,0.1667
WI,2018,1,24,54,22.9,0.4241
WI,2018,2,25,37,9.6,0.2595
WI,2018,3,26,34,17.7,0.5206
WI,2018,4,27,31,13.3,0.429
WI,2018,5,28,48,20.1,0.4188
WI,2018,6,29,65,19.8,0.3046
WI,2018,7,30,69,27.2,0.3942
WI,2018,8,31,58,16.3,0.281
WI,2018,9,32,60,20.1,0.335
WI,2018,10,33,54,18.2,0.337
WI,2018,11,34,38,10.3,0.2711
WI,2018,12,35,41,10.2,0.2488
WY,2018,1,24,5,0.2,0.04
WY,2018,2,25,4,0.3,0.075
WY,2018,3,26,11,3.5,0.3182
WY,2018,4,27,6,3.1,0.5167
WY,2018,5,28,13,4.5,0.3462
WY,2018,6,29,7,1.4,0.2
WY,2018,7,30,15,4.1,0.2733
WY,2018,8,31,8,3.3,0.4125
WY,2018,9,32,17,8.8,0.5176
WY,2018,10,33,12,4.4,0.3667
WY,2018,11,34,8,2.0,0.25
WY,2018,12,35,5,0.3,0.06
AL,2019,1,36,79,24.8,0.3139
AL,2019,2,37,48,10.8,0.225
AL,2019,3,38,74,20.5,0.277
AL,2019,4,39,66,22.5,0.3409
AL,2019,5,40,90,21.0,0.2333
AL,2019,6,41,93,33.4,0.3591
AL,2019,7,42,80,22.6,0.2825
AL,2019,8,43,74,20.7,0.2797
AL,2019,9,44,76,26.2,0.3447
AL,2019,10,45,99,33.6,0.3394
AL,2019,11,46,70,12.9,0.1843
AL,2019,12,47,81,22.5,0.2778
AK,2019,1,36,8,0.8,0.1
AK,2019,2,37,2,0.0,0.0
AK,2019,3,38,5,2.0,0.4
AK,2019,4,39,4,2.0,0.5
AK,2019,5,40,3,2.0,0.6667
AK,2019,6,41,8,1.0,0.125
AK,2019,7,42,6,2.2,0.3667
AK,2019,8,43,4,1.0,0.25
AK,2019,9,44,6,1.0,0.1667
AK,2019,10,45,6,2.0,0.3333
AK,2019,11,46,7,4.9,0.7
AK,2019,12,47,8,3.2,0.4
AZ,2019,1,36,88,32.0,0.3636
AZ,2019,2,37,76,17.8,0.2342
AZ,2019,3,38,89,23.0,0.2584
AZ,2019,4,39,98,25.9,0.2643
AZ,2019,5,40,83,21.2,0.2554
AZ,2019,6,41,73,17.9,0.2452
AZ,2019,7,42,83,24.7,0.2976
AZ,2019,8,43,71,16.3,0.2296
AZ,2019,9,44,72,20.1,0.2792
AZ,2019,10,45,92,19.9,0.2163
AZ,2019,11,46,91,23.6,0.2593
AZ,2019,12,47,63,17.0,0.2698
AR,2019,1,36,41,10.9,0.2659
AR,2019,2,37,25,8.3,0.332
AR,2019,3,38,36,11.8,0.3278
AR,2019,4,39,51,13.5,0.2647
AR,2019,5,40,51,10.6,0.2078
AR,2019,6,41,43,13.7,0.3186
AR,2019,7,42,38,10.0,0.2632
AR,2019,8,43,55,14.0,0.2545
AR,2019,9,44,51,10.0,0.1961
AR,2019,10,45,29,6.2,0.2138
AR,2019,11,46,46,9.5,0.2065
AR,2019,12,47,45,12.8,0.2844
CA,2019,1,36,299,74.7,0.2498
CA,2019,2,37,257,70.3,0.2735
CA,2019,3,38,268,72.7,0.2713
CA,2019,4,39,264,61.5,0.233
CA,2019,5,40,304,89.2,0.2934
CA,2019,6,41,333,100.0,0.3003
CA,2019,7,42,306,85.3,0.2788
CA,2019,8,43,340,78.6,0.2312
CA,2019,9,44,329,90.5,0.2751
CA,2019,10,45,347,96.8,0.279
CA,2019,11,46,359,82.8,0.2306
CA,2019,12,47,313,65.8,0.2102
CO,2019,1,36,34,4.9,0.1441
CO,2019,2,37,28,11.7,0.4179
CO,2019,3,38,41,7.3,0.178
CO,2019,4,39,51,12.6,0.2471
CO,2019,5,40,48,9.2,0.1917
CO,2019,6,41,55,15.7,0.2855
CO,2019,7,42,68,19.2,0.2824
CO,2019,8,43,77,21.7,0.2818
CO,2019,9,44,52,18.5,0.3558
CO,2019,10,45,52,11.9,0.2288
CO,2019,11,46,52,18.6,0.3577
CO,2019,12,47,39,8.5,0.2179
CT,2019,1,36,21,6.1,0.2905
CT,2019,2,37,12,4.2,0.35
CT,2019,3,38,16,8.8,0.55
CT,2019,4,39,10,5.3,0.53
CT,2019,5,40,18,5.0,0.2778
CT,2019,6,41,24,11.4,0.475
CT,2019,7,42,28,12.7,0.4536
CT,2019,8,43,38,15.7,0.4132
CT,2019,9,44,23,7.5,0.3261
CT,2019,10,45,30,14.1,0.47
CT,2019,11,46,16,3.4,0.2125
CT,2019,12,47,13,3.9,0.3
DE,2019,1,36,5,1.1,0.22
DE,2019,2,37,5,0.7,0.14
DE,2019,3,38,9,1.6,0.1778
DE,2019,4,39,5,0.5,0.1
DE,2019,5,40,14,4.7,0.3357
DE,2019,6,41,9,2.5,0.2778
DE,2019,7,42,15,5.9,0.3933
DE,2019,8,43,12,0.3,0.025
DE,2019,9,44,19,3.4,0.1789
DE,2019,10,45,20,5.5,0.275
DE,2019,11,46,10,3.1,0.31
DE,2019,12,47,9,2.4,0.2667
DC,2019,2,37,2,0.0,0.0
DC,2019,3,38,1,0.4,0.4
DC,2019,4,39,6,2.6,0.4333
DC,2019,5,40,3,0.7,0.2333
DC,2019,8,43,2,0.0,0.0
DC,2019,9,44,1,0.5,0.5
DC,2019,10,45,4,0.7,0.175
DC,2019,11,46,2,1.3,0.65
DC,2019,12,47,2,0.7,0.35
FL,2019,1,36,249,47.8,0.192
FL,2019,2,37,282,57.7,0.2046
FL,2019,3,38,321,83.0,0.2586
FL,2019,4,39,279,77.6,0.2781
FL,2019,5,40,273,62.2,0.2278
FL,2019,6,41,251,64.0,0.255
FL,2019,7,42,228,62.5,0.2741
FL,2019,8,43,245,56.3,0.2298
FL,2019,9,44,241,59.1,0.2452
FL,2019,10,45,233,59.1,0.2536
FL,2019,11,46,303,79.0,0.2607
FL,2019,12,47,280,70.8,0.2529
GA,2019,1,36,126,39.5,0.3135
GA,2019,2,37,100,24.0,0.24
GA,2019,3,38,140,33.9,0.2421
GA,2019,4,39,115,22.5,0.1957
GA,2019,5,40,139,29.0,0.2086
GA,2019,6,41,126,35.7,0.2833
GA,2019,7,42,124,36.3,0.2927
GA,2019,8,43,138,33.4,0.242
GA,2019,9,44,134,26.3,0.1963
GA,2019,10,45,103,18.8,0.1825
GA,2019,11,46,127,26.0,0.2047
GA,2019,12,47,120,30.2,0.2517
HI,2019,1,36,14,6.3,0.45
HI,2019,2,37,10,3.4,0.34
HI,2019,3,38,8,1.7,0.2125
HI,2019,4,39,5,3.0,0.6
HI,2019,5,40,11,3.1,0.2818
HI,2019,6,41,11,2.4,0.2182
HI,2019,7,42,7,2.4,0.3429
HI,2019,8,43,6,1.2,0.2
HI,2019,9,44,2,0.0,0.0
HI,2019,10,45,7,2.4,0.3429
HI,2019,11,46,20,8.9,0.445
HI,2019,12,47,7,1.1,0.1571
ID,2019,1,36,8,2.1,0.2625
ID,2019,2,37,22,4.4,0.2
ID,2019,3,38,11,3.2,0.2909
ID,2019,4,39,14,7.1,0.5071
ID,2019,5,40,20,4.4,0.22
ID,2019,6,41,19,3.2,0.1684
ID,2019,7,42,33,8.4,0.2545
ID,2019,8,43,31,14.8,0.4774
ID,2019,9,44,17,4.2,0.2471
ID,2019,10,45,19,8.1,0.4263
ID,2019,11,46,14,3.7,0.2643
ID,2019,12,47,16,5.3,0.3312
IL,2019,1,36,51,12.5,0.2451
IL,2019,2,37,44,14.0,0.3182
IL,2019,3,38,81,28.3,0.3494
IL,2019,4,39,84,24.9,0.2964
IL,2019,5,40,87,19.8,0.2276
IL,2019,6,41,94,32.3,0.3436
IL,2019,7,42,105,31.4,0.299
IL,2019,8,43,114,41.3,0.3623
IL,2019,9,44,84,30.7,0.3655
IL,2019,10,45,97,24.6,0.2536
IL,2019,11,46,93,25.6,0.2753
IL,2019,12,47,75,25.9,0.3453
IN,2019,1,36,42,5.6,0.1333
IN,2019,2,37,71,14.7,0.207
IN,2019,3,38,46,11.7,0.2543
IN,2019,4,39,56,17.4,0.3107
IN,2019,5,40,72,20.7,0.2875
IN,2019,6,41,74,18.7,0.2527
IN,2019,7,42,81,18.0,0.2222
IN,2019,8,43,76,24.0,0.3158
IN,2019,9,44,81,21.1,0.2605
IN,2019,10,45,75,18.6,0.248
IN,2019,11,46,65,17.1,0.2631
IN,2019,12,47,71,12.2,0.1718
IA,2019,1,36,21,4.0,0.1905
IA,2019,2,37,20,1.5,0.075
IA,2019,3,38,22,4.5,0.2045
IA,2019,4,39,22,8.1,0.3682
IA,2019,5,40,30,5.4,0.18
IA,2019,6,41,35,12.8,0.3657
IA,2019,7,42,32,11.2,0.35
IA,2019,8,43,31,11.1,0.3581
IA,2019,9,44,39,10.5,0.2692
IA,2019,10,45,21,8.9,0.4238
IA,2019,11,46,35,13.3,0.38
IA,2019,12,47,28,10.2,0.3643
KS,2019,1,36,32,5.5,0.1719
KS,2019,2,37,22,1.8,0.0818
KS,2019,3,38,40,7.0,0.175
KS,2019,4,39,34,5.4,0.1588
KS,2019,5,40,39,6.0,0.1538
KS,2019,6,41,32,6.5,0.2031
KS,2019,7,42,46,12.7,0.2761
KS,2019,8,43,33,10.5,0.3182
KS,2019,9,44,29,5.9,0.2034
KS,2019,10,45,42,8.8,0.2095
KS,2019,11,46,32,6.8,0.2125
KS,2019,12,47,29,10.0,0.3448
KY,2019,1,36,51,15.2,0.298
KY,2019,2,37,54,10.1,0.187
KY,2019,3,38,54,12.0,0.2222
KY,2019,4,39,55,6.9,0.1255
KY,2019,5,40,76,21.8,0.2868
KY,2019,6,41,65,11.4,0.1754
KY,2019,7,42,76,17.8,0.2342
KY,2019,8,43,80,14.5,0.1812
KY,2019,9,44,72,18.3,0.2542
KY,2019,10,45,53,4.2,0.0792
KY,2019,11,46,46,11.2,0.2435
KY,2019,12,47,50,7.1,0.142
LA,2019,1,36,49,13.3,0.2714
LA,2019,2,37,53,17.1,0.3226
LA,2019,3,38,47,21.7,0.4617
LA,2019,4,39,73,17.6,0.2411
LA,2019,5,40,69,16.5,0.2391
LA,2019,6,41,59,13.7,0.2322
LA,2019,7,42,62,19.9,0.321
LA,2019,8,43,62,16.6,0.2677
LA,2019,9,44,65,24.4,0.3754
LA,2019,10,45,60,19.4,0.3233
LA,2019,11,46,58,13.5,0.2328
LA,2019,12,47,70,20.0,0.2857
ME,2019,1,36,11,2.6,0.2364
ME,2019,2,37,6,2.0,0.3333
ME,2019,3,38,8,0.1,0.0125
ME,2019,4,39,11,4.4,0.4
ME,2019,5,40,13,3.9,0.3
ME,2019,6,41,17,4.6,0.2706
ME,2019,7,42,25,3.8,0.152
ME,2019,8,43,19,8.3,0.4368
ME,2019,9,44,15,9.3,0.62
ME,2019,10,45,11,3.0,0.2727
ME,2019,11,46,9,4.1,0.4556
ME,2019,12,47,12,3.2,0.2667
MD,2019,1,36,34,5.0,0.1471
MD,2019,2,37,48,25.1,0.5229
MD,2019,3,38,35,12.2,0.3486
MD,2019,4,39,42,14.7,0.35
MD,2019,5,40,49,12.6,0.2571
MD,2019,6,41,39,11.1,0.2846
MD,2019,7,42,45,12.8,0.2844
MD,2019,8,43,56,15.7,0.2804
MD,2019,9,44,59,15.9,0.2695
MD,2019,10,45,45,10.6,0.2356
MD,2019,11,46,39,12.0,0.3077
MD,2019,12,47,44,19.8,0.45
MA,2019,1,36,22,8.3,0.3773
MA,2019,2,37,29,14.2,0.4897
MA,2019,3,38,26,8.9,0.3423
MA,2019,4,39,26,8.8,0.3385
MA,2019,5,40,21,4.2,0.2
MA,2019,6,41,37,16.7,0.4514
MA,2019,7,42,31,7.9,0.2548
MA,2019,8,43,28,13.4,0.4786
MA,2019,9,44,34,7.9,0.2324
MA,2019,10,45,26,6.7,0.2577
MA,2019,11,46,31,8.0,0.2581
MA,2019,12,47,25,6.9,0.276
MI,2019,1,36,77,20.5,0.2662
MI,2019,2,37,54,15.4,0.2852
MI,2019,3,38,67,29.2,0.4358
MI,2019,4,39,62,17.7,0.2855
MI,2019,5,40,90,31.3,0.3478
MI,2019,6,41,85,20.6,0.2424
MI,2019,7,42,103,26.0,0.2524
MI,2019,8,43,96,25.6,0.2667
MI,2019,9,44,88,22.2,0.2523
MI,2019,10,45,113,21.1,0.1867
MI,2019,11,46,78,13.6,0.1744
MI,2019,12,47,73,20.6,0.2822
MN,2019,1,36,26,5.9,0.2269
MN,2019,2,37,18,1.6,0.0889
MN,2019,3,38,22,3.3,0.15
MN,2019,4,39,18,7.4,0.4111
MN,2019,5,40,25,6.2,0.248
MN,2019,6,41,43,11.6,0.2698
MN,2019,7,42,36,7.7,0.2139
MN,2019,8,43,48,12.2,0.2542
MN,2019,9,44,30,7.2,0.24
MN,2019,10,45,42,6.5,0.1548
MN,2019,11,46,31,8.4,0.271
MN,2019,12,47,25,7.0,0.28
MS,2019,1,36,46,11.6,0.2522
MS,2019,2,37,46,15.5,0.337
MS,2019,3,38,42,12.7,0.3024
MS,2019,4,39,57,16.2,0.2842
MS,2019,5,40,69,16.6,0.2406
MS,2019,6,41,54,10.1,0.187
MS,2019,7,42,51,15.5,0.3039
MS,2019,8,43,68,13.1,0.1926
MS,2019,9,44,55,9.4,0.1709
MS,2019,10,45,51,19.6,0.3843
MS,2019,11,46,46,10.6,0.2304
MS,2019,12,47,57,15.0,0.2632
MO,2019,1,36,58,16.8,0.2897
MO,2019,2,37,53,12.0,0.2264
MO,2019,3,38,53,13.2,0.2491
MO,2019,4,39,62,18.3,0.2952
MO,2019,5,40,67,29.6,0.4418
MO,2019,6,41,86,24.4,0.2837
MO,2019,7,42,92,21.8,0.237
MO,2019,8,43,98,23.9,0.2439
MO,2019,9,44,80,15.4,0.1925
MO,2019,10,45,84,19.6,0.2333
MO,2019,11,46,75,21.1,0.2813
MO,2019,12,47,73,19.9,0.2726
MT,2019,1,36,12,5.0,0.4167
MT,2019,2,37,4,1.0,0.25
MT,2019,3,38,4,1.2,0.3
MT,2019,4,39,11,3.6,0.3273
MT,2019,5,40,19,7.0,0.3684
MT,2019,6,41,24,9.8,0.4083
MT,2019,7,42,27,11.4,0.4222
MT,2019,8,43,31,11.2,0.3613
MT,2019,9,44,20,3.5,0.175
MT,2019,10,45,11,7.0,0.6364
MT,2019,11,46,11,3.1,0.2818
MT,2019,12,47,10,2.4,0.24
NE,2019,1,36,8,1.5,0.1875
NE,2019,2,37,19,4.4,0.2316
NE,2019,3,38,17,5.8,0.3412
NE,2019,4,39,19,5.2,0.2737
NE,2019,5,40,24,9.2,0.3833
NE,2019,6,41,24,11.2,0.4667
NE,2019,7,42,20,2.3,0.115
NE,2019,8,43,28,4.1,0.1464
NE,2019,9,44,26,3.3,0.1269
NE,2019,10,45,23,3.4,0.1478
NE,2019,11,46,19,4.4,0.2316
NE,2019,12,47,21,5.2,0.2476
NV,2019,1,36,24,4.4,0.1833
NV,2019,2,37,18,4.6,0.2556
NV,2019,3,38,23,4.4,0.1913
NV,2019,4,39,23,9.0,0.3913
NV,2019,5,40,27,7.5,0.2778
NV,2019,6,41,19,5.2,0.2737
NV,2019,7,42,23,8.8,0.3826
NV,2019,8,43,25,5.2,0.208
NV,2019,9,44,31,7.1,0.229
NV,2019,10,45,21,7.6,0.3619
NV,2019,11,46,31,12.0,0.3871
NV,2019,12,47,39,13.2,0.3385
NH,2019,1,36,6,3.7,0.6167
NH,2019,2,37,4,0.1,0.025
NH,2019,3,38,4,3.0,0.75
NH,2019,4,39,6,3.1,0.5167
NH,2019,5,40,4,3.1,0.775
NH,2019,6,41,19,10.7,0.5632
NH,2019,7,42,18,4.5,0.25
NH,2019,8,43,10,1.1,0.11
NH,2019,9,44,12,4.0,0.3333
NH,2019,10,45,8,4.2,0.525
NH,2019,11,46,6,0.3,0.05
NH,2019,12,47,4,0.3,0.075
NJ,2019,1,36,45,11.6,0.2578
NJ,2019,2,37,40,9.2,0.23
NJ,2019,3,38,34,5.1,0.15
NJ,2019,4,39,41,6.1,0.1488
NJ,2019,5,40,44,11.9,0.2705
NJ,2019,6,41,45,11.4,0.2533
NJ,2019,7,42,49,15.4,0.3143
NJ,2019,8,43,52,14.0,0.2692
NJ,2019,9,44,65,12.7,0.1954
NJ,2019,10,45,61,13.7,0.2246
NJ,2019,11,46,31,7.0,0.2258
NJ,2019,12,47,51,10.7,0.2098
NM,2019,1,36,34,8.8,0.2588
NM,2019,2,37,28,5.7,0.2036
NM,2019,3,38,42,13.2,0.3143
NM,2019,4,39,26,8.6,0.3308
NM,2019,5,40,41,10.4,0.2537
NM,2019,6,41,27,5.2,0.1926
NM,2019,7,42,45,12.0,0.2667
NM,2019,8,43,41,11.0,0.2683
NM,2019,9,44,35,12.3,0.3514
NM,2019,10,45,36,10.8,0.3
NM,2019,11,46,28,7.4,0.2643
NM,2019,12,47,42,20.9,0.4976
NY,2019,1,36,63,14.6,0.2317
NY,2019,2,37,58,22.9,0.3948
NY,2019,3,38,42,7.9,0.1881
NY,2019,4,39,62,14.1,0.2274
NY,2019,5,40,89,32.3,0.3629
NY,2019,6,41,82,22.2,0.2707
NY,2019,7,42,108,24.6,0.2278
NY,2019,8,43,95,29.7,0.3126
NY,2019,9,44,96,27.7,0.2885
NY,2019,10,45,91,22.0,0.2418
NY,2019,11,46,68,20.2,0.2971
NY,2019,12,47,80,17.8,0.2225
NC,2019,1,36,99,36.6,0.3697
NC,2019,2,37,90,18.1,0.2011
NC,2019,3,38,107,30.7,0.2869
NC,2019,4,39,121,27.9,0.2306
NC,2019,5,40,143,34.7,0.2427
NC,2019,6,41,150,33.7,0.2247
NC,2019,7,42,118,40.1,0.3398
NC,2019,8,43,111,28.6,0.2577
NC,2019,9,44,143,37.6,0.2629
NC,2019,10,45,135,28.9,0.2141
NC,2019,11,46,133,40.8,0.3068
NC,2019,12,47,107,29.7,0.2776
ND,2019,1,36,3,1.0,0.3333
ND,2019,2,37,4,1.1,0.275
ND,2019,3,38,9,6.1,0.6778
ND,2019,4,39,9,2.0,0.2222
ND,2019,5,40,10,3.1,0.31
ND,2019,6,41,10,4.6,0.46
ND,2019,7,42,17,7.5,0.4412
ND,2019,8,43,9,6.5,0.7222
ND,2019,9,44,15,5.4,0.36
ND,2019,10,45,5,3.0,0.6
ND,2019,11,46,2,0.0,0.0
ND,2019,12,47,7,1.7,0.2429
OH,2019,1,36,70,22.5,0.3214
OH,2019,2,37,68,17.7,0.2603
OH,2019,3,38,95,38.0,0.4
OH,2019,4,39,70,20.9,0.2986
OH,2019,5,40,98,28.9,0.2949
OH,2019,6,41,100,26.7,0.267
OH,2019,7,42,108,34.5,0.3194
OH,2019,8,43,123,38.0,0.3089
OH,2019,9,44,123,26.5,0.2154
OH,2019,10,45,105,33.8,0.3219
OH,2019,11,46,99,36.5,0.3687
OH,2019,12,47,94,40.5,0.4309
OK,2019,1,36,49,11.0,0.2245
OK,2019,2,37,35,6.6,0.1886
OK,2019,3,38,50,17.5,0.35
OK,2019,4,39,44,11.5,0.2614
OK,2019,5,40,45,10.7,0.2378
OK,2019,6,41,63,17.7,0.281
OK,2019,7,42,75,13.3,0.1773
OK,2019,8,43,45,14.9,0.3311
OK,2019,9,44,52,11.7,0.225
OK,2019,10,45,62,7.9,0.1274
OK,2019,11,46,56,16.3,0.2911
OK,2019,12,47,64,17.6,0.275
OR,2019,1,36,34,6.8,0.2
OR,2019,2,37,30,8.6,0.2867
OR,2019,3,38,45,16.6,0.3689
OR,2019,4,39,31,9.2,0.2968
OR,2019,5,40,30,8.5,0.2833
OR,2019,6,41,56,23.9,0.4268
OR,2019,7,42,47,18.8,0.4
OR,2019,8,43,50,14.5,0.29
OR,2019,9,44,56,24.5,0.4375
OR,2019,10,45,36,11.3,0.3139
OR,2019,11,46,42,16.3,0.3881
OR,2019,12,47,36,11.5,0.3194
PA,2019,1,36,76,14.6,0.1921
PA,2019,2,37,71,24.0,0.338
PA,2019,3,38,72,19.7,0.2736
PA,2019,4,39,104,28.8,0.2769
PA,2019,5,40,91,26.2,0.2879
PA,2019,6,41,111,32.9,0.2964
PA,2019,7,42,94,19.0,0.2021
PA,2019,8,43,86,29.4,0.3419
PA,2019,9,44,99,32.4,0.3273
PA,2019,10,45,94,28.0,0.2979
PA,2019,11,46,66,17.9,0.2712
PA,2019,12,47,95,26.2,0.2758
RI,2019,1,36,7,1.7,0.2429
RI,2019,2,37,2,0.0,0.0
RI,2019,3,38,3,2.0,0.6667
RI,2019,4,39,5,1.0,0.2
RI,2019,5,40,3,2.6,0.8667
RI,2019,6,41,6,3.2,0.5333
RI,2019,7,42,7,1.4,0.2
RI,2019,8,43,4,2.0,0.5
RI,2019,9,44,5,2.3,0.46
RI,2019,10,45,5,4.0,0.8
RI,2019,11,46,6,3.0,0.5
RI,2019,12,47,4,0.4,0.1
SC,2019,1,36,86,24.1,0.2802
SC,2019,2,37,61,16.0,0.2623
SC,2019,3,38,85,20.9,0.2459
SC,2019,4,39,80,24.6,0.3075
SC,2019,5,40,99,34.6,0.3495
SC,2019,6,41,68,18.0,0.2647
SC,2019,7,42,98,32.0,0.3265
SC,2019,8,43,78,14.9,0.191
SC,2019,9,44,97,21.8,0.2247
SC,2019,10,45,83,22.0,0.2651
SC,2019,11,46,93,28.1,0.3022
SC,2019,12,47,78,18.5,0.2372
SD,2019,1,36,4,1.0,0.25
SD,2019,2,37,3,0.0,0.0
SD,2019,3,38,7,2.0,0.2857
SD,2019,4,39,6,3.1,0.5167
SD,2019,5,40,5,2.2,0.44
SD,2019,6,41,9,0.9,0.1
SD,2019,7,42,9,2.3,0.2556
SD,2019,8,43,10,1.1,0.11
SD,2019,9,44,13,4.1,0.3154
SD,2019,10,45,16,6.8,0.425
SD,2019,11,46,14,3.9,0.2786
SD,2019,12,47,6,1.0,0.1667
TN,2019,1,36,78,16.7,0.2141
TN,2019,2,37,81,16.9,0.2086
TN,2019,3,38,65,20.8,0.32
TN,2019,4,39,88,17.5,0.1989
TN,2019,5,40,110,22.8,0.2073
TN,2019,6,41,104,20.4,0.1962
TN,2019,7,42,98,28.8,0.2939
TN,2019,8,43,95,30.5,0.3211
TN,2019,9,44,118,36.2,0.3068
TN,2019,10,45,106,27.7,0.2613
TN,2019,11,46,87,21.7,0.2494
TN,2019,12,47,106,28.6,0.2698
TX,2019,1,36,279,105.0,0.3763
TX,2019,2,37,240,97.3,0.4054
TX,2019,3,38,304,114.7,0.3773
TX,2019,4,39,312,107.2,0.3436
TX,2019,5,40,294,113.1,0.3847
TX,2019,6,41,299,112.8,0.3773
TX,2019,7,42,314,105.7,0.3366
TX,2019,8,43,304,106.9,0.3516
TX,2019,9,44,305,109.9,0.3603
TX,2019,10,45,314,109.2,0.3478
TX,2019,11,46,319,122.0,0.3824
TX,2019,12,47,335,134.9,0.4027
UT,2019,1,36,15,1.3,0.0867
UT,2019,2,37,11,1.1,0.1
UT,2019,3,38,22,4.5,0.2045
UT,2019,4,39,17,2.5,0.1471
UT,2019,5,40,24,5.0,0.2083
UT,2019,6,41,15,2.8,0.1867
UT,2019,7,42,21,3.7,0.1762
UT,2019,8,43,23,3.4,0.1478
UT,2019,9,44,28,2.1,0.075
UT,2019,10,45,21,2.8,0.1333
UT,2019,11,46,29,3.9,0.1345
UT,2019,12,47,22,5.0,0.2273
VT,2019,1,36,2,0.3,0.15
VT,2019,3,38,2,0.0,0.0
VT,2019,4,39,1,0.0,0.0
VT,2019,5,40,2,0.0,0.0
VT,2019,6,41,4,2.0,0.5
VT,2019,7,42,3,1.0,0.3333
VT,2019,8,43,7,3.1,0.4429
VT,2019,9,44,5,1.0,0.2
VT,2019,10,45,10,0.2,0.02
VT,2019,11,46,4,1.1,0.275
VT,2019,12,47,7,0.2,0.0286
VA,2019,1,36,66,14.6,0.2212
VA,2019,2,37,58,17.6,0.3034
VA,2019,3,38,60,13.5,0.225
VA,2019,4,39,63,19.6,0.3111
VA,2019,5,40,74,20.2,0.273
VA,2019,6,41,68,21.0,0.3088
VA,2019,7,42,62,17.0,0.2742
VA,2019,8,43,73,19.2,0.263
VA,2019,9,44,84,37.5,0.4464
VA,2019,10,45,86,17.9,0.2081
VA,2019,11,46,71,23.3,0.3282
VA,2019,12,47,66,15.5,0.2348
WA,2019,1,36,49,10.5,0.2143
WA,2019,2,37,30,10.1,0.3367
WA,2019,3,38,47,14.8,0.3149
WA,2019,4,39,34,9.5,0.2794
WA,2019,5,40,42,8.7,0.2071
WA,2019,6,41,53,21.8,0.4113
WA,2019,7,42,54,27.6,0.5111
WA,2019,8,43,41,13.3,0.3244
WA,2019,9,44,42,18.1,0.431
WA,2019,10,45,43,11.1,0.2581
WA,2019,11,46,45,12.8,0.2844
WA,2019,12,47,58,22.2,0.3828
WV,2019,1,36,20,2.3,0.115
WV,2019,2,37,12,2.5,0.2083
WV,2019,3,38,23,3.7,0.1609
WV,2019,4,39,15,1.7,0.1133
WV,2019,5,40,30,5.4,0.18
WV,2019,6,41,20,5.4,0.27
WV,2019,7,42,19,5.0,0.2632
WV,2019,8,43,28,7.7,0.275
WV,2019,9,44,26,5.4,0.2077
WV,2019,10,45,29,8.0,0.2759
WV,2019,11,46,17,4.7,0.2765
WV,2019,12,47,21,4.6,0.219
WI,2019,1,36,35,8.0,0.2286
WI,2019,2,37,35,9.3,0.2657
WI,2019,3,38,28,10.1,0.3607
WI,2019,4,39,45,20.7,0.46
WI,2019,5,40,48,16.5,0.3438
WI,2019,6,41,43,11.9,0.2767
WI,2019,7,42,54,18.9,0.35
WI,2019,8,43,77,23.9,0.3104
WI,2019,9,44,64,23.0,0.3594
WI,2019,10,45,57,15.4,0.2702
WI,2019,11,46,43,14.4,0.3349
WI,2019,12,47,38,13.9,0.3658
WY,2019,1,36,14,5.2,0.3714
WY,2019,2,37,4,0.1,0.025
WY,2019,3,38,17,2.7,0.1588
WY,2019,4,39,17,3.2,0.1882
WY,2019,5,40,12,5.2,0.4333
WY,2019,6,41,17,4.5,0.2647
WY,2019,7,42,15,2.3,0.1533
WY,2019,8,43,11,1.3,0.1182
WY,2019,9,44,17,4.1,0.2412
WY,2019,10,45,8,2.1,0.2625
WY,2019,11,46,9,2.0,0.2222
WY,2019,12,47,6,1.1,0.1833
AL,2020,1,48,58,16.2,0.2793
AL,2020,2,49,77,16.9,0.2195
AL,2020,3,50,74,20.6,0.2784
AL,2020,4,51,52,11.6,0.2231
AL,2020,5,52,77,18.3,0.2377
AL,2020,6,53,84,23.2,0.2762
AL,2020,7,54,89,22.5,0.2528
AL,2020,8,55,75,18.5,0.2467
AL,2020,9,56,72,14.8,0.2056
AL,2020,10,57,85,15.6,0.1835
AL,2020,11,58,103,34.5,0.335
AL,2020,12,59,88,18.5,0.2102
AK,2020,1,48,4,0.2,0.05
AK,2020,2,49,6,0.7,0.1167
AK,2020,3,50,4,1.1,0.275
AK,2020,5,52,3,1.2,0.4
AK,2020,6,53,9,2.0,0.2222
AK,2020,7,54,10,4.2,0.42
AK,2020,8,55,7,2.3,0.3286
AK,2020,9,56,11,1.1,0.1
AK,2020,10,57,3,1.0,0.3333
AK,2020,11,58,3,1.0,0.3333
AK,2020,12,59,4,0.0,0.0
AZ,2020,1,48,75,20.1,0.268
AZ,2020,2,49,106,29.6,0.2792
AZ,2020,3,50,63,18.5,0.2937
AZ,2020,4,51,56,12.1,0.2161
AZ,2020,5,52,95,27.4,0.2884
AZ,2020,6,53,79,23.9,0.3025
AZ,2020,7,54,91,30.6,0.3363
AZ,2020,8,55,90,23.9,0.2656
AZ,2020,9,56,102,25.5,0.25
AZ,2020,10,57,102,31.4,0.3078
AZ,2020,11,58,97,24.1,0.2485
AZ,2020,12,59,97,29.9,0.3082
AR,2020,1,48,40,5.5,0.1375
AR,2020,2,49,36,7.5,0.2083
AR,2020,3,50,41,16.3,0.3976
AR,2020,4,51,62,16.2,0.2613
AR,2020,5,52,46,13.4,0.2913
AR,2020,6,53,73,20.8,0.2849
AR,2020,7,54,72,19.1,0.2653
AR,2020,8,55,58,16.5,0.2845
AR,2020,9,56,67,12.7,0.1896
AR,2020,10,57,67,16.8,0.2507
AR,2020,11,58,48,12.3,0.2563
AR,2020,12,59,41,9.5,0.2317
CA,2020,1,48,305,65.3,0.2141
CA,2020,2,49,302,103.1,0.3414
CA,2020,3,50,259,65.3,0.2521
CA,2020,4,51,221,62.4,0.2824
CA,2020,5,52,318,107.2,0.3371
CA,2020,6,53,303,99.7,0.329
CA,2020,7,54,355,117.6,0.3313
CA,2020,8,55,360,113.7,0.3158
CA,2020,9,56,386,102.1,0.2645
CA,2020,10,57,391,113.0,0.289
CA,2020,11,58,407,128.3,0.3152
CA,2020,12,59,373,105.5,0.2828
CO,2020,1,48,36,13.9,0.3861
CO,2020,2,49,37,9.3,0.2514
CO,2020,3,50,39,12.5,0.3205
CO,2020,4,51,35,10.4,0.2971
CO,2020,5,52,54,8.5,0.1574
CO,2020,6,53,74,12.5,0.1689
CO,2020,7,54,74,27.2,0.3676
CO,2020,8,55,71,30.4,0.4282
CO,2020,9,56,56,15.8,0.2821
CO,2020,10,57,56,19.6,0.35
CO,2020,11,58,48,10.4,0.2167
CO,2020,12,59,42,16.0,0.381
CT,2020,1,48,22,5.6,0.2545
CT,2020,2,49,22,7.4,0.3364
CT,2020,3,50,22,10.0,0.4545
CT,2020,4,51,24,10.1,0.4208
CT,2020,5,52,20,8.2,0.41
CT,2020,6,53,31,15.9,0.5129
CT,2020,7,54,25,12.5,0.5
CT,2020,8,55,28,10.8,0.3857
CT,2020,9,56,23,9.6,0.4174
CT,2020,10,57,23,4.6,0.2
CT,2020,11,58,35,18.8,0.5371
CT,2020,12,59,24,9.1,0.3792
DE,2020,1,48,10,0.6,0.06
DE,2020,2,49,8,3.2,0.4
DE,2020,3,50,5,1.6,0.32
DE,2020,4,51,4,0.7,0.175
DE,2020,5,52,8,1.2,0.15
DE,2020,6,53,10,1.3,0.13
DE,2020,7,54,14,6.6,0.4714
DE,2020,8,55,13,3.3,0.2538
DE,2020,9,56,20,5.7,0.285
DE,2020,10,57,7,1.1,0.1571
DE,2020,11,58,9,2.1,0.2333
DE,2020,12,59,8,3.5,0.4375
DC,2020,1,48,5,2.4,0.48
DC,2020,2,49,2,0.4,0.2
DC,2020,4,51,2,0.0,0.0
DC,2020,5,52,4,1.4,0.35
DC,2020,6,53,4,0.2,0.05
DC,2020,7,54,2,0.0,0.0
DC,2020,8,55,6,1.3,0.2167
DC,2020,9,56,4,1.1,0.275
DC,2020,10,57,4,0.0,0.0
DC,2020,11,58,2,0.0,0.0
DC,2020,12,59,1,1.0,1.0
FL,2020,1,48,283,78.6,0.2777
FL,2020,2,49,277,72.2,0.2606
FL,2020,3,50,277,78.0,0.2816
FL,2020,4,51,217,58.1,0.2677
FL,2020,5,52,277,62.5,0.2256
FL,2020,6,53,293,92.3,0.315
FL,2020,7,54,235,58.1,0.2472
FL,2020,8,55,249,70.6,0.2835
FL,2020,9,56,284,66.7,0.2349
FL,2020,10,57,310,84.3,0.2719
FL,2020,11,58,316,85.5,0.2706
FL,2020,12,59,311,83.4,0.2682
GA,2020,1,48,101,15.9,0.1574
GA,2020,2,49,123,32.5,0.2642
GA,2020,3,50,137,26.3,0.192
GA,2020,4,51,88,20.2,0.2295
GA,2020,5,52,126,30.6,0.2429
GA,2020,6,53,116,23.9,0.206
GA,2020,7,54,153,38.5,0.2516
GA,2020,8,55,157,37.1,0.2363
GA,2020,9,56,171,35.4,0.207
GA,2020,10,57,183,38.9,0.2126
GA,2020,11,58,157,37.3,0.2376
GA,2020,12,59,146,34.2,0.2342
HI,2020,1,48,12,5.0,0.4167
HI,2020,2,49,5,1.4,0.28
HI,2020,3,50,4,1.5,0.375
HI,2020,4,51,5,2.3,0.46
HI,2020,5,52,5,0.4,0.08
HI,2020,6,53,10,3.4,0.34
HI,2020,7,54,8,2.4,0.3
HI,2020,8,55,8,2.6,0.325
HI,2020,9,56,4,0.9,0.225
HI,2020,10,57,6,1.2,0.2
HI,2020,11,58,7,3.1,0.4429
HI,2020,12,59,11,4.1,0.3727
ID,2020,1,48,6,0.4,0.0667
ID,2020,2,49,15,2.2,0.1467
ID,2020,3,50,8,3.5,0.4375
ID,2020,4,51,9,3.0,0.3333
ID,2020,5,52,21,7.1,0.3381
ID,2020,6,53,22,5.8,0.2636
ID,2020,7,54,26,5.7,0.2192
ID,2020,8,55,29,8.1,0.2793
ID,2020,9,56,18,7.1,0.3944
ID,2020,10,57,19,8.5,0.4474
ID,2020,11,58,14,2.8,0.2
ID,2020,12,59,27,7.0,0.2593
IL,2020,1,48,74,31.5,0.4257
IL,2020,2,49,71,17.4,0.2451
IL,2020,3,50,54,13.5,0.25
IL,2020,4,51,72,21.6,0.3
IL,2020,5,52,84,26.6,0.3167
IL,2020,6,53,135,42.5,0.3148
IL,2020,7,54,113,27.2,0.2407
IL,2020,8,55,115,41.6,0.3617
IL,2020,9,56,126,45.2,0.3587
IL,2020,10,57,143,49.4,0.3455
IL,2020,11,58,108,40.5,0.375
IL,2020,12,59,98,26.1,0.2663
IN,2020,1,48,50,14.0,0.28
IN,2020,2,49,42,10.7,0.2548
IN,2020,3,50,52,15.9,0.3058
IN,2020,4,51,43,10.6,0.2465
IN,2020,5,52,77,23.4,0.3039
IN,2020,6,53,113,39.7,0.3513
IN,2020,7,54,95,25.1,0.2642
IN,2020,8,55,77,20.9,0.2714
IN,2020,9,56,94,23.3,0.2479
IN,2020,10,57,113,25.2,0.223
IN,2020,11,58,70,21.4,0.3057
IN,2020,12,59,71,19.7,0.2775
IA,2020,1,48,24,4.9,0.2042
IA,2020,2,49,17,2.8,0.1647
IA,2020,3,50,14,3.8,0.2714
IA,2020,4,51,17,3.5,0.2059
IA,2020,5,52,21,6.5,0.3095
IA,2020,6,53,24,5.0,0.2083
IA,2020,7,54,44,18.4,0.4182
IA,2020,8,55,53,29.0,0.5472
IA,2020,9,56,41,14.7,0.3585
IA,2020,10,57,25,8.7,0.348
IA,2020,11,58,26,8.5,0.3269
IA,2020,12,59,37,11.2,0.3027
KS,2020,1,48,30,3.7,0.1233
KS,2020,2,49,37,4.4,0.1189
KS,2020,3,50,38,10.1,0.2658
KS,2020,4,51,21,5.1,0.2429
KS,2020,5,52,25,5.8,0.232
KS,2020,6,53,58,14.5,0.25
KS,2020,7,54,37,9.7,0.2622
KS,2020,8,55,43,9.7,0.2256
KS,2020,9,56,37,8.1,0.2189
KS,2020,10,57,28,7.9,0.2821
KS,2020,11,58,39,6.4,0.1641
KS,2020,12,59,33,10.1,0.3061
KY,2020,1,48,45,9.9,0.22
KY,2020,2,49,44,6.6,0.15
KY,2020,3,50,54,18.5,0.3426
KY,2020,4,51,56,17.8,0.3179
KY,2020,5,52,59,14.2,0.2407
KY,2020,6,53,77,17.8,0.2312
KY,2020,7,54,86,17.9,0.2081
KY,2020,8,55,102,29.3,0.2873
KY,2020,9,56,57,17.4,0.3053
KY,2020,10,57,72,17.4,0.2417
KY,2020,11,58,61,16.6,0.2721
KY,2020,12,59,67,16.5,0.2463
LA,2020,1,48,59,18.4,0.3119
LA,2020,2,49,56,13.0,0.2321
LA,2020,3,50,71,20.9,0.2944
LA,2020,4,51,67,15.5,0.2313
LA,2020,5,52,69,21.9,0.3174
LA,2020,6,53,80,23.9,0.2987
LA,2020,7,54,59,20.9,0.3542
LA,2020,8,55,71,25.4,0.3577
LA,2020,9,56,75,18.2,0.2427
LA,2020,10,57,90,23.9,0.2656
LA,2020,11,58,72,14.3,0.1986
LA,2020,12,59,59,13.5,0.2288
ME,2020,1,48,13,6.1,0.4692
ME,2020,2,49,7,3.0,0.4286
ME,2020,3,50,7,2.9,0.4143
ME,2020,4,51,11,5.3,0.4818
ME,2020,5,52,14,5.1,0.3643
ME,2020,6,53,17,3.3,0.1941
ME,2020,7,54,15,4.5,0.3
ME,2020,8,55,26,12.6,0.4846
ME,2020,9,56,15,3.3,0.22
ME,2020,10,57,11,6.1,0.5545
ME,2020,11,58,16,3.1,0.1938
ME,2020,12,59,12,4.4,0.3667
MD,2020,1,48,19,8.5,0.4474
MD,2020,2,49,38,10.6,0.2789
MD,2020,3,50,53,21.9,0.4132
MD,2020,4,51,26,7.7,0.2962
MD,2020,5,52,48,11.9,0.2479
MD,2020,6,53,55,18.4,0.3345
MD,2020,7,54,60,20.7,0.345
MD,2020,8,55,74,25.6,0.3459
MD,2020,9,56,51,19.9,0.3902
MD,2020,10,57,71,24.6,0.3465
MD,2020,11,58,46,10.8,0.2348
MD,2020,12,59,32,8.2,0.2562
MA,2020,1,48,21,8.7,0.4143
MA,2020,2,49,16,5.6,0.35
MA,2020,3,50,29,8.3,0.2862
MA,2020,4,51,30,9.2,0.3067
MA,2020,5,52,22,5.1,0.2318
MA,2020,6,53,37,12.1,0.327
MA,2020,7,54,34,10.4,0.3059
MA,2020,8,55,37,8.7,0.2351
MA,2020,9,56,26,6.5,0.25
MA,2020,10,57,27,4.1,0.1519
MA,2020,11,58,37,12.2,0.3297
MA,2020,12,59,27,7.1,0.263
MI,2020,1,48,62,14.6,0.2355
MI,2020,2,49,65,16.4,0.2523
MI,2020,3,50,47,13.7,0.2915
MI,2020,4,51,48,11.8,0.2458
MI,2020,5,52,85,21.4,0.2518
MI,2020,6,53,130,35.8,0.2754
MI,2020,7,54,131,42.6,0.3252
MI,2020,8,55,129,36.7,0.2845
MI,2020,9,56,103,27.5,0.267
MI,2020,10,57,100,28.2,0.282
MI,2020,11,58,105,34.3,0.3267
MI,2020,12,59,81,20.2,0.2494
MN,2020,1,48,18,5.3,0.2944
MN,2020,2,49,22,4.0,0.1818
MN,2020,3,50,24,8.0,0.3333
MN,2020,4,51,20,7.2,0.36
MN,2020,5,52,27,9.5,0.3519
MN,2020,6,53,37,13.8,0.373
MN,2020,7,54,54,12.5,0.2315
MN,2020,8,55,47,12.3,0.2617
MN,2020,9,56,47,12.3,0.2617
MN,2020,10,57,35,7.5,0.2143
MN,2020,11,58,34,5.8,0.1706
MN,2020,12,59,29,9.3,0.3207
MS,2020,1,48,39,7.0,0.1795
MS,2020,2,49,52,12.3,0.2365
MS,2020,3,50,46,5.1,0.1109
MS,2020,4,51,53,8.2,0.1547
MS,2020,5,52,63,12.5,0.1984
MS,2020,6,53,70,18.3,0.2614
MS,2020,7,54,65,15.5,0.2385
MS,2020,8,55,90,19.1,0.2122
MS,2020,9,56,74,17.3,0.2338
MS,2020,10,57,79,13.2,0.1671
MS,2020,11,58,61,8.6,0.141
MS,2020,12,59,56,7.9,0.1411
MO,2020,1,48,50,15.5,0.31
MO,2020,2,49,74,19.5,0.2635
MO,2020,3,50,54,20.5,0.3796
MO,2020,4,51,60,20.0,0.3333
MO,2020,5,52,91,31.7,0.3484
MO,2020,6,53,119,40.6,0.3412
MO,2020,7,54,111,29.2,0.2631
MO,2020,8,55,85,29.4,0.3459
MO,2020,9,56,98,35.2,0.3592
MO,2020,10,57,94,26.7,0.284
MO,2020,11,58,73,11.5,0.1575
MO,2020,12,59,78,28.0,0.359
MT,2020,1,48,10,1.9,0.19
MT,2020,2,49,4,0.0,0.0
MT,2020,3,50,14,5.1,0.3643
MT,2020,4,51,5,3.0,0.6
MT,2020,5,52,16,8.1,0.5062
MT,2020,6,53,38,19.5,0.5132
MT,2020,7,54,22,11.1,0.5045
MT,2020,8,55,27,14.1,0.5222
MT,2020,9,56,18,6.7,0.3722
MT,2020,10,57,19,5.9,0.3105
MT,2020,11,58,22,7.8,0.3545
MT,2020,12,59,18,11.8,0.6556
NE,2020,1,48,17,7.7,0.4529
NE,2020,2,49,18,5.1,0.2833
NE,2020,3,50,10,3.2,0.32
NE,2020,4,51,11,2.5,0.2273
NE,2020,5,52,17,2.3,0.1353
NE,2020,6,53,29,10.1,0.3483
NE,2020,7,54,31,8.9,0.2871
NE,2020,8,55,25,11.1,0.444
NE,2020,9,56,30,9.8,0.3267
NE,2020,10,57,22,4.3,0.1955
NE,2020,11,58,13,4.2,0.3231
NE,2020,12,59,10,2.5,0.25
NV,2020,1,48,27,5.4,0.2
NV,2020,2,49,26,10.2,0.3923
NV,2020,3,50,16,5.4,0.3375
NV,2020,4,51,30,9.3,0.31
NV,2020,5,52,16,4.1,0.2562
NV,2020,6,53,28,7.8,0.2786
NV,2020,7,54,24,8.0,0.3333
NV,2020,8,55,35,5.9,0.1686
NV,2020,9,56,34,8.0,0.2353
NV,2020,10,57,29,9.1,0.3138
NV,2020,11,58,35,10.3,0.2943
NV,2020,12,59,33,7.5,0.2273
NH,2020,1,48,9,4.0,0.4444
NH,2020,2,49,9,3.9,0.4333
NH,2020,3,50,8,1.0,0.125
NH,2020,4,51,7,3.3,0.4714
NH,2020,5,52,6,1.8,0.3
NH,2020,6,53,5,2.0,0.4
NH,2020,7,54,10,3.5,0.35
NH,2020,8,55,10,7.1,0.71
NH,2020,9,56,14,5.4,0.3857
NH,2020,10,57,10,2.9,0.29
NH,2020,11,58,12,2.1,0.175
NH,2020,12,59,4,1.1,0.275
NJ,2020,1,48,49,10.9,0.2224
NJ,2020,2,49,34,7.3,0.2147
NJ,2020,3,50,36,12.6,0.35
NJ,2020,4,51,28,5.3,0.1893
NJ,2020,5,52,52,12.7,0.2442
NJ,2020,6,53,47,11.3,0.2404
NJ,2020,7,54,61,16.2,0.2656
NJ,2020,8,55,54,16.7,0.3093
NJ,2020,9,56,57,16.2,0.2842
NJ,2020,10,57,58,17.3,0.2983
NJ,2020,11,58,63,17.2,0.273
NJ,2020,12,59,47,10.9,0.2319
NM,2020,1,48,40,9.5,0.2375
NM,2020,2,49,27,6.6,0.2444
NM,2020,3,50,30,12.6,0.42
NM,2020,4,51,27,6.8,0.2519
NM,2020,5,52,27,15.5,0.5741
NM,2020,6,53,46,13.1,0.2848
NM,2020,7,54,33,11.4,0.3455
NM,2020,8,55,31,10.7,0.3452
NM,2020,9,56,41,15.8,0.3854
NM,2020,10,57,27,10.8,0.4
NM,2020,11,58,29,9.0,0.3103
NM,2020,12,59,40,8.1,0.2025
NY,2020,1,48,80,16.2,0.2025
NY,2020,2,49,68,17.8,0.2618
NY,2020,3,50,48,14.9,0.3104
NY,2020,4,51,48,20.3,0.4229
NY,2020,5,52,66,17.5,0.2652
NY,2020,6,53,108,33.0,0.3056
NY,2020,7,54,93,26.8,0.2882
NY,2020,8,55,118,37.5,0.3178
NY,2020,9,56,141,39.3,0.2787
NY,2020,10,57,104,27.2,0.2615
NY,2020,11,58,96,23.5,0.2448
NY,2020,12,59,75,22.3,0.2973
NC,2020,1,48,116,22.4,0.1931
NC,2020,2,49,98,28.9,0.2949
NC,2020,3,50,129,41.0,0.3178
NC,2020,4,51,113,35.2,0.3115
NC,2020,5,52,142,38.7,0.2725
NC,2020,6,53,144,47.8,0.3319
NC,2020,7,54,162,51.1,0.3154
NC,2020,8,55,152,50.9,0.3349
NC,2020,9,56,133,42.9,0.3226
NC,2020,10,57,105,26.1,0.2486
NC,2020,11,58,125,29.2,0.2336
NC,2020,12,59,119,36.5,0.3067
ND,2020,1,48,3,1.0,0.3333
ND,2020,2,49,1,0.0,0.0
ND,2020,3,50,5,1.7,0.34
ND,2020,4,51,5,1.3,0.26
ND,2020,5,52,16,5.2,0.325
ND,2020,6,53,9,3.1,0.3444
ND,2020,7,54,13,4.7,0.3615
ND,2020,8,55,12,7.9,0.6583
ND,2020,9,56,9,2.2,0.2444
ND,2020,10,57,13,4.4,0.3385
ND,2020,11,58,11,3.0,0.2727
ND,2020,12,59,3,1.1,0.3667
OH,2020,1,48,73,29.2,0.4
OH,2020,2,49,69,23.4,0.3391
OH,2020,3,50,83,29.2,0.3518
OH,2020,4,51,50,18.8,0.376
OH,2020,5,52,103,44.8,0.435
OH,2020,6,53,116,42.9,0.3698
OH,2020,7,54,152,45.9,0.302
OH,2020,8,55,139,50.0,0.3597
OH,2020,9,56,123,49.8,0.4049
OH,2020,10,57,128,52.0,0.4062
OH,2020,11,58,98,32.1,0.3276
OH,2020,12,59,96,42.4,0.4417
OK,2020,1,48,43,6.6,0.1535
OK,2020,2,49,48,11.2,0.2333
OK,2020,3,50,50,17.0,0.34
OK,2020,4,51,43,10.1,0.2349
OK,2020,5,52,50,19.1,0.382
OK,2020,6,53,51,12.7,0.249
OK,2020,7,54,66,14.1,0.2136
OK,2020,8,55,57,13.1,0.2298
OK,2020,9,56,71,27.2,0.3831
OK,2020,10,57,73,25.6,0.3507
OK,2020,11,58,45,12.0,0.2667
OK,2020,12,59,56,12.2,0.2179
OR,2020,1,48,35,11.4,0.3257
OR,2020,2,49,25,10.9,0.436
OR,2020,3,50,26,9.4,0.3615
OR,2020,4,51,23,4.8,0.2087
OR,2020,5,52,43,15.1,0.3512
OR,2020,6,53,38,15.1,0.3974
OR,2020,7,54,62,22.6,0.3645
OR,2020,8,55,48,18.2,0.3792
OR,2020,9,56,47,19.0,0.4043
OR,2020,10,57,64,25.7,0.4016
OR,2020,11,58,66,24.9,0.3773
OR,2020,12,59,30,7.2,0.24
PA,2020,1,48,82,22.2,0.2707
PA,2020,2,49,59,16.7,0.2831
PA,2020,3,50,66,15.4,0.2333
PA,2020,4,51,60,21.9,0.365
PA,2020,5,52,89,23.4,0.2629
PA,2020,6,53,128,45.1,0.3523
PA,2020,7,54,134,40.1,0.2993
PA,2020,8,55,101,31.5,0.3119
PA,2020,9,56,108,29.4,0.2722
PA,2020,10,57,99,25.4,0.2566
PA,2020,11,58,110,32.6,0.2964
PA,2020,12,59,93,16.5,0.1774
RI,2020,1,48,4,0.7,0.175
RI,2020,2,49,2,1.0,0.5
RI,2020,3,50,5,2.8,0.56
RI,2020,4,51,3,0.5,0.1667
RI,2020,5,52,9,3.6,0.4
RI,2020,6,53,9,2.7,0.3
RI,2020,7,54,4,2.4,0.6
RI,2020,8,55,6,2.2,0.3667
RI,2020,9,56,10,3.1,0.31
RI,2020,10,57,6,2.4,0.4
RI,2020,11,58,7,5.8,0.8286
RI,2020,12,59,2,1.0,0.5
SC,2020,1,48,63,22.8,0.3619
SC,2020,2,49,65,22.7,0.3492
SC,2020,3,50,65,22.5,0.3462
SC,2020,4,51,67,19.4,0.2896
SC,2020,5,52,89,27.4,0.3079
SC,2020,6,53,121,35.6,0.2942
SC,2020,7,54,96,28.1,0.2927
SC,2020,8,55,94,39.7,0.4223
SC,2020,9,56,108,25.1,0.2324
SC,2020,10,57,124,29.2,0.2355
SC,2020,11,58,100,29.6,0.296
SC,2020,12,59,74,16.4,0.2216
SD,2020,1,48,5,1.0,0.2
SD,2020,2,49,10,7.0,0.7
SD,2020,3,50,3,1.0,0.3333
SD,2020,4,51,7,2.1,0.3
SD,2020,5,52,7,4.1,0.5857
SD,2020,6,53,13,7.1,0.5462
SD,2020,7,54,16,5.3,0.3312
SD,2020,8,55,25,6.8,0.272
SD,2020,9,56,17,4.7,0.2765
SD,2020,10,57,17,3.2,0.1882
SD,2020,11,58,12,3.1,0.2583
SD,2020,12,59,9,5.1,0.5667
TN,2020,1,48,72,18.8,0.2611
TN,2020,2,49,87,22.3,0.2563
TN,2020,3,50,77,24.3,0.3156
TN,2020,4,51,75,20.6,0.2747
TN,2020,5,52,92,21.7,0.2359
TN,2020,6,53,114,35.1,0.3079
TN,2020,7,54,118,31.0,0.2627
TN,2020,8,55,127,33.5,0.2638
TN,2020,9,56,114,32.5,0.2851
TN,2020,10,57,130,36.3,0.2792
TN,2020,11,58,99,23.5,0.2374
TN,2020,12,59,112,25.7,0.2295
TX,2020,1,48,299,103.9,0.3475
TX,2020,2,49,301,124.0,0.412
TX,2020,3,50,253,97.7,0.3862
TX,2020,4,51,239,91.8,0.3841
TX,2020,5,52,329,141.3,0.4295
TX,2020,6,53,344,135.8,0.3948
TX,2020,7,54,327,141.5,0.4327
TX,2020,8,55,354,141.1,0.3986
TX,2020,9,56,317,123.7,0.3902
TX,2020,10,57,378,149.8,0.3963
TX,2020,11,58,358,144.1,0.4025
TX,2020,12,59,377,141.1,0.3743
UT,2020,1,48,14,5.3,0.3786
UT,2020,2,49,17,2.8,0.1647
UT,2020,3,50,15,3.4,0.2267
UT,2020,4,51,19,2.5,0.1316
UT,2020,5,52,27,6.2,0.2296
UT,2020,6,53,18,5.7,0.3167
UT,2020,7,54,36,4.5,0.125
UT,2020,8,55,31,11.4,0.3677
UT,2020,9,56,30,10.0,0.3333
UT,2020,10,57,36,6.8,0.1889
UT,2020,11,58,12,1.3,0.1083
UT,2020,12,59,21,0.2,0.0095
VT,2020,1,48,3,0.0,0.0
VT,2020,2,49,1,0.0,0.0
VT,2020,3,50,1,0.0,0.0
VT,2020,4,51,2,1.0,0.5
VT,2020,5,52,3,1.0,0.3333
VT,2020,6,53,11,0.0,0.0
VT,2020,7,54,14,6.9,0.4929
VT,2020,8,55,9,3.1,0.3444
VT,2020,9,56,9,3.2,0.3556
VT,2020,10,57,5,1.4,0.28
VT,2020,11,58,3,0.0,0.0
VT,2020,12,59,1,0.0,0.0
VA,2020,1,48,72,27.3,0.3792
VA,2020,2,49,62,21.8,0.3516
VA,2020,3,50,59,16.8,0.2847
VA,2020,4,51,52,16.4,0.3154
VA,2020,5,52,56,20.8,0.3714
VA,2020,6,53,81,24.2,0.2988
VA,2020,7,54,86,26.0,0.3023
VA,2020,8,55,80,27.4,0.3425
VA,2020,9,56,84,28.7,0.3417
VA,2020,10,57,77,28.7,0.3727
VA,2020,11,58,62,21.1,0.3403
VA,2020,12,59,79,22.5,0.2848
WA,2020,1,48,41,17.4,0.4244
WA,2020,2,49,30,11.9,0.3967
WA,2020,3,50,30,7.9,0.2633
WA,2020,4,51,36,15.1,0.4194
WA,2020,5,52,43,14.9,0.3465
WA,2020,6,53,64,23.7,0.3703
WA,2020,7,54,62,22.2,0.3581
WA,2020,8,55,71,26.5,0.3732
WA,2020,9,56,54,23.6,0.437
WA,2020,10,57,49,16.2,0.3306
WA,2020,11,58,45,16.2,0.36
WA,2020,12,59,49,15.9,0.3245
WV,2020,1,48,19,3.6,0.1895
WV,2020,2,49,23,5.2,0.2261
WV,2020,3,50,15,7.1,0.4733
WV,2020,4,51,20,6.7,0.335
WV,2020,5,52,20,7.9,0.395
WV,2020,6,53,24,6.5,0.2708
WV,2020,7,54,22,8.7,0.3955
WV,2020,8,55,30,5.5,0.1833
WV,2020,9,56,19,4.6,0.2421
WV,2020,10,57,23,6.1,0.2652
WV,2020,11,58,20,3.1,0.155
WV,2020,12,59,32,9.1,0.2844
WI,2020,1,48,25,3.6,0.144
WI,2020,2,49,33,7.7,0.2333
WI,2020,3,50,32,15.3,0.4781
WI,2020,4,51,41,19.2,0.4683
WI,2020,5,52,46,17.3,0.3761
WI,2020,6,53,75,30.5,0.4067
WI,2020,7,54,74,21.9,0.2959
WI,2020,8,55,60,19.0,0.3167
WI,2020,9,56,80,27.0,0.3375
WI,2020,10,57,59,17.6,0.2983
WI,2020,11,58,43,15.6,0.3628
WI,2020,12,59,44,12.9,0.2932
WY,2020,1,48,5,0.3,0.06
WY,2020,2,49,3,0.7,0.2333
WY,2020,3,50,5,0.0,0.0
WY,2020,4,51,12,6.5,0.5417
WY,2020,5,52,9,3.1,0.3444
WY,2020,6,53,9,5.1,0.5667
WY,2020,7,54,21,10.7,0.5095
WY,2020,8,55,20,7.5,0.375
WY,2020,9,56,15,4.9,0.3267
WY,2020,10,57,15,2.4,0.16
WY,2020,11,58,4,0.2,0.05
WY,2020,12,59,9,2.2,0.2444
AL,2021,1,60,73,20.9,0.2863
AL,2021,2,61,71,28.5,0.4014
AL,2021,3,62,82,27.3,0.3329
AL,2021,4,63,80,23.3,0.2912
AL,2021,5,64,91,23.0,0.2527
AL,2021,6,65,94,24.7,0.2628
AL,2021,7,66,94,32.1,0.3415
AL,2021,8,67,71,14.8,0.2085
AL,2021,9,68,80,24.4,0.305
AL,2021,10,69,87,28.8,0.331
AL,2021,11,70,63,18.8,0.2984
AL,2021,12,71,97,15.1,0.1557
AK,2021,1,60,5,1.4,0.28
AK,2021,2,61,4,0.6,0.15
AK,2021,3,62,3,0.0,0.0
AK,2021,4,63,1,0.2,0.2
AK,2021,5,64,7,2.9,0.4143
AK,2021,6,65,3,1.0,0.3333
AK,2021,7,66,12,6.9,0.575
AK,2021,8,67,8,3.9,0.4875
AK,2021,9,68,8,1.1,0.1375
AK,2021,10,69,6,2.0,0.3333
AK,2021,11,70,6,3.6,0.6
AK,2021,12,71,7,1.7,0.2429
AZ,2021,1,60,105,34.5,0.3286
AZ,2021,2,61,81,24.9,0.3074
AZ,2021,3,62,86,32.7,0.3802
AZ,2021,4,63,109,47.2,0.433
AZ,2021,5,64,103,37.1,0.3602
AZ,2021,6,65,122,54.1,0.4434
AZ,2021,7,66,91,34.1,0.3747
AZ,2021,8,67,99,36.3,0.3667
AZ,2021,9,68,89,31.1,0.3494
AZ,2021,10,69,93,35.7,0.3839
AZ,2021,11,70,104,33.0,0.3173
AZ,2021,12,71,110,36.3,0.33
AR,2021,1,60,46,14.6,0.3174
AR,2021,2,61,35,1.7,0.0486
AR,2021,3,62,53,10.2,0.1925
AR,2021,4,63,70,20.3,0.29
AR,2021,5,64,62,19.4,0.3129
AR,2021,6,65,63,13.9,0.2206
AR,2021,7,66,46,14.9,0.3239
AR,2021,8,67,57,11.3,0.1982
AR,2021,9,68,73,21.6,0.2959
AR,2021,10,69,65,24.3,0.3738
AR,2021,11,70,61,16.6,0.2721
AR,2021,12,71,61,14.4,0.2361
CA,2021,1,60,360,103.2,0.2867
CA,2021,2,61,298,98.9,0.3319
CA,2021,3,62,381,122.4,0.3213
CA,2021,4,63,395,120.1,0.3041
CA,2021,5,64,339,112.1,0.3307
CA,2021,6,65,389,130.1,0.3344
CA,2021,7,66,423,128.4,0.3035
CA,2021,8,67,391,127.4,0.3258
CA,2021,9,68,374,110.1,0.2944
CA,2021,10,69,407,149.0,0.3661
CA,2021,11,70,395,122.9,0.3111
CA,2021,12,71,361,111.8,0.3097
CO,2021,1,60,46,10.7,0.2326
CO,2021,2,61,38,9.4,0.2474
CO,2021,3,62,36,10.1,0.2806
CO,2021,4,63,61,16.1,0.2639
CO,2021,5,64,51,17.2,0.3373
CO,2021,6,65,70,20.3,0.29
CO,2021,7,66,68,23.6,0.3471
CO,2021,8,67,64,16.0,0.25
CO,2021,9,68,64,23.0,0.3594
CO,2021,10,69,83,33.6,0.4048
CO,2021,11,70,69,18.1,0.2623
CO,2021,12,71,41,15.2,0.3707
CT,2021,1,60,18,6.4,0.3556
CT,2021,2,61,14,6.7,0.4786
CT,2021,3,62,15,5.7,0.38
CT,2021,4,63,31,12.8,0.4129
CT,2021,5,64,26,13.9,0.5346
CT,2021,6,65,33,14.7,0.4455
CT,2021,7,66,31,9.4,0.3032
CT,2021,8,67,32,15.9,0.4969
CT,2021,9,68,27,8.3,0.3074
CT,2021,10,69,28,9.3,0.3321
CT,2021,11,70,25,6.4,0.256
CT,2021,12,71,23,8.2,0.3565
DE,2021,1,60,8,2.3,0.2875
DE,2021,2,61,6,2.3,0.3833
DE,2021,3,62,5,0.1,0.02
DE,2021,4,63,9,1.5,0.1667
DE,2021,5,64,17,4.7,0.2765
DE,2021,6,65,9,2.0,0.2222
DE,2021,7,66,14,2.4,0.1714
DE,2021,8,67,12,1.3,0.1083
DE,2021,9,68,12,3.8,0.3167
DE,2021,10,69,22,8.6,0.3909
DE,2021,11,70,10,2.2,0.22
DE,2021,12,71,12,3.1,0.2583
DC,2021,1,60,2,1.7,0.85
DC,2021,2,61,3,0.4,0.1333
DC,2021,3,62,3,1.0,0.3333
DC,2021,4,63,8,1.4,0.175
DC,2021,5,64,1,0.0,0.0
DC,2021,6,65,5,2.2,0.44
DC,2021,7,66,3,2.2,0.7333
DC,2021,8,67,2,0.9,0.45
DC,2021,9,68,3,0.7,0.2333
DC,2021,10,69,6,1.2,0.2
DC,2021,11,70,3,1.5,0.5
DC,2021,12,71,2,0.2,0.1
FL,2021,1,60,308,82.0,0.2662
FL,2021,2,61,333,82.1,0.2465
FL,2021,3,62,345,105.7,0.3064
FL,2021,4,63,318,88.9,0.2796
FL,2021,5,64,333,100.1,0.3006
FL,2021,6,65,271,75.2,0.2775
FL,2021,7,66,299,97.2,0.3251
FL,2021,8,67,308,80.5,0.2614
FL,2021,9,68,280,73.1,0.2611
FL,2021,10,69,334,90.7,0.2716
FL,2021,11,70,295,79.3,0.2688
FL,2021,12,71,317,75.4,0.2379
GA,2021,1,60,136,39.0,0.2868
GA,2021,2,61,126,38.8,0.3079
GA,2021,3,62,158,38.1,0.2411
GA,2021,4,63,151,46.1,0.3053
GA,2021,5,64,154,35.8,0.2325
GA,2021,6,65,163,38.4,0.2356
GA,2021,7,66,138,44.0,0.3188
GA,2021,8,67,127,29.3,0.2307
GA,2021,9,68,145,32.4,0.2234
GA,2021,10,69,175,48.2,0.2754
GA,2021,11,70,154,41.9,0.2721
GA,2021,12,71,182,39.5,0.217
HI,2021,1,60,9,1.8,0.2
HI,2021,2,61,5,0.7,0.14
HI,2021,3,62,10,2.7,0.27
HI,2021,4,63,4,0.7,0.175
HI,2021,5,64,11,4.4,0.4
HI,2021,6,65,7,0.6,0.0857
HI,2021,7,66,6,1.7,0.2833
HI,2021,8,67,8,2.4,0.3
HI,2021,9,68,6,4.0,0.6667
HI,2021,10,69,10,4.2,0.42
HI,2021,11,70,8,2.1,0.2625
HI,2021,12,71,10,2.3,0.23
ID,2021,1,60,17,7.1,0.4176
ID,2021,2,61,9,1.4,0.1556
ID,2021,3,62,15,5.8,0.3867
ID,2021,4,63,14,1.1,0.0786
ID,2021,5,64,42,18.9,0.45
ID,2021,6,65,28,5.8,0.2071
ID,2021,7,66,20,7.5,0.375
ID,2021,8,67,27,10.0,0.3704
ID,2021,9,68,26,8.8,0.3385
ID,2021,10,69,30,7.7,0.2567
ID,2021,11,70,30,7.1,0.2367
ID,2021,12,71,15,4.3,0.2867
IL,2021,1,60,68,22.0,0.3235
IL,2021,2,61,58,25.9,0.4466
IL,2021,3,62,98,32.5,0.3316
IL,2021,4,63,97,32.4,0.334
IL,2021,5,64,129,52.4,0.4062
IL,2021,6,65,121,36.5,0.3017
IL,2021,7,66,127,47.1,0.3709
IL,2021,8,67,152,56.9,0.3743
IL,2021,9,68,144,48.4,0.3361
IL,2021,10,69,119,45.0,0.3782
IL,2021,11,70,120,30.3,0.2525
IL,2021,12,71,101,28.2,0.2792
IN,2021,1,60,73,15.8,0.2164
IN,2021,2,61,45,12.9,0.2867
IN,2021,3,62,56,10.1,0.1804
IN,2021,4,63,72,14.3,0.1986
IN,2021,5,64,88,26.2,0.2977
IN,2021,6,65,90,23.7,0.2633
IN,2021,7,66,85,22.7,0.2671
IN,2021,8,67,102,26.9,0.2637
IN,2021,9,68,88,22.2,0.2523
IN,2021,10,69,85,23.0,0.2706
IN,2021,11,70,81,16.6,0.2049
IN,2021,12,71,67,20.2,0.3015
IA,2021,1,60,16,7.7,0.4812
IA,2021,2,61,14,4.3,0.3071
IA,2021,3,62,18,4.4,0.2444
IA,2021,4,63,28,9.3,0.3321
IA,2021,5,64,44,15.2,0.3455
IA,2021,6,65,33,15.5,0.4697
IA,2021,7,66,34,9.2,0.2706
IA,2021,8,67,41,16.4,0.4
IA,2021,9,68,38,12.1,0.3184
IA,2021,10,69,34,11.1,0.3265
IA,2021,11,70,29,10.1,0.3483
IA,2021,12,71,27,6.1,0.2259
KS,2021,1,60,26,8.4,0.3231
KS,2021,2,61,28,6.8,0.2429
KS,2021,3,62,35,9.3,0.2657
KS,2021,4,63,26,6.0,0.2308
KS,2021,5,64,38,9.0,0.2368
KS,2021,6,65,25,5.3,0.212
KS,2021,7,66,49,10.5,0.2143
KS,2021,8,67,34,8.1,0.2382
KS,2021,9,68,41,8.8,0.2146
KS,2021,10,69,50,13.9,0.278
KS,2021,11,70,36,12.5,0.3472
KS,2021,12,71,35,8.1,0.2314
KY,2021,1,60,50,12.6,0.252
KY,2021,2,61,53,9.1,0.1717
KY,2021,3,62,56,15.4,0.275
KY,2021,4,63,72,10.5,0.1458
KY,2021,5,64,73,14.8,0.2027
KY,2021,6,65,76,22.7,0.2987
KY,2021,7,66,65,20.3,0.3123
KY,2021,8,67,80,15.2,0.19
KY,2021,9,68,75,21.9,0.292
KY,2021,10,69,80,20.9,0.2612
KY,2021,11,70,72,14.2,0.1972
KY,2021,12,71,54,10.3,0.1907
LA,2021,1,60,70,18.4,0.2629
LA,2021,2,61,59,19.4,0.3288
LA,2021,3,62,72,21.8,0.3028
LA,2021,4,63,85,22.8,0.2682
LA,2021,5,64,85,28.4,0.3341
LA,2021,6,65,89,29.2,0.3281
LA,2021,7,66,92,22.5,0.2446
LA,2021,8,67,77,20.5,0.2662
LA,2021,9,68,74,17.3,0.2338
LA,2021,10,69,87,28.9,0.3322
LA,2021,11,70,93,38.3,0.4118
LA,2021,12,71,88,30.3,0.3443
ME,2021,1,60,7,0.3,0.0429
ME,2021,2,61,11,5.0,0.4545
ME,2021,3,62,5,2.0,0.4
ME,2021,4,63,5,1.0,0.2
ME,2021,5,64,20,3.3,0.165
ME,2021,6,65,13,5.2,0.4
ME,2021,7,66,17,4.5,0.2647
ME,2021,8,67,16,6.5,0.4062
ME,2021,9,68,16,2.5,0.1562
ME,2021,10,69,19,7.0,0.3684
ME,2021,11,70,11,4.1,0.3727
ME,2021,12,71,13,2.7,0.2077
MD,2021,1,60,34,8.7,0.2559
MD,2021,2,61,29,10.8,0.3724
MD,2021,3,62,46,13.5,0.2935
MD,2021,4,63,45,12.2,0.2711
MD,2021,5,64,55,21.8,0.3964
MD,2021,6,65,40,9.5,0.2375
MD,2021,7,66,46,22.4,0.487
MD,2021,8,67,68,28.7,0.4221
MD,2021,9,68,50,14.8,0.296
MD,2021,10,69,52,18.8,0.3615
MD,2021,11,70,58,17.4,0.3
MD,2021,12,71,40,15.3,0.3825
MA,2021,1,60,22,9.0,0.4091
MA,2021,2,61,19,9.8,0.5158
MA,2021,3,62,25,11.8,0.472
MA,2021,4,63,40,16.1,0.4025
MA,2021,5,64,34,12.6,0.3706
MA,2021,6,65,42,13.6,0.3238
MA,2021,7,66,29,9.2,0.3172
MA,2021,8,67,49,16.2,0.3306
MA,2021,9,68,39,9.7,0.2487
MA,2021,10,69,31,11.3,0.3645
MA,2021,11,70,38,14.1,0.3711
MA,2021,12,71,45,19.7,0.4378
MI,2021,1,60,62,15.2,0.2452
MI,2021,2,61,57,18.0,0.3158
MI,2021,3,62,92,29.0,0.3152
MI,2021,4,63,95,27.4,0.2884
MI,2021,5,64,111,31.3,0.282
MI,2021,6,65,94,32.4,0.3447
MI,2021,7,66,112,41.2,0.3679
MI,2021,8,67,130,33.7,0.2592
MI,2021,9,68,104,30.9,0.2971
MI,2021,10,69,93,25.6,0.2753
MI,2021,11,70,100,23.6,0.236
MI,2021,12,71,87,17.7,0.2034
MN,2021,1,60,17,3.5,0.2059
MN,2021,2,61,28,8.4,0.3
MN,2021,3,62,30,4.3,0.1433
MN,2021,4,63,35,8.8,0.2514
MN,2021,5,64,50,19.3,0.386
MN,2021,6,65,48,13.0,0.2708
MN,2021,7,66,45,13.5,0.3
MN,2021,8,67,54,18.3,0.3389
MN,2021,9,68,51,10.4,0.2039
MN,2021,10,69,54,17.8,0.3296
MN,2021,11,70,46,12.5,0.2717
MN,2021,12,71,30,6.9,0.23
MS,2021,1,60,72,18.3,0.2542
MS,2021,2,61,56,11.9,0.2125
MS,2021,3,62,60,12.6,0.21
MS,2021,4,63,64,11.6,0.1812
MS,2021,5,64,69,14.1,0.2043
MS,2021,6,65,53,9.1,0.1717
MS,2021,7,66,63,16.3,0.2587
MS,2021,8,67,65,14.1,0.2169
MS,2021,9,68,71,13.4,0.1887
MS,2021,10,69,64,12.8,0.2
MS,2021,11,70,65,9.3,0.1431
MS,2021,12,71,64,8.6,0.1344
MO,2021,1,60,67,21.9,0.3269
MO,2021,2,61,55,15.2,0.2764
MO,2021,3,62,62,14.5,0.2339
MO,2021,4,63,88,29.8,0.3386
MO,2021,5,64,92,24.4,0.2652
MO,2021,6,65,109,39.2,0.3596
MO,2021,7,66,87,28.8,0.331
MO,2021,8,67,121,35.3,0.2917
MO,2021,9,68,94,21.8,0.2319
MO,2021,10,69,92,27.1,0.2946
MO,2021,11,70,78,13.8,0.1769
MO,2021,12,71,71,17.3,0.2437
MT,2021,1,60,19,8.6,0.4526
MT,2021,2,61,15,7.2,0.48
MT,2021,3,62,17,8.3,0.4882
MT,2021,4,63,18,8.5,0.4722
MT,2021,5,64,12,6.0,0.5
MT,2021,6,65,20,9.9,0.495
MT,2021,7,66,31,13.4,0.4323
MT,2021,8,67,14,5.6,0.4
MT,2021,9,68,26,10.4,0.4
MT,2021,10,69,24,9.9,0.4125
MT,2021,11,70,24,11.0,0.4583
MT,2021,12,71,19,2.8,0.1474
NE,2021,1,60,24,7.8,0.325
NE,2021,2,61,10,3.8,0.38
NE,2021,3,62,11,5.3,0.4818
NE,2021,4,63,16,3.4,0.2125
NE,2021,5,64,14,7.0,0.5
NE,2021,6,65,30,4.9,0.1633
NE,2021,7,66,21,3.9,0.1857
NE,2021,8,67,11,3.9,0.3545
NE,2021,9,68,22,8.7,0.3955
NE,2021,10,69,29,6.6,0.2276
NE,2021,11,70,15,5.2,0.3467
NE,2021,12,71,18,3.5,0.1944
NV,2021,1,60,33,11.7,0.3545
NV,2021,2,61,21,7.7,0.3667
NV,2021,3,62,27,11.0,0.4074
NV,2021,4,63,32,12.1,0.3781
NV,2021,5,64,35,11.6,0.3314
NV,2021,6,65,36,6.6,0.1833
NV,2021,7,66,27,6.8,0.2519
NV,2021,8,67,38,12.0,0.3158
NV,2021,9,68,39,15.7,0.4026
NV,2021,10,69,33,6.8,0.2061
NV,2021,11,70,36,11.5,0.3194
NV,2021,12,71,28,7.9,0.2821
NH,2021,1,60,8,4.3,0.5375
NH,2021,2,61,5,1.0,0.2
NH,2021,3,62,9,4.0,0.4444
NH,2021,4,63,11,4.5,0.4091
NH,2021,5,64,5,2.2,0.44
NH,2021,6,65,14,5.7,0.4071
NH,2021,7,66,8,2.2,0.275
NH,2021,8,67,12,8.0,0.6667
NH,2021,9,68,17,4.1,0.2412
NH,2021,10,69,10,4.0,0.4
NH,2021,11,70,9,2.4,0.2667
NH,2021,12,71,10,2.2,0.22
NJ,2021,1,60,49,7.7,0.1571
NJ,2021,2,61,26,8.2,0.3154
NJ,2021,3,62,55,16.0,0.2909
NJ,2021,4,63,42,9.0,0.2143
NJ,2021,5,64,45,9.7,0.2156
NJ,2021,6,65,63,17.5,0.2778
NJ,2021,7,66,68,21.7,0.3191
NJ,2021,8,67,66,21.0,0.3182
NJ,2021,9,68,65,17.0,0.2615
NJ,2021,10,69,82,14.6,0.178
NJ,2021,11,70,70,15.5,0.2214
NJ,2021,12,71,61,17.3,0.2836
NM,2021,1,60,34,9.6,0.2824
NM,2021,2,61,22,10.7,0.4864
NM,2021,3,62,34,14.1,0.4147
NM,2021,4,63,31,13.4,0.4323
NM,2021,5,64,50,15.6,0.312
NM,2021,6,65,43,9.1,0.2116
NM,2021,7,66,52,18.4,0.3538
NM,2021,8,67,42,10.4,0.2476
NM,2021,9,68,54,21.5,0.3981
NM,2021,10,69,38,5.6,0.1474
NM,2021,11,70,43,15.8,0.3674
NM,2021,12,71,40,12.2,0.305
NY,2021,1,60,62,20.2,0.3258
NY,2021,2,61,46,17.1,0.3717
NY,2021,3,62,60,18.9,0.315
NY,2021,4,63,96,26.2,0.2729
NY,2021,5,64,118,38.4,0.3254
NY,2021,6,65,94,37.9,0.4032
NY,2021,7,66,122,49.2,0.4033
NY,2021,8,67,118,40.0,0.339
NY,2021,9,68,110,38.8,0.3527
NY,2021,10,69,130,48.7,0.3746
NY,2021,11,70,99,26.4,0.2667
NY,2021,12,71,101,38.4,0.3802
NC,2021,1,60,130,29.4,0.2262
NC,2021,2,61,91,29.8,0.3275
NC,2021,3,62,117,36.0,0.3077
NC,2021,4,63,181,35.3,0.195
NC,2021,5,64,150,44.8,0.2987
NC,2021,6,65,159,51.4,0.3233
NC,2021,7,66,156,51.5,0.3301
NC,2021,8,67,136,42.7,0.314
NC,2021,9,68,140,37.6,0.2686
NC,2021,10,69,177,41.8,0.2362
NC,2021,11,70,115,42.6,0.3704
NC,2021,12,71,141,36.8,0.261
ND,2021,1,60,14,7.4,0.5286
ND,2021,2,61,3,0.5,0.1667
ND,2021,3,62,6,3.1,0.5167
ND,2021,4,63,6,2.2,0.3667
ND,2021,5,64,8,2.6,0.325
ND,2021,6,65,10,4.6,0.46
ND,2021,7,66,14,2.6,0.1857
ND,2021,8,67,14,5.6,0.4
ND,2021,9,68,11,2.9,0.2636
ND,2021,10,69,4,0.0,0.0
ND,2021,11,70,8,2.2,0.275
ND,2021,12,71,3,0.7,0.2333
OH,2021,1,60,106,41.5,0.3915
OH,2021,2,61,62,20.0,0.3226
OH,2021,3,62,99,33.2,0.3354
OH,2021,4,63,104,42.4,0.4077
OH,2021,5,64,120,56.4,0.47
OH,2021,6,65,109,38.4,0.3523
OH,2021,7,66,147,61.4,0.4177
OH,2021,8,67,132,49.1,0.372
OH,2021,9,68,136,50.2,0.3691
OH,2021,10,69,119,44.4,0.3731
OH,2021,11,70,123,51.0,0.4146
OH,2021,12,71,97,38.7,0.399
OK,2021,1,60,40,9.5,0.2375
OK,2021,2,61,33,7.5,0.2273
OK,2021,3,62,53,15.4,0.2906
OK,2021,4,63,59,17.9,0.3034
OK,2021,5,64,69,16.9,0.2449
OK,2021,6,65,77,17.7,0.2299
OK,2021,7,66,79,22.4,0.2835
OK,2021,8,67,67,18.5,0.2761
OK,2021,9,68,77,20.5,0.2662
OK,2021,10,69,75,17.7,0.236
OK,2021,11,70,59,18.4,0.3119
OK,2021,12,71,74,11.1,0.15
OR,2021,1,60,37,8.5,0.2297
OR,2021,2,61,42,11.4,0.2714
OR,2021,3,62,39,16.9,0.4333
OR,2021,4,63,48,23.5,0.4896
OR,2021,5,64,48,21.1,0.4396
OR,2021,6,65,48,16.1,0.3354
OR,2021,7,66,63,24.4,0.3873
OR,2021,8,67,62,20.9,0.3371
OR,2021,9,68,66,20.9,0.3167
OR,2021,10,69,39,12.7,0.3256
OR,2021,11,70,56,19.1,0.3411
OR,2021,12,71,51,21.9,0.4294
PA,2021,1,60,81,26.1,0.3222
PA,2021,2,61,63,18.4,0.2921
PA,2021,3,62,90,27.1,0.3011
PA,2021,4,63,81,25.9,0.3198
PA,2021,5,64,101,27.2,0.2693
PA,2021,6,65,114,29.0,0.2544
PA,2021,7,66,102,33.5,0.3284
PA,2021,8,67,135,36.6,0.2711
PA,2021,9,68,112,31.6,0.2821
PA,2021,10,69,138,28.9,0.2094
PA,2021,11,70,101,15.9,0.1574
PA,2021,12,71,112,31.2,0.2786
RI,2021,1,60,6,2.4,0.4
RI,2021,2,61,1,0.0,0.0
RI,2021,3,62,7,2.2,0.3143
RI,2021,4,63,8,1.4,0.175
RI,2021,5,64,4,3.0,0.75
RI,2021,6,65,6,2.0,0.3333
RI,2021,7,66,6,2.4,0.4
RI,2021,8,67,6,2.0,0.3333
RI,2021,9,68,5,1.9,0.38
RI,2021,10,69,4,3.0,0.75
RI,2021,11,70,7,2.1,0.3
RI,2021,12,71,3,1.6,0.5333
SC,2021,1,60,84,29.4,0.35
SC,2021,2,61,92,28.0,0.3043
SC,2021,3,62,86,28.6,0.3326
SC,2021,4,63,108,47.0,0.4352
SC,2021,5,64,98,36.1,0.3684
SC,2021,6,65,97,38.5,0.3969
SC,2021,7,66,99,30.4,0.3071
SC,2021,8,67,116,35.1,0.3026
SC,2021,9,68,97,27.9,0.2876
SC,2021,10,69,107,33.4,0.3121
SC,2021,11,70,105,38.0,0.3619
SC,2021,12,71,109,36.4,0.3339
SD,2021,1,60,7,2.2,0.3143
SD,2021,2,61,12,5.3,0.4417
SD,2021,3,62,12,4.0,0.3333
SD,2021,4,63,14,5.3,0.3786
SD,2021,5,64,11,6.1,0.5545
SD,2021,6,65,15,7.3,0.4867
SD,2021,7,66,18,8.2,0.4556
SD,2021,8,67,18,3.9,0.2167
SD,2021,9,68,13,2.3,0.1769
SD,2021,10,69,14,3.0,0.2143
SD,2021,11,70,6,2.4,0.4
SD,2021,12,71,8,1.0,0.125
TN,2021,1,60,97,21.7,0.2237
TN,2021,2,61,83,20.6,0.2482
TN,2021,3,62,99,24.0,0.2424
TN,2021,4,63,128,34.4,0.2688
TN,2021,5,64,116,30.8,0.2655
TN,2021,6,65,151,49.2,0.3258
TN,2021,7,66,95,22.7,0.2389
TN,2021,8,67,119,27.7,0.2328
TN,2021,9,68,109,28.5,0.2615
TN,2021,10,69,133,35.6,0.2677
TN,2021,11,70,102,27.1,0.2657
TN,2021,12,71,95,28.1,0.2958
TX,2021,1,60,357,161.3,0.4518
TX,2021,2,61,270,126.3,0.4678
TX,2021,3,62,380,153.6,0.4042
TX,2021,4,63,364,157.9,0.4338
TX,2021,5,64,359,159.7,0.4448
TX,2021,6,65,357,154.9,0.4339
TX,2021,7,66,395,172.1,0.4357
TX,2021,8,67,419,169.5,0.4045
TX,2021,9,68,402,178.2,0.4433
TX,2021,10,69,417,171.8,0.412
TX,2021,11,70,373,150.9,0.4046
TX,2021,12,71,407,171.1,0.4204
UT,2021,1,60,25,8.3,0.332
UT,2021,2,61,17,4.9,0.2882
UT,2021,3,62,21,7.4,0.3524
UT,2021,4,63,23,8.2,0.3565
UT,2021,5,64,28,5.8,0.2071
UT,2021,6,65,38,10.8,0.2842
UT,2021,7,66,31,5.4,0.1742
UT,2021,8,67,27,4.8,0.1778
UT,2021,9,68,29,5.0,0.1724
UT,2021,10,69,42,9.6,0.2286
UT,2021,11,70,31,3.8,0.1226
UT,2021,12,71,20,3.9,0.195
VT,2021,1,60,2,1.0,0.5
VT,2021,2,61,5,0.1,0.02
VT,2021,3,62,2,0.0,0.0
VT,2021,4,63,5,1.0,0.2
VT,2021,5,64,9,3.0,0.3333
VT,2021,6,65,5,0.0,0.0
VT,2021,7,66,6,4.0,0.6667
VT,2021,8,67,11,3.4,0.3091
VT,2021,9,68,9,4.1,0.4556
VT,2021,10,69,8,1.1,0.1375
VT,2021,11,70,6,2.0,0.3333
VT,2021,12,71,6,2.1,0.35
VA,2021,1,60,52,18.0,0.3462
VA,2021,2,61,51,10.7,0.2098
VA,2021,3,62,64,24.4,0.3812
VA,2021,4,63,84,22.7,0.2702
VA,2021,5,64,101,33.5,0.3317
VA,2021,6,65,66,18.8,0.2848
VA,2021,7,66,108,29.1,0.2694
VA,2021,8,67,85,23.6,0.2776
VA,2021,9,68,83,24.1,0.2904
VA,2021,10,69,116,38.3,0.3302
VA,2021,11,70,85,18.1,0.2129
VA,2021,12,71,78,22.5,0.2885
WA,2021,1,60,40,13.9,0.3475
WA,2021,2,61,27,10.7,0.3963
WA,2021,3,62,48,18.0,0.375
WA,2021,4,63,41,11.1,0.2707
WA,2021,5,64,47,20.4,0.434
WA,2021,6,65,73,28.0,0.3836
WA,2021,7,66,64,22.5,0.3516
WA,2021,8,67,84,33.1,0.394
WA,2021,9,68,69,31.5,0.4565
WA,2021,10,69,64,25.9,0.4047
WA,2021,11,70,66,24.4,0.3697
WA,2021,12,71,51,22.5,0.4412
WV,2021,1,60,27,5.8,0.2148
WV,2021,2,61,11,1.0,0.0909
WV,2021,3,62,14,3.7,0.2643
WV,2021,4,63,21,5.1,0.2429
WV,2021,5,64,26,6.6,0.2538
WV,2021,6,65,28,4.7,0.1679
WV,2021,7,66,24,6.6,0.275
WV,2021,8,67,25,6.9,0.276
WV,2021,9,68,25,8.8,0.352
WV,2021,10,69,29,6.8,0.2345
WV,2021,11,70,24,1.4,0.0583
WV,2021,12,71,28,7.9,0.2821
WI,2021,1,60,36,12.2,0.3389
WI,2021,2,61,28,11.8,0.4214
WI,2021,3,62,28,9.7,0.3464
WI,2021,4,63,40,7.6,0.19
WI,2021,5,64,63,19.4,0.3079
WI,2021,6,65,58,14.6,0.2517
WI,2021,7,66,60,24.8,0.4133
WI,2021,8,67,74,19.4,0.2622
WI,2021,9,68,79,29.9,0.3785
WI,2021,10,69,83,28.0,0.3373
WI,2021,11,70,28,10.7,0.3821
WI,2021,12,71,43,9.3,0.2163
WY,2021,1,60,13,4.2,0.3231
WY,2021,2,61,4,2.0,0.5
WY,2021,3,62,6,1.4,0.2333
WY,2021,4,63,6,2.0,0.3333
WY,2021,5,64,9,6.0,0.6667
WY,2021,6,65,7,2.4,0.3429
WY,2021,7,66,12,1.1,0.0917
WY,2021,8,67,18,6.1,0.3389
WY,2021,9,68,13,4.1,0.3154
WY,2021,10,69,5,4.1,0.82
WY,2021,11,70,13,3.5,0.2692
WY,2021,12,71,4,0.1,0.025
AL,2022,1,72,60,20.7,0.345
AL,2022,2,73,76,23.7,0.3118
AL,2022,3,74,69,16.8,0.2435
AL,2022,4,75,87,27.3,0.3138
AL,2022,5,76,109,27.0,0.2477
AL,2022,6,77,77,26.0,0.3377
AL,2022,7,78,86,29.8,0.3465
AL,2022,8,79,79,22.5,0.2848
AL,2022,9,80,93,20.0,0.2151
AL,2022,10,81,89,19.3,0.2169
AL,2022,11,82,95,28.7,0.3021
AL,2022,12,83,68,13.8,0.2029
AK,2022,1,72,5,0.1,0.02
AK,2022,2,73,3,0.0,0.0
AK,2022,3,74,6,3.0,0.5
AK,2022,4,75,4,3.1,0.775
AK,2022,5,76,10,1.4,0.14
AK,2022,6,77,5,0.0,0.0
AK,2022,7,78,13,4.0,0.3077
AK,2022,8,79,11,4.2,0.3818
AK,2022,9,80,3,0.0,0.0
AK,2022,10,81,7,3.0,0.4286
AK,2022,11,82,5,1.0,0.2
AK,2022,12,83,10,0.1,0.01
AZ,2022,1,72,95,33.4,0.3516
AZ,2022,2,73,87,24.6,0.2828
AZ,2022,3,74,133,44.1,0.3316
AZ,2022,4,75,127,43.6,0.3433
AZ,2022,5,76,99,33.9,0.3424
AZ,2022,6,77,94,34.3,0.3649
AZ,2022,7,78,99,38.2,0.3859
AZ,2022,8,79,107,36.4,0.3402
AZ,2022,9,80,95,31.6,0.3326
AZ,2022,10,81,134,47.4,0.3537
AZ,2022,11,82,132,47.8,0.3621
AZ,2022,12,83,118,41.1,0.3483
AR,2022,1,72,38,7.7,0.2026
AR,2022,2,73,43,10.7,0.2488
AR,2022,3,74,41,5.8,0.1415
AR,2022,4,75,43,10.2,0.2372
AR,2022,5,76,56,13.0,0.2321
AR,2022,6,77,54,6.4,0.1185
AR,2022,7,78,53,20.2,0.3811
AR,2022,8,79,82,20.5,0.25
AR,2022,9,80,53,12.3,0.2321
AR,2022,10,81,64,15.4,0.2406
AR,2022,11,82,49,15.6,0.3184
AR,2022,12,83,61,11.7,0.1918
CA,2022,1,72,380,115.7,0.3045
CA,2022,2,73,369,111.6,0.3024
CA,2022,3,74,361,129.3,0.3582
CA,2022,4,75,360,117.0,0.325
CA,2022,5,76,375,110.8,0.2955
CA,2022,6,77,372,123.2,0.3312
CA,2022,7,78,353,122.3,0.3465
CA,2022,8,79,416,131.4,0.3159
CA,2022,9,80,381,105.9,0.278
CA,2022,10,81,421,123.3,0.2929
CA,2022,11,82,373,129.0,0.3458
CA,2022,12,83,378,101.1,0.2675
CO,2022,1,72,41,10.2,0.2488
CO,2022,2,73,48,11.8,0.2458
CO,2022,3,74,47,17.9,0.3809
CO,2022,4,75,66,31.1,0.4712
CO,2022,5,76,61,25.0,0.4098
CO,2022,6,77,78,24.8,0.3179
CO,2022,7,78,63,25.1,0.3984
CO,2022,8,79,84,24.9,0.2964
CO,2022,9,80,88,25.6,0.2909
CO,2022,10,81,84,28.2,0.3357
CO,2022,11,82,56,15.2,0.2714
CO,2022,12,83,48,18.8,0.3917
CT,2022,1,72,26,6.5,0.25
CT,2022,2,73,27,12.7,0.4704
CT,2022,3,74,26,10.7,0.4115
CT,2022,4,75,22,8.6,0.3909
CT,2022,5,76,37,16.5,0.4459
CT,2022,6,77,39,13.8,0.3538
CT,2022,7,78,34,12.8,0.3765
CT,2022,8,79,26,7.9,0.3038
CT,2022,9,80,26,6.8,0.2615
CT,2022,10,81,29,10.1,0.3483
CT,2022,11,82,41,9.3,0.2268
CT,2022,12,83,33,13.3,0.403
DE,2022,1,72,10,0.6,0.06
DE,2022,2,73,19,4.0,0.2105
DE,2022,3,74,9,4.1,0.4556
DE,2022,4,75,8,2.8,0.35
DE,2022,5,76,13,5.8,0.4462
DE,2022,6,77,15,4.4,0.2933
DE,2022,7,78,9,4.0,0.4444
DE,2022,8,79,11,1.4,0.1273
DE,2022,9,80,14,5.7,0.4071
DE,2022,10,81,17,1.1,0.0647
DE,2022,11,82,16,10.3,0.6438
DE,2022,12,83,21,6.9,0.3286
DC,2022,2,73,3,0.9,0.3
DC,2022,3,74,7,3.6,0.5143
DC,2022,4,75,2,2.0,1.0
DC,2022,5,76,2,1.0,0.5
DC,2022,6,77,1,0.0,0.0
DC,2022,7,78,4,0.0,0.0
DC,2022,8,79,1,0.1,0.1
DC,2022,9,80,3,0.3,0.1
DC,2022,10,81,1,0.0,0.0
DC,2022,11,82,4,1.6,0.4
DC,2022,12,83,4,0.5,0.125
FL,2022,1,72,322,97.1,0.3016
FL,2022,2,73,295,73.7,0.2498
FL,2022,3,74,363,86.3,0.2377
FL,2022,4,75,318,93.7,0.2947
FL,2022,5,76,289,92.8,0.3211
FL,2022,6,77,245,64.1,0.2616
FL,2022,7,78,265,62.6,0.2362
FL,2022,8,79,270,73.2,0.2711
FL,2022,9,80,262,69.0,0.2634
FL,2022,10,81,284,60.1,0.2116
FL,2022,11,82,284,68.8,0.2423
FL,2022,12,83,351,90.8,0.2587
GA,2022,1,72,133,45.7,0.3436
GA,2022,2,73,158,36.0,0.2278
GA,2022,3,74,172,56.5,0.3285
GA,2022,4,75,133,39.5,0.297
GA,2022,5,76,137,36.7,0.2679
GA,2022,6,77,145,41.0,0.2828
GA,2022,7,78,168,47.7,0.2839
GA,2022,8,79,123,35.3,0.287
GA,2022,9,80,150,45.3,0.302
GA,2022,10,81,194,57.4,0.2959
GA,2022,11,82,134,30.4,0.2269
GA,2022,12,83,149,37.1,0.249
HI,2022,1,72,16,7.4,0.4625
HI,2022,2,73,12,3.7,0.3083
HI,2022,3,74,9,3.1,0.3444
HI,2022,4,75,8,1.7,0.2125
HI,2022,5,76,11,2.9,0.2636
HI,2022,6,77,6,1.6,0.2667
HI,2022,7,78,9,3.8,0.4222
HI,2022,8,79,10,3.4,0.34
HI,2022,9,80,8,1.8,0.225
HI,2022,10,81,4,2.2,0.55
HI,2022,11,82,16,4.0,0.25
HI,2022,12,83,7,0.8,0.1143
ID,2022,1,72,9,3.1,0.3444
ID,2022,2,73,10,1.4,0.14
ID,2022,3,74,13,2.1,0.1615
ID,2022,4,75,17,11.0,0.6471
ID,2022,5,76,8,3.9,0.4875
ID,2022,6,77,22,13.7,0.6227
ID,2022,7,78,35,8.5,0.2429
ID,2022,8,79,21,3.6,0.1714
ID,2022,9,80,26,8.3,0.3192
ID,2022,10,81,23,5.6,0.2435
ID,2022,11,82,22,4.3,0.1955
ID,2022,12,83,9,3.1,0.3444
IL,2022,1,72,95,30.8,0.3242
IL,2022,2,73,72,27.4,0.3806
IL,2022,3,74,101,30.7,0.304
IL,2022,4,75,85,29.8,0.3506
IL,2022,5,76,112,36.2,0.3232
IL,2022,6,77,132,48.5,0.3674
IL,2022,7,78,128,49.8,0.3891
IL,2022,8,79,86,24.3,0.2826
IL,2022,9,80,123,43.2,0.3512
IL,2022,10,81,135,47.7,0.3533
IL,2022,11,82,100,30.0,0.3
IL,2022,12,83,99,23.9,0.2414
IN,2022,1,72,79,19.7,0.2494
IN,2022,2,73,49,14.8,0.302
IN,2022,3,74,89,26.3,0.2955
IN,2022,4,75,62,19.1,0.3081
IN,2022,5,76,82,25.5,0.311
IN,2022,6,77,96,27.5,0.2865
IN,2022,7,78,101,33.2,0.3287
IN,2022,8,79,114,36.5,0.3202
IN,2022,9,80,80,24.2,0.3025
IN,2022,10,81,90,23.8,0.2644
IN,2022,11,82,63,17.1,0.2714
IN,2022,12,83,71,17.7,0.2493
IA,2022,1,72,17,5.4,0.3176
IA,2022,2,73,22,6.9,0.3136
IA,2022,3,74,28,10.4,0.3714
IA,2022,4,75,22,6.1,0.2773
IA,2022,5,76,38,11.3,0.2974
IA,2022,6,77,21,10.0,0.4762
IA,2022,7,78,41,21.1,0.5146
IA,2022,8,79,33,8.6,0.2606
IA,2022,9,80,33,13.7,0.4152
IA,2022,10,81,33,11.9,0.3606
IA,2022,11,82,26,3.6,0.1385
IA,2022,12,83,22,6.1,0.2773
KS,2022,1,72,26,11.2,0.4308
KS,2022,2,73,28,11.3,0.4036
KS,2022,3,74,38,6.8,0.1789
KS,2022,4,75,25,6.4,0.256
KS,2022,5,76,36,10.3,0.2861
KS,2022,6,77,46,19.4,0.4217
KS,2022,7,78,24,11.0,0.4583
KS,2022,8,79,33,7.5,0.2273
KS,2022,9,80,39,13.3,0.341
KS,2022,10,81,43,13.1,0.3047
KS,2022,11,82,34,13.8,0.4059
KS,2022,12,83,38,11.7,0.3079
KY,2022,1,72,56,14.0,0.25
KY,2022,2,73,48,7.7,0.1604
KY,2022,3,74,61,17.6,0.2885
KY,2022,4,75,56,13.9,0.2482
KY,2022,5,76,49,13.5,0.2755
KY,2022,6,77,63,15.0,0.2381
KY,2022,7,78,74,25.8,0.3486
KY,2022,8,79,62,11.8,0.1903
KY,2022,9,80,79,15.5,0.1962
KY,2022,10,81,78,20.0,0.2564
KY,2022,11,82,74,10.9,0.1473
KY,2022,12,83,44,10.8,0.2455
LA,2022,1,72,73,24.5,0.3356
LA,2022,2,73,67,24.1,0.3597
LA,2022,3,74,63,18.2,0.2889
LA,2022,4,75,76,22.8,0.3
LA,2022,5,76,81,21.7,0.2679
LA,2022,6,77,68,20.2,0.2971
LA,2022,7,78,76,33.2,0.4368
LA,2022,8,79,76,16.6,0.2184
LA,2022,9,80,72,13.3,0.1847
LA,2022,10,81,94,28.1,0.2989
LA,2022,11,82,78,24.5,0.3141
LA,2022,12,83,82,23.4,0.2854
ME,2022,1,72,13,4.3,0.3308
ME,2022,2,73,13,5.3,0.4077
ME,2022,3,74,7,4.0,0.5714
ME,2022,4,75,10,3.2,0.32
ME,2022,5,76,19,8.2,0.4316
ME,2022,6,77,22,7.2,0.3273
ME,2022,7,78,13,4.1,0.3154
ME,2022,8,79,21,8.5,0.4048
ME,2022,9,80,13,4.4,0.3385
ME,2022,10,81,18,5.4,0.3
ME,2022,11,82,16,1.5,0.0938
ME,2022,12,83,17,7.8,0.4588
MD,2022,1,72,49,17.5,0.3571
MD,2022,2,73,32,11.1,0.3469
MD,2022,3,74,48,19.6,0.4083
MD,2022,4,75,37,13.8,0.373
MD,2022,5,76,51,18.0,0.3529
MD,2022,6,77,54,12.7,0.2352
MD,2022,7,78,41,17.7,0.4317
MD,2022,8,79,59,18.3,0.3102
MD,2022,9,80,40,14.7,0.3675
MD,2022,10,81,58,22.5,0.3879
MD,2022,11,82,45,19.5,0.4333
MD,2022,12,83,52,14.0,0.2692
MA,2022,1,72,28,10.0,0.3571
MA,2022,2,73,35,11.4,0.3257
MA,2022,3,74,24,5.3,0.2208
MA,2022,4,75,23,8.6,0.3739
MA,2022,5,76,43,10.6,0.2465
MA,2022,6,77,44,12.0,0.2727
MA,2022,7,78,41,10.8,0.2634
MA,2022,8,79,47,13.5,0.2872
MA,2022,9,80,37,9.4,0.2541
MA,2022,10,81,42,12.1,0.2881
MA,2022,11,82,33,7.4,0.2242
MA,2022,12,83,38,11.2,0.2947
MI,2022,1,72,89,26.3,0.2955
MI,2022,2,73,65,18.9,0.2908
MI,2022,3,74,69,20.9,0.3029
MI,2022,4,75,66,17.3,0.2621
MI,2022,5,76,114,35.2,0.3088
MI,2022,6,77,124,28.7,0.2315
MI,2022,7,78,118,36.3,0.3076
MI,2022,8,79,93,25.5,0.2742
MI,2022,9,80,113,27.4,0.2425
MI,2022,10,81,96,16.9,0.176
MI,2022,11,82,92,25.2,0.2739
MI,2022,12,83,85,15.3,0.18
MN,2022,1,72,14,5.2,0.3714
MN,2022,2,73,27,7.0,0.2593
MN,2022,3,74,20,6.2,0.31
MN,2022,4,75,27,7.3,0.2704
MN,2022,5,76,45,9.3,0.2067
MN,2022,6,77,46,10.0,0.2174
MN,2022,7,78,56,19.1,0.3411
MN,2022,8,79,53,24.1,0.4547
MN,2022,9,80,53,16.8,0.317
MN,2022,10,81,45,12.9,0.2867
MN,2022,11,82,31,8.1,0.2613
MN,2022,12,83,27,9.8,0.363
MS,2022,1,72,56,12.5,0.2232
MS,2022,2,73,43,7.8,0.1814
MS,2022,3,74,59,15.7,0.2661
MS,2022,4,75,63,12.6,0.2
MS,2022,5,76,59,11.4,0.1932
MS,2022,6,77,59,9.8,0.1661
MS,2022,7,78,66,15.7,0.2379
MS,2022,8,79,58,12.2,0.2103
MS,2022,9,80,68,16.3,0.2397
MS,2022,10,81,71,17.3,0.2437
MS,2022,11,82,55,14.4,0.2618
MS,2022,12,83,46,10.3,0.2239
MO,2022,1,72,73,25.8,0.3534
MO,2022,2,73,60,18.1,0.3017
MO,2022,3,74,68,18.1,0.2662
MO,2022,4,75,72,24.7,0.3431
MO,2022,5,76,89,29.4,0.3303
MO,2022,6,77,100,26.9,0.269
MO,2022,7,78,102,29.0,0.2843
MO,2022,8,79,94,27.1,0.2883
MO,2022,9,80,115,23.7,0.2061
MO,2022,10,81,103,23.0,0.2233
MO,2022,11,82,83,21.4,0.2578
MO,2022,12,83,98,22.5,0.2296
MT,2022,1,72,11,1.0,0.0909
MT,2022,2,73,7,3.0,0.4286
MT,2022,3,74,16,8.0,0.5
MT,2022,4,75,14,3.1,0.2214
MT,2022,5,76,7,2.3,0.3286
MT,2022,6,77,15,6.8,0.4533
MT,2022,7,78,42,8.6,0.2048
MT,2022,8,79,34,11.4,0.3353
MT,2022,9,80,29,8.0,0.2759
MT,2022,10,81,19,12.1,0.6368
MT,2022,11,82,11,2.0,0.1818
MT,2022,12,83,10,4.1,0.41
NE,2022,1,72,24,6.1,0.2542
NE,2022,2,73,13,1.4,0.1077
NE,2022,3,74,28,5.2,0.1857
NE,2022,4,75,14,2.4,0.1714
NE,2022,5,76,19,5.6,0.2947
NE,2022,6,77,22,7.6,0.3455
NE,2022,7,78,17,5.6,0.3294
NE,2022,8,79,23,7.7,0.3348
NE,2022,9,80,33,7.7,0.2333
NE,2022,10,81,16,10.2,0.6375
NE,2022,11,82,20,4.0,0.2
NE,2022,12,83,15,4.5,0.3
NV,2022,1,72,31,11.8,0.3806
NV,2022,2,73,24,6.2,0.2583
NV,2022,3,74,40,13.8,0.345
NV,2022,4,75,32,14.4,0.45
NV,2022,5,76,38,16.4,0.4316
NV,2022,6,77,40,11.9,0.2975
NV,2022,7,78,31,9.3,0.3
NV,2022,8,79,33,9.3,0.2818
NV,2022,9,80,33,8.0,0.2424
NV,2022,10,81,44,18.0,0.4091
NV,2022,11,82,35,10.3,0.2943
NV,2022,12,83,36,12.0,0.3333
NH,2022,1,72,13,3.3,0.2538
NH,2022,2,73,4,0.2,0.05
NH,2022,3,74,4,1.0,0.25
NH,2022,4,75,12,5.6,0.4667
NH,2022,5,76,10,4.0,0.4
NH,2022,6,77,21,9.7,0.4619
NH,2022,7,78,13,2.5,0.1923
NH,2022,8,79,13,3.3,0.2538
NH,2022,9,80,17,8.4,0.4941
NH,2022,10,81,9,2.0,0.2222
NH,2022,11,82,15,6.6,0.44
NH,2022,12,83,15,5.3,0.3533
NJ,2022,1,72,52,13.2,0.2538
NJ,2022,2,73,40,10.3,0.2575
NJ,2022,3,74,46,13.5,0.2935
NJ,2022,4,75,49,13.6,0.2776
NJ,2022,5,76,69,21.2,0.3072
NJ,2022,6,77,68,15.1,0.2221
NJ,2022,7,78,77,26.3,0.3416
NJ,2022,8,79,56,12.8,0.2286
NJ,2022,9,80,68,18.5,0.2721
NJ,2022,10,81,57,15.1,0.2649
NJ,2022,11,82,57,11.7,0.2053
NJ,2022,12,83,50,8.9,0.178
NM,2022,1,72,30,9.0,0.3
NM,2022,2,73,38,11.4,0.3
NM,2022,3,74,41,15.3,0.3732
NM,2022,4,75,33,13.0,0.3939
NM,2022,5,76,44,11.9,0.2705
NM,2022,6,77,26,7.5,0.2885
NM,2022,7,78,53,16.9,0.3189
NM,2022,8,79,42,14.3,0.3405
NM,2022,9,80,44,13.4,0.3045
NM,2022,10,81,43,11.7,0.2721
NM,2022,11,82,35,9.2,0.2629
NM,2022,12,83,37,14.2,0.3838
NY,2022,1,72,65,21.3,0.3277
NY,2022,2,73,93,40.6,0.4366
NY,2022,3,74,81,31.7,0.3914
NY,2022,4,75,66,19.1,0.2894
NY,2022,5,76,108,35.5,0.3287
NY,2022,6,77,99,27.7,0.2798
NY,2022,7,78,138,50.3,0.3645
NY,2022,8,79,123,42.8,0.348
NY,2022,9,80,114,34.5,0.3026
NY,2022,10,81,97,30.1,0.3103
NY,2022,11,82,97,23.3,0.2402
NY,2022,12,83,101,25.9,0.2564
NC,2022,1,72,134,37.2,0.2776
NC,2022,2,73,124,35.5,0.2863
NC,2022,3,74,118,34.9,0.2958
NC,2022,4,75,102,30.1,0.2951
NC,2022,5,76,150,35.9,0.2393
NC,2022,6,77,130,45.2,0.3477
NC,2022,7,78,146,46.4,0.3178
NC,2022,8,79,141,31.9,0.2262
NC,2022,9,80,147,43.3,0.2946
NC,2022,10,81,148,32.6,0.2203
NC,2022,11,82,141,33.7,0.239
NC,2022,12,83,150,47.1,0.314
ND,2022,1,72,7,0.0,0.0
ND,2022,2,73,4,3.1,0.775
ND,2022,3,74,4,0.1,0.025
ND,2022,4,75,4,1.1,0.275
ND,2022,5,76,7,2.2,0.3143
ND,2022,6,77,13,5.0,0.3846
ND,2022,7,78,12,4.7,0.3917
ND,2022,8,79,13,6.1,0.4692
ND,2022,9,80,12,3.0,0.25
ND,2022,10,81,15,6.1,0.4067
ND,2022,11,82,5,1.4,0.28
ND,2022,12,83,2,0.1,0.05
OH,2022,1,72,79,33.6,0.4253
OH,2022,2,73,61,24.0,0.3934
OH,2022,3,74,92,37.3,0.4054
OH,2022,4,75,114,44.4,0.3895
OH,2022,5,76,116,39.2,0.3379
OH,2022,6,77,105,45.9,0.4371
OH,2022,7,78,130,47.9,0.3685
OH,2022,8,79,142,50.9,0.3585
OH,2022,9,80,110,40.0,0.3636
OH,2022,10,81,115,40.6,0.353
OH,2022,11,82,114,42.3,0.3711
OH,2022,12,83,96,34.4,0.3583
OK,2022,1,72,60,18.8,0.3133
OK,2022,2,73,36,14.3,0.3972
OK,2022,3,74,51,8.1,0.1588
OK,2022,4,75,49,6.7,0.1367
OK,2022,5,76,64,19.9,0.3109
OK,2022,6,77,63,15.7,0.2492
OK,2022,7,78,63,16.4,0.2603
OK,2022,8,79,63,13.8,0.219
OK,2022,9,80,93,25.6,0.2753
OK,2022,10,81,63,19.3,0.3063
OK,2022,11,82,59,15.1,0.2559
OK,2022,12,83,46,15.0,0.3261
OR,2022,1,72,50,21.3,0.426
OR,2022,2,73,38,12.2,0.3211
OR,2022,3,74,43,20.4,0.4744
OR,2022,4,75,40,17.5,0.4375
OR,2022,5,76,42,11.4,0.2714
OR,2022,6,77,40,14.9,0.3725
OR,2022,7,78,52,22.8,0.4385
OR,2022,8,79,68,29.3,0.4309
OR,2022,9,80,61,23.5,0.3852
OR,2022,10,81,66,28.1,0.4258
OR,2022,11,82,44,15.4,0.35
OR,2022,12,83,58,19.1,0.3293
PA,2022,1,72,69,22.1,0.3203
PA,2022,2,73,80,34.7,0.4338
PA,2022,3,74,84,21.2,0.2524
PA,2022,4,75,90,25.9,0.2878
PA,2022,5,76,96,30.5,0.3177
PA,2022,6,77,114,34.6,0.3035
PA,2022,7,78,111,33.7,0.3036
PA,2022,8,79,127,40.9,0.322
PA,2022,9,80,102,26.7,0.2618
PA,2022,10,81,103,26.5,0.2573
PA,2022,11,82,103,20.9,0.2029
PA,2022,12,83,100,28.0,0.28
RI,2022,1,72,5,3.2,0.64
RI,2022,2,73,1,1.0,1.0
RI,2022,3,74,1,0.0,0.0
RI,2022,4,75,2,0.4,0.2
RI,2022,5,76,4,0.6,0.15
RI,2022,6,77,1,1.0,1.0
RI,2022,7,78,10,5.2,0.52
RI,2022,8,79,8,3.4,0.425
RI,2022,9,80,6,3.9,0.65
RI,2022,10,81,5,1.7,0.34
RI,2022,11,82,2,1.1,0.55
RI,2022,12,83,7,1.2,0.1714
SC,2022,1,72,75,34.8,0.464
SC,2022,2,73,88,38.4,0.4364
SC,2022,3,74,88,39.7,0.4511
SC,2022,4,75,81,33.8,0.4173
SC,2022,5,76,95,46.9,0.4937
SC,2022,6,77,88,31.1,0.3534
SC,2022,7,78,109,50.4,0.4624
SC,2022,8,79,80,37.1,0.4638
SC,2022,9,80,100,42.3,0.423
SC,2022,10,81,110,43.0,0.3909
SC,2022,11,82,92,36.5,0.3967
SC,2022,12,83,88,36.8,0.4182
SD,2022,1,72,7,2.4,0.3429
SD,2022,2,73,9,4.3,0.4778
SD,2022,3,74,8,0.6,0.075
SD,2022,4,75,8,4.2,0.525
SD,2022,5,76,10,2.7,0.27
SD,2022,6,77,6,2.2,0.3667
SD,2022,7,78,14,9.8,0.7
SD,2022,8,79,18,3.0,0.1667
SD,2022,9,80,13,2.4,0.1846
SD,2022,10,81,19,7.5,0.3947
SD,2022,11,82,15,3.7,0.2467
SD,2022,12,83,10,2.4,0.24
TN,2022,1,72,100,29.5,0.295
TN,2022,2,73,71,21.6,0.3042
TN,2022,3,74,101,28.9,0.2861
TN,2022,4,75,112,24.0,0.2143
TN,2022,5,76,110,32.5,0.2955
TN,2022,6,77,111,37.1,0.3342
TN,2022,7,78,123,38.5,0.313
TN,2022,8,79,122,29.9,0.2451
TN,2022,9,80,144,34.4,0.2389
TN,2022,10,81,110,27.8,0.2527
TN,2022,11,82,102,27.9,0.2735
TN,2022,12,83,107,29.0,0.271
TX,2022,1,72,383,171.6,0.448
TX,2022,2,73,320,139.5,0.4359
TX,2022,3,74,343,149.4,0.4356
TX,2022,4,75,337,148.8,0.4415
TX,2022,5,76,371,173.2,0.4668
TX,2022,6,77,350,155.5,0.4443
TX,2022,7,78,357,154.8,0.4336
TX,2022,8,79,363,143.7,0.3959
TX,2022,9,80,423,175.7,0.4154
TX,2022,10,81,387,155.5,0.4018
TX,2022,11,82,358,136.7,0.3818
TX,2022,12,83,416,177.1,0.4257
UT,2022,1,72,21,4.3,0.2048
UT,2022,2,73,20,6.8,0.34
UT,2022,3,74,32,6.4,0.2
UT,2022,4,75,27,6.2,0.2296
UT,2022,5,76,29,5.1,0.1759
UT,2022,6,77,22,5.3,0.2409
UT,2022,7,78,38,6.0,0.1579
UT,2022,8,79,28,6.5,0.2321
UT,2022,9,80,25,4.5,0.18
UT,2022,10,81,35,8.3,0.2371
UT,2022,11,82,21,2.7,0.1286
UT,2022,12,83,21,10.6,0.5048
VT,2022,1,72,4,1.0,0.25
VT,2022,2,73,6,1.0,0.1667
VT,2022,3,74,5,2.5,0.5
VT,2022,4,75,7,3.6,0.5143
VT,2022,5,76,7,1.7,0.2429
VT,2022,6,77,10,2.7,0.27
VT,2022,7,78,7,4.0,0.5714
VT,2022,8,79,10,3.7,0.37
VT,2022,9,80,7,1.5,0.2143
VT,2022,10,81,6,1.6,0.2667
VT,2022,11,82,4,2.3,0.575
VT,2022,12,83,3,0.1,0.0333
VA,2022,1,72,65,15.5,0.2385
VA,2022,2,73,93,30.6,0.329
VA,2022,3,74,64,19.1,0.2984
VA,2022,4,75,62,12.6,0.2032
VA,2022,5,76,91,31.0,0.3407
VA,2022,6,77,88,27.8,0.3159
VA,2022,7,78,87,30.9,0.3552
VA,2022,8,79,90,29.7,0.33
VA,2022,9,80,102,24.9,0.2441
VA,2022,10,81,108,23.2,0.2148
VA,2022,11,82,89,26.4,0.2966
VA,2022,12,83,67,17.7,0.2642
WA,2022,1,72,54,16.8,0.3111
WA,2022,2,73,53,20.0,0.3774
WA,2022,3,74,57,18.4,0.3228
WA,2022,4,75,52,22.1,0.425
WA,2022,5,76,74,29.3,0.3959
WA,2022,6,77,61,26.0,0.4262
WA,2022,7,78,66,27.7,0.4197
WA,2022,8,79,95,29.4,0.3095
WA,2022,9,80,72,26.2,0.3639
WA,2022,10,81,65,24.3,0.3738
WA,2022,11,82,54,17.9,0.3315
WA,2022,12,83,40,8.7,0.2175
WV,2022,1,72,12,2.5,0.2083
WV,2022,2,73,18,3.7,0.2056
WV,2022,3,74,25,3.9,0.156
WV,2022,4,75,19,0.5,0.0263
WV,2022,5,76,22,6.6,0.3
WV,2022,6,77,27,6.7,0.2481
WV,2022,7,78,27,6.0,0.2222
WV,2022,8,79,27,6.5,0.2407
WV,2022,9,80,15,3.6,0.24
WV,2022,10,81,23,1.5,0.0652
WV,2022,11,82,24,9.1,0.3792
WV,2022,12,83,27,7.7,0.2852
WI,2022,1,72,46,17.1,0.3717
WI,2022,2,73,35,14.4,0.4114
WI,2022,3,74,37,9.4,0.2541
WI,2022,4,75,42,16.8,0.4
WI,2022,5,76,50,13.9,0.278
WI,2022,6,77,66,17.6,0.2667
WI,2022,7,78,58,18.3,0.3155
WI,2022,8,79,60,15.4,0.2567
WI,2022,9,80,57,14.9,0.2614
WI,2022,10,81,67,16.5,0.2463
WI,2022,11,82,51,8.4,0.1647
WI,2022,12,83,35,8.9,0.2543
WY,2022,1,72,3,0.1,0.0333
WY,2022,2,73,9,0.1,0.0111
WY,2022,3,74,6,2.7,0.45
WY,2022,4,75,9,0.8,0.0889
WY,2022,5,76,9,1.7,0.1889
WY,2022,6,77,14,6.2,0.4429
WY,2022,7,78,11,2.9,0.2636
WY,2022,8,79,23,7.9,0.3435
WY,2022,9,80,13,4.7,0.3615
WY,2022,10,81,16,6.2,0.3875
WY,2022,11,82,11,2.9,0.2636
WY,2022,12,83,10,2.9,0.29
AL,2023,1,84,65,16.6,0.2554
AL,2023,2,85,72,16.9,0.2347
AL,2023,3,86,88,22.2,0.2523
AL,2023,4,87,77,23.6,0.3065
AL,2023,5,88,73,24.0,0.3288
AL,2023,6,89,88,24.2,0.275
AL,2023,7,90,75,26.0,0.3467
AL,2023,8,91,83,25.3,0.3048
AL,2023,9,92,87,26.2,0.3011
AL,2023,10,93,85,12.1,0.1424
AL,2023,11,94,86,29.2,0.3395
AL,2023,12,95,95,27.8,0.2926
AK,2023,1,84,6,1.2,0.2
AK,2023,2,85,1,0.0,0.0
AK,2023,3,86,5,0.3,0.06
AK,2023,4,87,2,0.1,0.05
AK,2023,5,88,5,0.0,0.0
AK,2023,6,89,9,3.8,0.4222
AK,2023,7,90,7,2.1,0.3
AK,2023,8,91,9,3.4,0.3778
AK,2023,9,92,8,1.6,0.2
AK,2023,10,93,2,2.0,1.0
AK,2023,11,94,2,0.4,0.2
AK,2023,12,95,5,1.0,0.2
AZ,2023,1,84,95,24.1,0.2537
AZ,2023,2,85,105,39.9,0.38
AZ,2023,3,86,135,45.4,0.3363
AZ,2023,4,87,113,36.2,0.3204
AZ,2023,5,88,113,43.3,0.3832
AZ,2023,6,89,108,32.8,0.3037
AZ,2023,7,90,90,34.2,0.38
AZ,2023,8,91,82,30.6,0.3732
AZ,2023,9,92,108,35.3,0.3269
AZ,2023,10,93,127,38.0,0.2992
AZ,2023,11,94,113,34.8,0.308
AZ,2023,12,95,119,42.8,0.3597
AR,2023,1,84,52,14.7,0.2827
AR,2023,2,85,47,12.5,0.266
AR,2023,3,86,41,11.1,0.2707
AR,2023,4,87,55,15.8,0.2873
AR,2023,5,88,45,13.3,0.2956
AR,2023,6,89,42,8.6,0.2048
AR,2023,7,90,56,10.6,0.1893
AR,2023,8,91,48,11.8,0.2458
AR,2023,9,92,55,16.5,0.3
AR,2023,10,93,60,18.9,0.315
AR,2023,11,94,46,9.1,0.1978
AR,2023,12,95,49,13.6,0.2776
CA,2023,1,84,354,96.1,0.2715
CA,2023,2,85,278,82.0,0.295
CA,2023,3,86,282,97.7,0.3465
CA,2023,4,87,346,116.0,0.3353
CA,2023,5,88,357,107.5,0.3011
CA,2023,6,89,337,120.4,0.3573
CA,2023,7,90,342,114.8,0.3357
CA,2023,8,91,356,103.3,0.2902
CA,2023,9,92,334,106.6,0.3192
CA,2023,10,93,413,133.5,0.3232
CA,2023,11,94,367,109.6,0.2986
CA,2023,12,95,403,130.4,0.3236
CO,2023,1,84,45,12.1,0.2689
CO,2023,2,85,50,13.9,0.278
CO,2023,3,86,40,12.6,0.315
CO,2023,4,87,68,22.9,0.3368
CO,2023,5,88,55,19.9,0.3618
CO,2023,6,89,65,18.6,0.2862
CO,2023,7,90,91,34.7,0.3813
CO,2023,8,91,66,16.1,0.2439
CO,2023,9,92,74,21.8,0.2946
CO,2023,10,93,69,17.7,0.2565
CO,2023,11,94,44,11.4,0.2591
CO,2023,12,95,53,12.2,0.2302
CT,2023,1,84,26,9.0,0.3462
CT,2023,2,85,18,6.3,0.35
CT,2023,3,86,24,6.6,0.275
CT,2023,4,87,23,9.9,0.4304
CT,2023,5,88,27,13.3,0.4926
CT,2023,6,89,28,13.6,0.4857
CT,2023,7,90,40,16.9,0.4225
CT,2023,8,91,21,9.3,0.4429
CT,2023,9,92,25,8.6,0.344
CT,2023,10,93,30,5.9,0.1967
CT,2023,11,94,17,4.5,0.2647
CT,2023,12,95,29,8.6,0.2966
DE,2023,1,84,12,4.2,0.35
DE,2023,2,85,11,4.5,0.4091
DE,2023,3,86,12,3.2,0.2667
DE,2023,4,87,21,5.9,0.281
DE,2023,5,88,11,1.2,0.1091
DE,2023,6,89,11,5.8,0.5273
DE,2023,7,90,8,3.0,0.375
DE,2023,8,91,8,1.0,0.125
DE,2023,9,92,15,3.3,0.22
DE,2023,10,93,7,1.4,0.2
DE,2023,11,94,10,4.8,0.48
DE,2023,12,95,9,0.0,0.0
DC,2023,1,84,1,1.0,1.0
DC,2023,2,85,5,2.0,0.4
DC,2023,3,86,4,4.0,1.0
DC,2023,4,87,5,2.1,0.42
DC,2023,5,88,3,1.2,0.4
DC,2023,6,89,5,1.0,0.2
DC,2023,7,90,3,0.3,0.1
DC,2023,8,91,2,0.0,0.0
DC,2023,9,92,4,2.3,0.575
DC,2023,10,93,4,1.5,0.375
DC,2023,11,94,3,0.3,0.1
DC,2023,12,95,5,1.3,0.26
FL,2023,1,84,292,76.3,0.2613
FL,2023,2,85,306,72.8,0.2379
FL,2023,3,86,318,75.9,0.2387
FL,2023,4,87,293,83.1,0.2836
FL,2023,5,88,304,82.9,0.2727
FL,2023,6,89,242,66.6,0.2752
FL,2023,7,90,245,65.4,0.2669
FL,2023,8,91,223,59.6,0.2673
FL,2023,9,92,268,49.2,0.1836
FL,2023,10,93,298,78.3,0.2628
FL,2023,11,94,277,65.9,0.2379
FL,2023,12,95,309,72.3,0.234
GA,2023,1,84,141,34.6,0.2454
GA,2023,2,85,128,34.1,0.2664
GA,2023,3,86,113,31.2,0.2761
GA,2023,4,87,110,29.1,0.2645
GA,2023,5,88,124,32.0,0.2581
GA,2023,6,89,145,44.6,0.3076
GA,2023,7,90,147,43.0,0.2925
GA,2023,8,91,142,27.6,0.1944
GA,2023,9,92,133,36.1,0.2714
GA,2023,10,93,147,45.7,0.3109
GA,2023,11,94,131,32.4,0.2473
GA,2023,12,95,149,36.4,0.2443
HI,2023,1,84,7,2.3,0.3286
HI,2023,2,85,10,5.5,0.55
HI,2023,3,86,4,1.4,0.35
HI,2023,4,87,16,4.7,0.2938
HI,2023,5,88,5,2.0,0.4
HI,2023,6,89,4,2.2,0.55
HI,2023,7,90,4,0.8,0.2
HI,2023,8,91,15,7.5,0.5
HI,2023,9,92,9,4.2,0.4667
HI,2023,10,93,9,2.3,0.2556
HI,2023,11,94,5,3.0,0.6
HI,2023,12,95,5,2.1,0.42
ID,2023,1,84,10,1.7,0.17
ID,2023,2,85,12,4.2,0.35
ID,2023,3,86,19,2.9,0.1526
ID,2023,4,87,15,2.8,0.1867
ID,2023,5,88,19,4.2,0.2211
ID,2023,6,89,19,6.5,0.3421
ID,2023,7,90,37,7.5,0.2027
ID,2023,8,91,29,7.0,0.2414
ID,2023,9,92,31,8.7,0.2806
ID,2023,10,93,37,8.7,0.2351
ID,2023,11,94,21,2.7,0.1286
ID,2023,12,95,26,5.2,0.2
IL,2023,1,84,101,35.9,0.3554
IL,2023,2,85,79,24.1,0.3051
IL,2023,3,86,72,26.2,0.3639
IL,2023,4,87,105,33.1,0.3152
IL,2023,5,88,102,34.1,0.3343
IL,2023,6,89,117,44.1,0.3769
IL,2023,7,90,119,35.5,0.2983
IL,2023,8,91,114,34.6,0.3035
IL,2023,9,92,134,43.9,0.3276
IL,2023,10,93,116,33.3,0.2871
IL,2023,11,94,102,32.3,0.3167
IL,2023,12,95,80,25.3,0.3163
IN,2023,1,84,61,17.4,0.2852
IN,2023,2,85,60,16.0,0.2667
IN,2023,3,86,59,13.0,0.2203
IN,2023,4,87,73,27.7,0.3795
IN,2023,5,88,87,22.3,0.2563
IN,2023,6,89,80,24.8,0.31
IN,2023,7,90,92,26.4,0.287
IN,2023,8,91,77,17.9,0.2325
IN,2023,9,92,88,27.3,0.3102
IN,2023,10,93,96,21.0,0.2188
IN,2023,11,94,76,19.2,0.2526
IN,2023,12,95,55,15.2,0.2764
IA,2023,1,84,26,8.5,0.3269
IA,2023,2,85,20,6.3,0.315
IA,2023,3,86,26,10.8,0.4154
IA,2023,4,87,26,9.2,0.3538
IA,2023,5,88,34,12.9,0.3794
IA,2023,6,89,38,12.1,0.3184
IA,2023,7,90,42,21.0,0.5
IA,2023,8,91,47,17.2,0.366
IA,2023,9,92,28,5.0,0.1786
IA,2023,10,93,28,12.1,0.4321
IA,2023,11,94,30,10.2,0.34
IA,2023,12,95,34,12.0,0.3529
KS,2023,1,84,30,10.0,0.3333
KS,2023,2,85,28,7.9,0.2821
KS,2023,3,86,29,10.0,0.3448
KS,2023,4,87,29,5.8,0.2
KS,2023,5,88,38,10.9,0.2868
KS,2023,6,89,33,8.6,0.2606
KS,2023,7,90,28,4.3,0.1536
KS,2023,8,91,29,10.7,0.369
KS,2023,9,92,41,14.8,0.361
KS,2023,10,93,37,11.6,0.3135
KS,2023,11,94,31,6.1,0.1968
KS,2023,12,95,34,7.7,0.2265
KY,2023,1,84,66,12.4,0.1879
KY,2023,2,85,52,14.8,0.2846
KY,2023,3,86,44,7.0,0.1591
KY,2023,4,87,66,17.8,0.2697
KY,2023,5,88,66,14.3,0.2167
KY,2023,6,89,69,20.3,0.2942
KY,2023,7,90,72,20.4,0.2833
KY,2023,8,91,94,25.6,0.2723
KY,2023,9,92,75,15.8,0.2107
KY,2023,10,93,68,18.4,0.2706
KY,2023,11,94,72,12.6,0.175
KY,2023,12,95,70,12.4,0.1771
LA,2023,1,84,59,12.0,0.2034
LA,2023,2,85,63,19.7,0.3127
LA,2023,3,86,59,12.1,0.2051
LA,2023,4,87,65,13.9,0.2138
LA,2023,5,88,67,16.0,0.2388
LA,2023,6,89,60,20.9,0.3483
LA,2023,7,90,60,20.2,0.3367
LA,2023,8,91,71,24.5,0.3451
LA,2023,9,92,89,31.5,0.3539
LA,2023,10,93,75,23.9,0.3187
LA,2023,11,94,53,12.1,0.2283
LA,2023,12,95,90,26.0,0.2889
ME,2023,1,84,3,1.0,0.3333
ME,2023,2,85,4,0.8,0.2
ME,2023,3,86,7,2.5,0.3571
ME,2023,4,87,5,3.0,0.6
ME,2023,5,88,13,4.1,0.3154
ME,2023,6,89,13,5.6,0.4308
ME,2023,7,90,16,3.7,0.2312
ME,2023,8,91,16,4.3,0.2688
ME,2023,9,92,21,6.3,0.3
ME,2023,10,93,19,5.5,0.2895
ME,2023,11,94,8,0.2,0.025
ME,2023,12,95,10,1.9,0.19
MD,2023,1,84,39,11.0,0.2821
MD,2023,2,85,38,15.3,0.4026
MD,2023,3,86,60,13.8,0.23
MD,2023,4,87,40,13.3,0.3325
MD,2023,5,88,55,17.8,0.3236
MD,2023,6,89,63,17.1,0.2714
MD,2023,7,90,58,15.3,0.2638
MD,2023,8,91,58,20.7,0.3569
MD,2023,9,92,62,13.1,0.2113
MD,2023,10,93,54,13.7,0.2537
MD,2023,11,94,47,9.2,0.1957
MD,2023,12,95,47,10.0,0.2128
MA,2023,1,84,20,4.1,0.205
MA,2023,2,85,31,10.2,0.329
MA,2023,3,86,29,8.2,0.2828
MA,2023,4,87,25,9.2,0.368
MA,2023,5,88,34,12.6,0.3706
MA,2023,6,89,20,5.2,0.26
MA,2023,7,90,33,5.6,0.1697
MA,2023,8,91,32,9.9,0.3094
MA,2023,9,92,32,13.4,0.4188
MA,2023,10,93,33,11.8,0.3576
MA,2023,11,94,19,5.2,0.2737
MA,2023,12,95,34,16.4,0.4824
MI,2023,1,84,80,18.9,0.2362
MI,2023,2,85,63,16.3,0.2587
MI,2023,3,86,57,12.7,0.2228
MI,2023,4,87,95,25.6,0.2695
MI,2023,5,88,97,28.9,0.2979
MI,2023,6,89,121,28.1,0.2322
MI,2023,7,90,109,31.2,0.2862
MI,2023,8,91,121,40.0,0.3306
MI,2023,9,92,102,24.8,0.2431
MI,2023,10,93,97,26.6,0.2742
MI,2023,11,94,83,15.2,0.1831
MI,2023,12,95,71,18.3,0.2577
MN,2023,1,84,15,3.1,0.2067
MN,2023,2,85,17,2.1,0.1235
MN,2023,3,86,16,0.4,0.025
MN,2023,4,87,22,4.2,0.1909
MN,2023,5,88,36,7.7,0.2139
MN,2023,6,89,52,16.6,0.3192
MN,2023,7,90,50,15.2,0.304
MN,2023,8,91,44,15.8,0.3591
MN,2023,9,92,44,12.9,0.2932
MN,2023,10,93,29,6.6,0.2276
MN,2023,11,94,39,2.9,0.0744
MN,2023,12,95,38,11.3,0.2974
MS,2023,1,84,59,12.2,0.2068
MS,2023,2,85,55,12.5,0.2273
MS,2023,3,86,73,8.8,0.1205
MS,2023,4,87,57,10.0,0.1754
MS,2023,5,88,68,15.1,0.2221
MS,2023,6,89,40,8.7,0.2175
MS,2023,7,90,55,10.6,0.1927
MS,2023,8,91,73,16.2,0.2219
MS,2023,9,92,59,19.0,0.322
MS,2023,10,93,80,17.7,0.2212
MS,2023,11,94,61,16.2,0.2656
MS,2023,12,95,53,11.2,0.2113
MO,2023,1,84,44,17.0,0.3864
MO,2023,2,85,63,14.2,0.2254
MO,2023,3,86,63,20.4,0.3238
MO,2023,4,87,84,20.7,0.2464
MO,2023,5,88,101,27.7,0.2743
MO,2023,6,89,71,23.9,0.3366
MO,2023,7,90,99,30.0,0.303
MO,2023,8,91,102,21.4,0.2098
MO,2023,9,92,120,38.2,0.3183
MO,2023,10,93,90,29.0,0.3222
MO,2023,11,94,81,19.4,0.2395
MO,2023,12,95,73,23.0,0.3151
MT,2023,1,84,10,3.0,0.3
MT,2023,2,85,8,2.0,0.25
MT,2023,3,86,10,4.9,0.49
MT,2023,4,87,10,2.2,0.22
MT,2023,5,88,19,7.7,0.4053
MT,2023,6,89,23,9.1,0.3957
MT,2023,7,90,27,5.2,0.1926
MT,2023,8,91,19,5.2,0.2737
MT,2023,9,92,19,6.9,0.3632
MT,2023,10,93,25,8.0,0.32
MT,2023,11,94,13,4.4,0.3385
MT,2023,12,95,25,12.2,0.488
NE,2023,1,84,9,2.9,0.3222
NE,2023,2,85,15,4.7,0.3133
NE,2023,3,86,17,3.7,0.2176
NE,2023,4,87,24,12.2,0.5083
NE,2023,5,88,10,3.6,0.36
NE,2023,6,89,17,6.4,0.3765
NE,2023,7,90,23,5.7,0.2478
NE,2023,8,91,19,3.0,0.1579
NE,2023,9,92,21,6.1,0.2905
NE,2023,10,93,28,5.4,0.1929
NE,2023,11,94,25,6.9,0.276
NE,2023,12,95,19,8.1,0.4263
NV,2023,1,84,29,8.4,0.2897
NV,2023,2,85,18,7.4,0.4111
NV,2023,3,86,30,5.0,0.1667
NV,2023,4,87,42,14.9,0.3548
NV,2023,5,88,33,10.7,0.3242
NV,2023,6,89,38,15.2,0.4
NV,2023,7,90,42,14.9,0.3548
NV,2023,8,91,38,10.8,0.2842
NV,2023,9,92,34,9.7,0.2853
NV,2023,10,93,40,12.4,0.31
NV,2023,11,94,37,9.6,0.2595
NV,2023,12,95,25,7.6,0.304
NH,2023,1,84,7,1.3,0.1857
NH,2023,2,85,7,3.0,0.4286
NH,2023,3,86,6,1.8,0.3
NH,2023,4,87,11,4.2,0.3818
NH,2023,5,88,8,3.3,0.4125
NH,2023,6,89,13,5.2,0.4
NH,2023,7,90,13,1.8,0.1385
NH,2023,8,91,15,6.4,0.4267
NH,2023,9,92,17,2.6,0.1529
NH,2023,10,93,11,0.0,0.0
NH,2023,11,94,12,0.0,0.0
NH,2023,12,95,7,4.1,0.5857
NJ,2023,1,84,48,10.4,0.2167
NJ,2023,2,85,37,7.9,0.2135
NJ,2023,3,86,34,8.5,0.25
NJ,2023,4,87,39,5.6,0.1436
NJ,2023,5,88,48,14.2,0.2958
NJ,2023,6,89,60,11.6,0.1933
NJ,2023,7,90,49,12.6,0.2571
NJ,2023,8,91,60,17.9,0.2983
NJ,2023,9,92,49,10.7,0.2184
NJ,2023,10,93,64,16.2,0.2531
NJ,2023,11,94,60,13.4,0.2233
NJ,2023,12,95,57,11.5,0.2018
NM,2023,1,84,30,8.8,0.2933
NM,2023,2,85,39,8.4,0.2154
NM,2023,3,86,24,7.0,0.2917
NM,2023,4,87,33,12.4,0.3758
NM,2023,5,88,38,14.4,0.3789
NM,2023,6,89,41,10.6,0.2585
NM,2023,7,90,38,8.1,0.2132
NM,2023,8,91,45,11.0,0.2444
NM,2023,9,92,32,8.9,0.2781
NM,2023,10,93,44,11.0,0.25
NM,2023,11,94,39,7.6,0.1949
NM,2023,12,95,37,11.7,0.3162
NY,2023,1,84,71,17.9,0.2521
NY,2023,2,85,77,29.5,0.3831
NY,2023,3,86,76,20.0,0.2632
NY,2023,4,87,86,25.5,0.2965
NY,2023,5,88,88,32.0,0.3636
NY,2023,6,89,112,32.8,0.2929
NY,2023,7,90,109,36.4,0.3339
NY,2023,8,91,123,39.6,0.322
NY,2023,9,92,102,34.0,0.3333
NY,2023,10,93,100,24.6,0.246
NY,2023,11,94,89,19.6,0.2202
NY,2023,12,95,84,25.5,0.3036
NC,2023,1,84,104,31.0,0.2981
NC,2023,2,85,114,26.6,0.2333
NC,2023,3,86,131,31.2,0.2382
NC,2023,4,87,129,38.9,0.3016
NC,2023,5,88,150,32.3,0.2153
NC,2023,6,89,128,32.2,0.2516
NC,2023,7,90,146,26.8,0.1836
NC,2023,8,91,134,43.3,0.3231
NC,2023,9,92,137,46.2,0.3372
NC,2023,10,93,131,35.5,0.271
NC,2023,11,94,147,39.0,0.2653
NC,2023,12,95,126,40.5,0.3214
ND,2023,1,84,7,4.1,0.5857
ND,2023,2,85,1,0.0,0.0
ND,2023,3,86,8,0.7,0.0875
ND,2023,4,87,8,1.7,0.2125
ND,2023,5,88,9,1.4,0.1556
ND,2023,6,89,8,2.3,0.2875
ND,2023,7,90,12,7.0,0.5833
ND,2023,8,91,14,3.4,0.2429
ND,2023,9,92,15,5.3,0.3533
ND,2023,10,93,9,4.0,0.4444
ND,2023,11,94,10,7.2,0.72
ND,2023,12,95,5,1.0,0.2
OH,2023,1,84,88,29.3,0.333
OH,2023,2,85,76,28.4,0.3737
OH,2023,3,86,92,30.5,0.3315
OH,2023,4,87,102,38.5,0.3775
OH,2023,5,88,124,44.2,0.3565
OH,2023,6,89,117,43.9,0.3752
OH,2023,7,90,119,58.4,0.4908
OH,2023,8,91,101,36.5,0.3614
OH,2023,9,92,124,52.5,0.4234
OH,2023,10,93,108,37.2,0.3444
OH,2023,11,94,98,26.9,0.2745
OH,2023,12,95,93,27.6,0.2968
OK,2023,1,84,38,12.3,0.3237
OK,2023,2,85,49,10.3,0.2102
OK,2023,3,86,57,13.4,0.2351
OK,2023,4,87,64,20.9,0.3266
OK,2023,5,88,55,15.7,0.2855
OK,2023,6,89,50,8.9,0.178
OK,2023,7,90,51,16.4,0.3216
OK,2023,8,91,83,20.1,0.2422
OK,2023,9,92,64,17.0,0.2656
OK,2023,10,93,72,20.6,0.2861
OK,2023,11,94,60,9.7,0.1617
OK,2023,12,95,68,11.5,0.1691
OR,2023,1,84,43,11.3,0.2628
OR,2023,2,85,45,10.4,0.2311
OR,2023,3,86,33,11.3,0.3424
OR,2023,4,87,46,18.1,0.3935
OR,2023,5,88,59,20.5,0.3475
OR,2023,6,89,48,20.6,0.4292
OR,2023,7,90,73,22.5,0.3082
OR,2023,8,91,46,17.2,0.3739
OR,2023,9,92,52,14.8,0.2846
OR,2023,10,93,51,17.5,0.3431
OR,2023,11,94,39,14.9,0.3821
OR,2023,12,95,52,18.1,0.3481
PA,2023,1,84,88,19.9,0.2261
PA,2023,2,85,80,25.8,0.3225
PA,2023,3,86,78,26.1,0.3346
PA,2023,4,87,110,32.6,0.2964
PA,2023,5,88,86,14.1,0.164
PA,2023,6,89,95,26.1,0.2747
PA,2023,7,90,125,42.4,0.3392
PA,2023,8,91,131,40.7,0.3107
PA,2023,9,92,107,31.3,0.2925
PA,2023,10,93,134,27.0,0.2015
PA,2023,11,94,90,20.5,0.2278
PA,2023,12,95,87,17.6,0.2023
RI,2023,1,84,7,0.9,0.1286
RI,2023,2,85,14,6.7,0.4786
RI,2023,3,86,3,0.3,0.1
RI,2023,4,87,6,4.4,0.7333
RI,2023,5,88,3,0.2,0.0667
RI,2023,6,89,6,0.3,0.05
RI,2023,7,90,5,3.1,0.62
RI,2023,8,91,7,1.5,0.2143
RI,2023,9,92,5,2.5,0.5
RI,2023,10,93,8,2.7,0.3375
RI,2023,11,94,2,0.1,0.05
RI,2023,12,95,5,1.9,0.38
SC,2023,1,84,73,22.0,0.3014
SC,2023,2,85,84,38.8,0.4619
SC,2023,3,86,94,36.9,0.3926
SC,2023,4,87,88,38.6,0.4386
SC,2023,5,88,96,33.3,0.3469
SC,2023,6,89,87,35.9,0.4126
SC,2023,7,90,84,33.2,0.3952
SC,2023,8,91,94,42.7,0.4543
SC,2023,9,92,72,26.3,0.3653
SC,2023,10,93,91,40.8,0.4484
SC,2023,11,94,79,31.5,0.3987
SC,2023,12,95,105,47.7,0.4543
SD,2023,1,84,4,0.5,0.125
SD,2023,2,85,10,2.2,0.22
SD,2023,3,86,7,3.3,0.4714
SD,2023,4,87,10,5.4,0.54
SD,2023,5,88,13,4.4,0.3385
SD,2023,6,89,7,1.0,0.1429
SD,2023,7,90,15,6.0,0.4
SD,2023,8,91,29,4.7,0.1621
SD,2023,9,92,15,3.0,0.2
SD,2023,10,93,11,3.7,0.3364
SD,2023,11,94,7,1.4,0.2
SD,2023,12,95,12,3.0,0.25
TN,2023,1,84,88,24.5,0.2784
TN,2023,2,85,95,27.5,0.2895
TN,2023,3,86,99,27.9,0.2818
TN,2023,4,87,123,34.0,0.2764
TN,2023,5,88,123,36.7,0.2984
TN,2023,6,89,108,32.6,0.3019
TN,2023,7,90,134,33.6,0.2507
TN,2023,8,91,105,28.1,0.2676
TN,2023,9,92,127,29.5,0.2323
TN,2023,10,93,119,34.9,0.2933
TN,2023,11,94,113,39.2,0.3469
TN,2023,12,95,89,21.8,0.2449
TX,2023,1,84,349,137.4,0.3937
TX,2023,2,85,288,115.9,0.4024
TX,2023,3,86,345,134.5,0.3899
TX,2023,4,87,336,139.7,0.4158
TX,2023,5,88,356,143.6,0.4034
TX,2023,6,89,392,148.0,0.3776
TX,2023,7,90,377,153.1,0.4061
TX,2023,8,91,392,160.6,0.4097
TX,2023,9,92,362,134.0,0.3702
TX,2023,10,93,379,127.5,0.3364
TX,2023,11,94,351,139.6,0.3977
TX,2023,12,95,367,145.0,0.3951
UT,2023,1,84,21,2.5,0.119
UT,2023,2,85,17,6.2,0.3647
UT,2023,3,86,23,8.0,0.3478
UT,2023,4,87,17,2.1,0.1235
UT,2023,5,88,24,2.9,0.1208
UT,2023,6,89,22,5.4,0.2455
UT,2023,7,90,32,7.6,0.2375
UT,2023,8,91,21,3.4,0.1619
UT,2023,9,92,34,8.5,0.25
UT,2023,10,93,28,3.2,0.1143
UT,2023,11,94,24,5.9,0.2458
UT,2023,12,95,17,7.4,0.4353
VT,2023,1,84,2,0.3,0.15
VT,2023,2,85,3,1.0,0.3333
VT,2023,3,86,3,0.0,0.0
VT,2023,4,87,5,1.0,0.2
VT,2023,5,88,15,4.1,0.2733
VT,2023,6,89,5,2.0,0.4
VT,2023,7,90,8,2.2,0.275
VT,2023,8,91,8,3.2,0.4
VT,2023,9,92,3,0.0,0.0
VT,2023,10,93,9,0.1,0.0111
VT,2023,11,94,3,1.3,0.4333
VT,2023,12,95,5,2.1,0.42
VA,2023,1,84,81,24.7,0.3049
VA,2023,2,85,50,11.2,0.224
VA,2023,3,86,66,22.3,0.3379
VA,2023,4,87,82,23.9,0.2915
VA,2023,5,88,86,22.3,0.2593
VA,2023,6,89,75,16.2,0.216
VA,2023,7,90,73,21.7,0.2973
VA,2023,8,91,98,26.0,0.2653
VA,2023,9,92,90,26.1,0.29
VA,2023,10,93,77,27.6,0.3584
VA,2023,11,94,75,17.7,0.236
VA,2023,12,95,61,24.2,0.3967
WA,2023,1,84,49,16.1,0.3286
WA,2023,2,85,56,24.0,0.4286
WA,2023,3,86,56,21.8,0.3893
WA,2023,4,87,60,23.9,0.3983
WA,2023,5,88,68,22.7,0.3338
WA,2023,6,89,76,29.1,0.3829
WA,2023,7,90,68,27.0,0.3971
WA,2023,8,91,93,36.7,0.3946
WA,2023,9,92,78,23.3,0.2987
WA,2023,10,93,75,24.2,0.3227
WA,2023,11,94,67,24.4,0.3642
WA,2023,12,95,63,17.1,0.2714
WV,2023,1,84,21,5.6,0.2667
WV,2023,2,85,21,7.9,0.3762
WV,2023,3,86,21,3.1,0.1476
WV,2023,4,87,26,7.6,0.2923
WV,2023,5,88,16,4.8,0.3
WV,2023,6,89,19,5.7,0.3
WV,2023,7,90,17,2.8,0.1647
WV,2023,8,91,29,3.0,0.1034
WV,2023,9,92,26,4.0,0.1538
WV,2023,10,93,26,4.6,0.1769
WV,2023,11,94,15,4.5,0.3
WV,2023,12,95,23,5.1,0.2217
WI,2023,1,84,34,11.0,0.3235
WI,2023,2,85,28,10.9,0.3893
WI,2023,3,86,33,7.8,0.2364
WI,2023,4,87,46,16.6,0.3609
WI,2023,5,88,60,18.3,0.305
WI,2023,6,89,61,21.1,0.3459
WI,2023,7,90,63,24.4,0.3873
WI,2023,8,91,59,19.5,0.3305
WI,2023,9,92,56,16.3,0.2911
WI,2023,10,93,51,14.7,0.2882
WI,2023,11,94,47,12.7,0.2702
WI,2023,12,95,48,13.7,0.2854
WY,2023,1,84,16,0.2,0.0125
WY,2023,2,85,13,0.6,0.0462
WY,2023,3,86,4,0.8,0.2
WY,2023,4,87,9,1.8,0.2
WY,2023,5,88,15,6.1,0.4067
WY,2023,6,89,9,6.1,0.6778
WY,2023,7,90,17,2.5,0.1471
WY,2023,8,91,15,4.8,0.32
WY,2023,9,92,12,4.9,0.4083
WY,2023,10,93,10,2.0,0.2
WY,2023,11,94,16,3.8,0.2375
WY,2023,12,95,8,1.1,0.1375
AL,2024,1,96,81,22.9,0.2827
AL,2024,2,97,75,28.3,0.3773
AL,2024,3,98,74,23.2,0.3135
AL,2024,4,99,87,31.7,0.3644
AL,2024,5,100,75,22.4,0.2987
AL,2024,6,101,81,20.5,0.2531
AL,2024,7,102,78,22.5,0.2885
AL,2024,8,103,76,17.7,0.2329
AL,2024,9,104,91,23.9,0.2626
AL,2024,10,105,81,20.4,0.2519
AL,2024,11,106,81,24.0,0.2963
AL,2024,12,107,82,19.2,0.2341
AK,2024,1,96,4,0.0,0.0
AK,2024,2,97,2,0.0,0.0
AK,2024,3,98,6,2.2,0.3667
AK,2024,4,99,7,0.8,0.1143
AK,2024,5,100,6,1.5,0.25
AK,2024,6,101,7,2.1,0.3
AK,2024,7,102,6,2.0,0.3333
AK,2024,8,103,1,1.0,1.0
AK,2024,9,104,14,0.2,0.0143
AK,2024,10,105,6,2.5,0.4167
AK,2024,11,106,5,0.6,0.12
AK,2024,12,107,6,0.4,0.0667
AZ,2024,1,96,101,28.1,0.2782
AZ,2024,2,97,97,26.2,0.2701
AZ,2024,3,98,99,37.6,0.3798
AZ,2024,4,99,130,44.1,0.3392
AZ,2024,5,100,94,30.7,0.3266
AZ,2024,6,101,99,38.6,0.3899
AZ,2024,7,102,102,37.8,0.3706
AZ,2024,8,103,103,39.2,0.3806
AZ,2024,9,104,91,30.9,0.3396
AZ,2024,10,105,118,38.2,0.3237
AZ,2024,11,106,94,28.2,0.3
AZ,2024,12,107,101,39.5,0.3911
AR,2024,1,96,34,7.0,0.2059
AR,2024,2,97,40,10.5,0.2625
AR,2024,3,98,31,8.4,0.271
AR,2024,4,99,70,13.5,0.1929
AR,2024,5,100,48,11.0,0.2292
AR,2024,6,101,59,13.6,0.2305
AR,2024,7,102,56,17.7,0.3161
AR,2024,8,103,69,25.6,0.371
AR,2024,9,104,59,15.1,0.2559
AR,2024,10,105,47,16.1,0.3426
AR,2024,11,106,49,8.0,0.1633
AR,2024,12,107,41,8.4,0.2049
CA,2024,1,96,290,93.2,0.3214
CA,2024,2,97,292,90.2,0.3089
CA,2024,3,98,322,108.9,0.3382
CA,2024,4,99,318,113.9,0.3582
CA,2024,5,100,299,114.7,0.3836
CA,2024,6,101,316,124.7,0.3946
CA,2024,7,102,331,108.8,0.3287
CA,2024,8,103,351,118.8,0.3385
CA,2024,9,104,357,126.1,0.3532
CA,2024,10,105,338,106.1,0.3139
CA,2024,11,106,338,115.4,0.3414
CA,2024,12,107,324,90.5,0.2793
CO,2024,1,96,38,12.7,0.3342
CO,2024,2,97,43,10.5,0.2442
CO,2024,3,98,51,18.6,0.3647
CO,2024,4,99,47,13.4,0.2851
CO,2024,5,100,65,20.3,0.3123
CO,2024,6,101,62,18.4,0.2968
CO,2024,7,102,79,21.0,0.2658
CO,2024,8,103,63,22.6,0.3587
CO,2024,9,104,85,26.0,0.3059
CO,2024,10,105,76,20.1,0.2645
CO,2024,11,106,35,8.3,0.2371
CO,2024,12,107,45,11.9,0.2644
CT,2024,1,96,26,5.6,0.2154
CT,2024,2,97,32,11.9,0.3719
CT,2024,3,98,22,4.8,0.2182
CT,2024,4,99,17,3.4,0.2
CT,2024,5,100,27,8.5,0.3148
CT,2024,6,101,39,14.7,0.3769
CT,2024,7,102,25,12.8,0.512
CT,2024,8,103,29,7.1,0.2448
CT,2024,9,104,23,10.6,0.4609
CT,2024,10,105,37,16.8,0.4541
CT,2024,11,106,21,5.8,0.2762
CT,2024,12,107,12,2.9,0.2417
DE,2024,1,96,6,1.4,0.2333
DE,2024,2,97,8,3.2,0.4
DE,2024,3,98,9,2.0,0.2222
DE,2024,4,99,15,5.6,0.3733
DE,2024,5,100,16,4.3,0.2688
DE,2024,6,101,10,3.3,0.33
DE,2024,7,102,10,0.8,0.08
DE,2024,8,103,13,1.1,0.0846
DE,2024,9,104,9,2.9,0.3222
DE,2024,10,105,14,4.6,0.3286
DE,2024,11,106,7,1.2,0.1714
DE,2024,12,107,9,1.9,0.2111
DC,2024,1,96,5,1.5,0.3
DC,2024,2,97,2,1.8,0.9
DC,2024,3,98,4,0.9,0.225
DC,2024,4,99,3,0.2,0.0667
DC,2024,5,100,3,1.2,0.4
DC,2024,6,101,9,2.2,0.2444
DC,2024,7,102,5,1.2,0.24
DC,2024,8,103,4,1.6,0.4
DC,2024,9,104,4,0.6,0.15
DC,2024,10,105,1,0.1,0.1
DC,2024,11,106,3,0.3,0.1
DC,2024,12,107,4,2.0,0.5
FL,2024,1,96,283,62.2,0.2198
FL,2024,2,97,268,53.3,0.1989
FL,2024,3,98,311,89.2,0.2868
FL,2024,4,99,250,62.2,0.2488
FL,2024,5,100,265,64.9,0.2449
FL,2024,6,101,242,78.9,0.326
FL,2024,7,102,226,55.7,0.2465
FL,2024,8,103,230,53.6,0.233
FL,2024,9,104,222,52.9,0.2383
FL,2024,10,105,261,63.1,0.2418
FL,2024,11,106,293,69.3,0.2365
FL,2024,12,107,287,63.7,0.222
GA,2024,1,96,100,23.2,0.232
GA,2024,2,97,97,22.6,0.233
GA,2024,3,98,113,28.2,0.2496
GA,2024,4,99,154,36.7,0.2383
GA,2024,5,100,139,37.1,0.2669
GA,2024,6,101,103,27.9,0.2709
GA,2024,7,102,106,18.3,0.1726
GA,2024,8,103,119,27.6,0.2319
GA,2024,9,104,122,22.9,0.1877
GA,2024,10,105,126,30.3,0.2405
GA,2024,11,106,107,24.7,0.2308
GA,2024,12,107,117,25.9,0.2214
HI,2024,1,96,7,2.9,0.4143
HI,2024,2,97,9,3.4,0.3778
HI,2024,3,98,12,4.5,0.375
HI,2024,4,99,5,3.0,0.6
HI,2024,5,100,5,1.0,0.2
HI,2024,6,101,8,3.5,0.4375
HI,2024,7,102,12,2.2,0.1833
HI,2024,8,103,5,3.0,0.6
HI,2024,9,104,9,3.7,0.4111
HI,2024,10,105,11,2.4,0.2182
HI,2024,11,106,8,3.1,0.3875
HI,2024,12,107,11,1.7,0.1545
ID,2024,1,96,11,2.9,0.2636
ID,2024,2,97,11,2.9,0.2636
ID,2024,3,98,8,2.1,0.2625
ID,2024,4,99,22,7.9,0.3591
ID,2024,5,100,26,3.4,0.1308
ID,2024,6,101,24,8.0,0.3333
ID,2024,7,102,23,9.9,0.4304
ID,2024,8,103,28,9.2,0.3286
ID,2024,9,104,25,10.9,0.436
ID,2024,10,105,25,3.2,0.128
ID,2024,11,106,16,5.3,0.3312
ID,2024,12,107,19,5.8,0.3053
IL,2024,1,96,79,19.4,0.2456
IL,2024,2,97,80,23.7,0.2962
IL,2024,3,98,100,25.0,0.25
IL,2024,4,99,90,25.1,0.2789
IL,2024,5,100,132,38.4,0.2909
IL,2024,6,101,94,27.2,0.2894
IL,2024,7,102,112,29.0,0.2589
IL,2024,8,103,102,33.9,0.3324
IL,2024,9,104,95,29.3,0.3084
IL,2024,10,105,117,36.2,0.3094
IL,2024,11,106,92,27.4,0.2978
IL,2024,12,107,84,23.5,0.2798
IN,2024,1,96,46,9.1,0.1978
IN,2024,2,97,54,16.2,0.3
IN,2024,3,98,57,11.4,0.2
IN,2024,4,99,71,14.3,0.2014
IN,2024,5,100,86,19.9,0.2314
IN,2024,6,101,92,21.9,0.238
IN,2024,7,102,80,25.5,0.3188
IN,2024,8,103,81,19.6,0.242
IN,2024,9,104,66,18.3,0.2773
IN,2024,10,105,77,18.8,0.2442
IN,2024,11,106,74,15.1,0.2041
IN,2024,12,107,48,19.1,0.3979
IA,2024,1,96,15,4.8,0.32
IA,2024,2,97,17,4.3,0.2529
IA,2024,3,98,26,8.3,0.3192
IA,2024,4,99,19,6.7,0.3526
IA,2024,5,100,29,11.3,0.3897
IA,2024,6,101,32,9.7,0.3031
IA,2024,7,102,39,13.7,0.3513
IA,2024,8,103,44,17.5,0.3977
IA,2024,9,104,38,14.9,0.3921
IA,2024,10,105,40,10.8,0.27
IA,2024,11,106,21,5.8,0.2762
IA,2024,12,107,36,11.9,0.3306
KS,2024,1,96,18,5.6,0.3111
KS,2024,2,97,22,6.0,0.2727
KS,2024,3,98,29,11.1,0.3828
KS,2024,4,99,28,11.8,0.4214
KS,2024,5,100,29,12.0,0.4138
KS,2024,6,101,30,10.1,0.3367
KS,2024,7,102,25,7.3,0.292
KS,2024,8,103,32,11.7,0.3656
KS,2024,9,104,37,17.0,0.4595
KS,2024,10,105,29,7.1,0.2448
KS,2024,11,106,25,6.3,0.252
KS,2024,12,107,35,11.2,0.32
KY,2024,1,96,46,10.4,0.2261
KY,2024,2,97,39,11.5,0.2949
KY,2024,3,98,77,22.1,0.287
KY,2024,4,99,54,11.4,0.2111
KY,2024,5,100,74,15.6,0.2108
KY,2024,6,101,68,15.3,0.225
KY,2024,7,102,66,14.7,0.2227
KY,2024,8,103,63,14.8,0.2349
KY,2024,9,104,57,17.3,0.3035
KY,2024,10,105,64,17.5,0.2734
KY,2024,11,106,49,11.0,0.2245
KY,2024,12,107,50,9.3,0.186
LA,2024,1,96,41,14.2,0.3463
LA,2024,2,97,63,16.1,0.2556
LA,2024,3,98,66,9.2,0.1394
LA,2024,4,99,62,12.0,0.1935
LA,2024,5,100,70,21.2,0.3029
LA,2024,6,101,66,17.8,0.2697
LA,2024,7,102,60,15.0,0.25
LA,2024,8,103,60,15.2,0.2533
LA,2024,9,104,68,18.2,0.2676
LA,2024,10,105,71,17.2,0.2423
LA,2024,11,106,55,19.1,0.3473
LA,2024,12,107,70,16.3,0.2329
ME,2024,1,96,12,2.4,0.2
ME,2024,2,97,4,0.8,0.2
ME,2024,3,98,12,5.1,0.425
ME,2024,4,99,9,0.3,0.0333
ME,2024,5,100,21,4.9,0.2333
ME,2024,6,101,18,6.4,0.3556
ME,2024,7,102,21,4.4,0.2095
ME,2024,8,103,17,5.2,0.3059
ME,2024,9,104,22,6.0,0.2727
ME,2024,10,105,17,6.3,0.3706
ME,2024,11,106,8,3.2,0.4
ME,2024,12,107,16,4.0,0.25
MD,2024,1,96,38,10.4,0.2737
MD,2024,2,97,41,9.6,0.2341
MD,2024,3,98,50,15.6,0.312
MD,2024,4,99,62,16.1,0.2597
MD,2024,5,100,49,13.5,0.2755
MD,2024,6,101,44,20.0,0.4545
MD,2024,7,102,53,18.7,0.3528
MD,2024,8,103,54,15.1,0.2796
MD,2024,9,104,47,7.0,0.1489
MD,2024,10,105,51,15.1,0.2961
MD,2024,11,106,55,12.9,0.2345
MD,2024,12,107,34,12.6,0.3706
MA,2024,1,96,28,8.8,0.3143
MA,2024,2,97,20,2.8,0.14
MA,2024,3,98,18,4.5,0.25
MA,2024,4,99,20,6.2,0.31
MA,2024,5,100,29,8.2,0.2828
MA,2024,6,101,31,8.2,0.2645
MA,2024,7,102,34,14.8,0.4353
MA,2024,8,103,39,8.5,0.2179
MA,2024,9,104,44,9.6,0.2182
MA,2024,10,105,31,13.6,0.4387
MA,2024,11,106,37,5.7,0.1541
MA,2024,12,107,32,8.7,0.2719
MI,2024,1,96,75,16.1,0.2147
MI,2024,2,97,60,13.6,0.2267
MI,2024,3,98,77,19.6,0.2545
MI,2024,4,99,68,16.1,0.2368
MI,2024,5,100,114,35.4,0.3105
MI,2024,6,101,98,26.1,0.2663
MI,2024,7,102,93,28.3,0.3043
MI,2024,8,103,120,42.4,0.3533
MI,2024,9,104,113,32.9,0.2912
MI,2024,10,105,97,25.5,0.2629
MI,2024,11,106,101,30.6,0.303
MI,2024,12,107,82,20.2,0.2463
MN,2024,1,96,30,6.7,0.2233
MN,2024,2,97,26,6.6,0.2538
MN,2024,3,98,28,6.8,0.2429
MN,2024,4,99,27,11.7,0.4333
MN,2024,5,100,44,12.0,0.2727
MN,2024,6,101,55,7.8,0.1418
MN,2024,7,102,38,10.9,0.2868
MN,2024,8,103,43,10.2,0.2372
MN,2024,9,104,48,13.9,0.2896
MN,2024,10,105,59,10.0,0.1695
MN,2024,11,106,37,6.4,0.173
MN,2024,12,107,42,5.9,0.1405
MS,2024,1,96,68,16.4,0.2412
MS,2024,2,97,64,17.6,0.275
MS,2024,3,98,54,8.1,0.15
MS,2024,4,99,55,13.0,0.2364
MS,2024,5,100,58,12.3,0.2121
MS,2024,6,101,74,16.6,0.2243
MS,2024,7,102,46,8.7,0.1891
MS,2024,8,103,78,16.7,0.2141
MS,2024,9,104,71,15.1,0.2127
MS,2024,10,105,58,16.8,0.2897
MS,2024,11,106,66,13.9,0.2106
MS,2024,12,107,61,16.1,0.2639
MO,2024,1,96,59,15.7,0.2661
MO,2024,2,97,64,17.0,0.2656
MO,2024,3,98,69,22.0,0.3188
MO,2024,4,99,67,20.9,0.3119
MO,2024,5,100,71,17.5,0.2465
MO,2024,6,101,92,25.6,0.2783
MO,2024,7,102,92,25.5,0.2772
MO,2024,8,103,97,27.7,0.2856
MO,2024,9,104,73,24.4,0.3342
MO,2024,10,105,91,23.8,0.2615
MO,2024,11,106,85,14.9,0.1753
MO,2024,12,107,95,27.6,0.2905
MT,2024,1,96,11,2.0,0.1818
MT,2024,2,97,10,6.0,0.6
MT,2024,3,98,15,4.3,0.2867
MT,2024,4,99,15,7.6,0.5067
MT,2024,5,100,14,6.7,0.4786
MT,2024,6,101,17,8.9,0.5235
MT,2024,7,102,25,6.3,0.252
MT,2024,8,103,27,10.1,0.3741
MT,2024,9,104,25,7.6,0.304
MT,2024,10,105,21,7.9,0.3762
MT,2024,11,106,12,4.0,0.3333
MT,2024,12,107,14,4.0,0.2857
NE,2024,1,96,20,6.8,0.34
NE,2024,2,97,14,4.0,0.2857
NE,2024,3,98,22,7.4,0.3364
NE,2024,4,99,24,6.8,0.2833
NE,2024,5,100,23,3.2,0.1391
NE,2024,6,101,19,4.3,0.2263
NE,2024,7,102,24,7.5,0.3125
NE,2024,8,103,19,5.0,0.2632
NE,2024,9,104,30,9.4,0.3133
NE,2024,10,105,25,8.4,0.336
NE,2024,11,106,14,4.4,0.3143
NE,2024,12,107,17,7.3,0.4294
NV,2024,1,96,42,12.3,0.2929
NV,2024,2,97,19,9.0,0.4737
NV,2024,3,98,40,14.0,0.35
NV,2024,4,99,36,15.8,0.4389
NV,2024,5,100,42,15.2,0.3619
NV,2024,6,101,35,13.0,0.3714
NV,2024,7,102,28,6.9,0.2464
NV,2024,8,103,27,7.6,0.2815
NV,2024,9,104,29,7.9,0.2724
NV,2024,10,105,40,14.5,0.3625
NV,2024,11,106,46,11.2,0.2435
NV,2024,12,107,33,10.2,0.3091
NH,2024,1,96,6,0.6,0.1
NH,2024,2,97,6,1.0,0.1667
NH,2024,3,98,8,3.1,0.3875
NH,2024,4,99,7,3.2,0.4571
NH,2024,5,100,13,3.0,0.2308
NH,2024,6,101,13,4.6,0.3538
NH,2024,7,102,24,6.2,0.2583
NH,2024,8,103,14,3.7,0.2643
NH,2024,9,104,11,4.0,0.3636
NH,2024,10,105,13,4.7,0.3615
NH,2024,11,106,11,1.0,0.0909
NH,2024,12,107,7,4.0,0.5714
NJ,2024,1,96,48,7.0,0.1458
NJ,2024,2,97,51,11.3,0.2216
NJ,2024,3,98,50,12.6,0.252
NJ,2024,4,99,55,9.2,0.1673
NJ,2024,5,100,49,14.3,0.2918
NJ,2024,6,101,63,14.4,0.2286
NJ,2024,7,102,44,10.7,0.2432
NJ,2024,8,103,61,18.1,0.2967
NJ,2024,9,104,60,16.8,0.28
NJ,2024,10,105,79,15.3,0.1937
NJ,2024,11,106,67,10.6,0.1582
NJ,2024,12,107,43,10.1,0.2349
NM,2024,1,96,25,5.1,0.204
NM,2024,2,97,37,10.7,0.2892
NM,2024,3,98,35,9.9,0.2829
NM,2024,4,99,41,12.8,0.3122
NM,2024,5,100,28,7.1,0.2536
NM,2024,6,101,31,10.5,0.3387
NM,2024,7,102,39,12.6,0.3231
NM,2024,8,103,43,10.9,0.2535
NM,2024,9,104,49,14.3,0.2918
NM,2024,10,105,29,8.1,0.2793
NM,2024,11,106,31,4.2,0.1355
NM,2024,12,107,21,8.7,0.4143
NY,2024,1,96,82,24.5,0.2988
NY,2024,2,97,76,20.1,0.2645
NY,2024,3,98,71,18.7,0.2634
NY,2024,4,99,53,14.4,0.2717
NY,2024,5,100,107,31.5,0.2944
NY,2024,6,101,107,27.9,0.2607
NY,2024,7,102,89,28.6,0.3213
NY,2024,8,103,124,34.9,0.2815
NY,2024,9,104,108,30.1,0.2787
NY,2024,10,105,107,26.0,0.243
NY,2024,11,106,104,28.1,0.2702
NY,2024,12,107,73,15.4,0.211
NC,2024,1,96,112,32.7,0.292
NC,2024,2,97,113,31.7,0.2805
NC,2024,3,98,117,29.9,0.2556
NC,2024,4,99,147,44.3,0.3014
NC,2024,5,100,142,41.7,0.2937
NC,2024,6,101,148,47.7,0.3223
NC,2024,7,102,131,40.1,0.3061
NC,2024,8,103,121,28.5,0.2355
NC,2024,9,104,151,41.0,0.2715
NC,2024,10,105,140,34.4,0.2457
NC,2024,11,106,144,35.3,0.2451
NC,2024,12,107,153,42.6,0.2784
ND,2024,1,96,6,2.3,0.3833
ND,2024,2,97,5,3.0,0.6
ND,2024,3,98,4,1.0,0.25
ND,2024,4,99,3,1.1,0.3667
ND,2024,5,100,5,0.5,0.1
ND,2024,6,101,13,4.3,0.3308
ND,2024,7,102,11,2.7,0.2455
ND,2024,8,103,10,2.4,0.24
ND,2024,9,104,14,7.1,0.5071
ND,2024,10,105,7,1.0,0.1429
ND,2024,11,106,7,1.1,0.1571
ND,2024,12,107,5,0.2,0.04
OH,2024,1,96,66,25.0,0.3788
OH,2024,2,97,72,20.7,0.2875
OH,2024,3,98,92,38.8,0.4217
OH,2024,4,99,99,38.9,0.3929
OH,2024,5,100,108,34.3,0.3176
OH,2024,6,101,123,48.5,0.3943
OH,2024,7,102,102,36.9,0.3618
OH,2024,8,103,128,47.5,0.3711
OH,2024,9,104,97,35.5,0.366
OH,2024,10,105,114,45.6,0.4
OH,2024,11,106,87,26.7,0.3069
OH,2024,12,107,69,26.3,0.3812
OK,2024,1,96,34,10.4,0.3059
OK,2024,2,97,36,12.8,0.3556
OK,2024,3,98,55,18.4,0.3345
OK,2024,4,99,57,21.1,0.3702
OK,2024,5,100,52,19.3,0.3712
OK,2024,6,101,62,19.9,0.321
OK,2024,7,102,40,14.6,0.365
OK,2024,8,103,47,13.9,0.2957
OK,2024,9,104,71,21.5,0.3028
OK,2024,10,105,60,22.0,0.3667
OK,2024,11,106,65,24.8,0.3815
OK,2024,12,107,66,26.7,0.4045
OR,2024,1,96,40,14.2,0.355
OR,2024,2,97,42,14.5,0.3452
OR,2024,3,98,34,10.9,0.3206
OR,2024,4,99,34,9.5,0.2794
OR,2024,5,100,35,14.6,0.4171
OR,2024,6,101,51,16.6,0.3255
OR,2024,7,102,68,22.7,0.3338
OR,2024,8,103,51,12.4,0.2431
OR,2024,9,104,34,11.1,0.3265
OR,2024,10,105,53,15.2,0.2868
OR,2024,11,106,52,21.7,0.4173
OR,2024,12,107,44,15.0,0.3409
PA,2024,1,96,69,14.1,0.2043
PA,2024,2,97,61,18.0,0.2951
PA,2024,3,98,91,30.2,0.3319
PA,2024,4,99,87,20.4,0.2345
PA,2024,5,100,99,22.2,0.2242
PA,2024,6,101,117,29.7,0.2538
PA,2024,7,102,111,28.3,0.255
PA,2024,8,103,119,24.0,0.2017
PA,2024,9,104,96,33.6,0.35
PA,2024,10,105,110,25.8,0.2345
PA,2024,11,106,89,23.7,0.2663
PA,2024,12,107,78,20.1,0.2577
RI,2024,1,96,2,2.0,1.0
RI,2024,2,97,3,0.6,0.2
RI,2024,3,98,4,1.6,0.4
RI,2024,4,99,4,1.4,0.35
RI,2024,5,100,2,1.0,0.5
RI,2024,6,101,3,0.7,0.2333
RI,2024,7,102,9,1.8,0.2
RI,2024,8,103,5,1.1,0.22
RI,2024,9,104,3,0.9,0.3
RI,2024,10,105,6,3.5,0.5833
RI,2024,11,106,8,2.3,0.2875
RI,2024,12,107,3,2.2,0.7333
SC,2024,1,96,74,31.9,0.4311
SC,2024,2,97,74,33.5,0.4527
SC,2024,3,98,90,39.4,0.4378
SC,2024,4,99,95,36.8,0.3874
SC,2024,5,100,104,37.5,0.3606
SC,2024,6,101,81,33.0,0.4074
SC,2024,7,102,76,30.7,0.4039
SC,2024,8,103,87,27.8,0.3195
SC,2024,9,104,91,38.2,0.4198
SC,2024,10,105,96,38.4,0.4
SC,2024,11,106,83,38.5,0.4639
SC,2024,12,107,87,31.4,0.3609
SD,2024,1,96,2,1.0,0.5
SD,2024,2,97,8,2.1,0.2625
SD,2024,3,98,8,3.2,0.4
SD,2024,4,99,18,7.0,0.3889
SD,2024,5,100,8,2.8,0.35
SD,2024,6,101,14,4.0,0.2857
SD,2024,7,102,20,3.5,0.175
SD,2024,8,103,16,2.7,0.1688
SD,2024,9,104,11,1.0,0.0909
SD,2024,10,105,10,2.3,0.23
SD,2024,11,106,17,5.4,0.3176
SD,2024,12,107,14,8.1,0.5786
TN,2024,1,96,69,17.7,0.2565
TN,2024,2,97,81,28.5,0.3519
TN,2024,3,98,91,24.5,0.2692
TN,2024,4,99,104,30.6,0.2942
TN,2024,5,100,102,30.1,0.2951
TN,2024,6,101,101,25.7,0.2545
TN,2024,7,102,104,28.0,0.2692
TN,2024,8,103,122,31.0,0.2541
TN,2024,9,104,125,38.5,0.308
TN,2024,10,105,117,30.6,0.2615
TN,2024,11,106,94,19.1,0.2032
TN,2024,12,107,87,28.0,0.3218
TX,2024,1,96,301,120.6,0.4007
TX,2024,2,97,279,111.1,0.3982
TX,2024,3,98,372,152.2,0.4091
TX,2024,4,99,331,137.7,0.416
TX,2024,5,100,366,146.2,0.3995
TX,2024,6,101,339,148.7,0.4386
TX,2024,7,102,331,129.7,0.3918
TX,2024,8,103,377,152.2,0.4037
TX,2024,9,104,349,144.0,0.4126
TX,2024,10,105,390,158.1,0.4054
TX,2024,11,106,361,133.0,0.3684
TX,2024,12,107,364,147.7,0.4058
UT,2024,1,96,17,5.9,0.3471
UT,2024,2,97,17,3.3,0.1941
UT,2024,3,98,19,9.5,0.5
UT,2024,4,99,15,5.8,0.3867
UT,2024,5,100,27,5.8,0.2148
UT,2024,6,101,18,3.4,0.1889
UT,2024,7,102,43,14.6,0.3395
UT,2024,8,103,24,3.6,0.15
UT,2024,9,104,32,7.8,0.2438
UT,2024,10,105,24,5.5,0.2292
UT,2024,11,106,16,4.4,0.275
UT,2024,12,107,25,3.6,0.144
VT,2024,1,96,1,0.0,0.0
VT,2024,2,97,4,0.0,0.0
VT,2024,3,98,6,2.9,0.4833
VT,2024,4,99,5,0.0,0.0
VT,2024,5,100,5,2.4,0.48
VT,2024,6,101,6,4.7,0.7833
VT,2024,7,102,7,4.0,0.5714
VT,2024,8,103,5,2.8,0.56
VT,2024,9,104,3,2.0,0.6667
VT,2024,10,105,5,1.0,0.2
VT,2024,11,106,5,4.0,0.8
VT,2024,12,107,7,1.3,0.1857
VA,2024,1,96,65,18.7,0.2877
VA,2024,2,97,65,14.3,0.22
VA,2024,3,98,64,23.0,0.3594
VA,2024,4,99,75,19.9,0.2653
VA,2024,5,100,100,26.3,0.263
VA,2024,6,101,86,28.9,0.336
VA,2024,7,102,73,20.7,0.2836
VA,2024,8,103,89,23.5,0.264
VA,2024,9,104,85,16.9,0.1988
VA,2024,10,105,83,21.6,0.2602
VA,2024,11,106,71,21.4,0.3014
VA,2024,12,107,61,16.5,0.2705
WA,2024,1,96,50,14.0,0.28
WA,2024,2,97,53,17.4,0.3283
WA,2024,3,98,56,25.0,0.4464
WA,2024,4,99,51,15.6,0.3059
WA,2024,5,100,65,24.3,0.3738
WA,2024,6,101,61,20.1,0.3295
WA,2024,7,102,66,20.1,0.3045
WA,2024,8,103,70,21.2,0.3029
WA,2024,9,104,71,24.0,0.338
WA,2024,10,105,59,15.9,0.2695
WA,2024,11,106,64,20.5,0.3203
WA,2024,12,107,64,20.4,0.3188
WV,2024,1,96,20,4.8,0.24
WV,2024,2,97,16,7.6,0.475
WV,2024,3,98,22,6.5,0.2955
WV,2024,4,99,22,2.5,0.1136
WV,2024,5,100,19,5.1,0.2684
WV,2024,6,101,23,12.2,0.5304
WV,2024,7,102,30,10.6,0.3533
WV,2024,8,103,24,5.5,0.2292
WV,2024,9,104,18,4.4,0.2444
WV,2024,10,105,16,2.9,0.1812
WV,2024,11,106,26,9.5,0.3654
WV,2024,12,107,20,6.1,0.305
WI,2024,1,96,24,5.2,0.2167
WI,2024,2,97,30,9.0,0.3
WI,2024,3,98,38,7.8,0.2053
WI,2024,4,99,43,13.6,0.3163
WI,2024,5,100,63,22.9,0.3635
WI,2024,6,101,60,27.3,0.455
WI,2024,7,102,48,19.4,0.4042
WI,2024,8,103,68,28.9,0.425
WI,2024,9,104,64,18.9,0.2953
WI,2024,10,105,60,14.5,0.2417
WI,2024,11,106,47,14.6,0.3106
WI,2024,12,107,50,15.0,0.3
WY,2024,1,96,2,0.3,0.15
WY,2024,2,97,8,0.8,0.1
WY,2024,3,98,6,1.2,0.2
WY,2024,4,99,7,4.0,0.5714
WY,2024,5,100,9,4.1,0.4556
WY,2024,6,101,17,3.5,0.2059
WY,2024,7,102,5,3.0,0.6
WY,2024,8,103,12,2.9,0.2417
WY,2024,9,104,11,2.9,0.2636
WY,2024,10,105,13,4.8,0.3692
WY,2024,11,106,9,3.4,0.3778
WY,2024,12,107,8,2.9,0.3625
