st,year,vmt,rural_vmt,rural_share,log_vmt
AK,1980,2665000000.0,1556000000.0,0.583865,21.70347
AK,1981,2911000000.0,1611000000.0,0.553418,21.791763
AK,1982,3467000000.0,2396000000.0,0.691087,21.966556
AK,1983,3358000000.0,2117000000.0,0.630435,21.934611
AK,1984,3850000000.0,2065000000.0,0.536364,22.071339
AK,1985,4010000000.0,2179000000.0,0.543392,22.112057
AK,1986,3998000000.0,2089000000.0,0.522511,22.10906
AK,1987,3900000000.0,2123000000.0,0.544359,22.084242
AK,1988,3957000000.0,2110000000.0,0.533232,22.098752
AK,1989,3887000000.0,2205000000.0,0.567276,22.080903
AK,1990,3910000000.0,2226000000.0,0.569309,22.086803
AK,1991,4021000000.0,2281000000.0,0.567272,22.114796
AK,1992,3841000000.0,2005000000.0,0.521999,22.068999
AK,1993,3918000000.0,2016000000.0,0.514548,22.088847
AK,1994,4149000000.0,2175000000.0,0.524223,22.146133
AK,1995,4123000000.0,2093000000.0,0.50764,22.139847
AK,1996,4115000000.0,2053000000.0,0.498906,22.137905
AK,1997,4387000000.0,2309000000.0,0.526328,22.201911
AK,1998,4514000000.0,2347000000.0,0.519938,22.23045
AK,1999,4545000000.0,2373000000.0,0.522112,22.237294
AK,2000,4613000000.0,2374000000.0,0.514633,22.252144
AK,2001,4721000000.0,2452000000.0,0.519381,22.275286
AK,2002,4896000000.0,2562000000.0,0.523284,22.311684
AK,2003,4942000000.0,2419000000.0,0.489478,22.321036
AK,2004,4990000000.0,2442000000.0,0.489379,22.330702
AK,2005,5035000000.0,2466000000.0,0.489772,22.339679
AK,2006,4967000000.0,2427000000.0,0.488625,22.326082
AK,2007,5153000000.0,2577000000.0,0.500097,22.362845
AK,2008,4865000000.0,2393000000.0,0.491881,22.305333
AK,2009,4933000000.0,2316000000.0,0.469491,22.319213
AK,2010,4798261974.23,2204551789.36,0.459448,22.29152
AK,2011,4593089396.98,2173094460.36,0.473123,22.247819
AK,2012,4792081998.68,2298685250.96,0.479684,22.290231
AK,2013,4848454771.84,2325853847.91,0.47971,22.301926
AK,2014,4856704007.63,2016214774.32,0.415141,22.303626
AK,2015,5045390230.59,2125509302.69,0.421277,22.341741
AK,2016,5258555817.81,2238114664.57,0.425614,22.383122
AK,2017,5518716306.61,2322552274.35,0.42085,22.431411
AK,2018,5487319994.45,2276520690.04,0.414869,22.425706
AK,2019,5881303127.67,2589856102.58,0.440354,22.495044
AK,2020,5305888530.0,2482957430.0,0.467963,22.392083
AK,2021,5752187680.0,2682072390.0,0.46627,22.472846
AK,2022,5478209420.0,2406103490.0,0.439213,22.424044
AK,2023,5617228980.0,2466996070.0,0.439184,22.449104
AK,2024,5502578930.0,2353443570.0,0.427698,22.428483
AL,1980,29027000000.0,15523000000.0,0.534778,24.091492
AL,1981,27852000000.0,15443000000.0,0.554466,24.050171
AL,1982,29858000000.0,15883000000.0,0.531951,24.119719
AL,1983,31032000000.0,16415000000.0,0.52897,24.158285
AL,1984,32961000000.0,17216000000.0,0.522314,24.218591
AL,1985,35091000000.0,17453000000.0,0.497364,24.281211
AL,1986,34003000000.0,18554000000.0,0.545658,24.249715
AL,1987,37437000000.0,20120000000.0,0.537436,24.345925
AL,1988,39684000000.0,20937000000.0,0.527593,24.404214
AL,1989,40765000000.0,21789000000.0,0.534503,24.43109
AL,1990,42347000000.0,22586000000.0,0.533355,24.469163
AL,1991,42924000000.0,22577000000.0,0.525976,24.482697
AL,1992,45762000000.0,22803000000.0,0.498296,24.54672
AL,1993,47203000000.0,23619000000.0,0.500371,24.577723
AL,1994,48956000000.0,24541000000.0,0.501287,24.614188
AL,1995,50628000000.0,25698000000.0,0.507585,24.647771
AL,1996,51433000000.0,25865000000.0,0.502887,24.663546
AL,1997,53458000000.0,27047000000.0,0.505949,24.702162
AL,1998,55205000000.0,28022000000.0,0.507599,24.734319
AL,1999,56165000000.0,28799000000.0,0.512757,24.75156
AL,2000,56534000000.0,28873000000.0,0.510719,24.758108
AL,2001,56769000000.0,29241000000.0,0.515087,24.762256
AL,2002,57515000000.0,29231000000.0,0.508233,24.775312
AL,2003,58637000000.0,30158000000.0,0.514317,24.794632
AL,2004,59035000000.0,30077000000.0,0.509477,24.801396
AL,2005,59640000000.0,29395000000.0,0.492874,24.811592
AL,2006,60668000000.0,29568000000.0,0.487374,24.828682
AL,2007,61410000000.0,29793000000.0,0.485149,24.840839
AL,2008,59303000000.0,28885000000.0,0.487075,24.805926
AL,2009,61299674561.1,30372186396.71,0.495471,24.83904
AL,2010,64165148637.89,30568951649.73,0.476411,24.884726
AL,2011,64914372367.72,30357945538.45,0.467661,24.896335
AL,2012,64959172058.18,30184832700.85,0.464674,24.897025
AL,2013,65046483927.59,30303290583.0,0.465871,24.898368
AL,2014,65666604326.37,27652864245.34,0.42111,24.907856
AL,2015,67257004645.16,28282827951.239998,0.420519,24.931787
AL,2016,69226970805.47,29135238563.73,0.420865,24.960656
AL,2017,70677248198.3,28682930193.7,0.40583,24.98139
AL,2018,71167206753.88,28788271993.989998,0.404516,24.988298
AL,2019,71734627810.52,29011352422.059998,0.404426,24.996239
AL,2020,67921496840.0,27813551320.0,0.409496,24.941618
AL,2021,71892031390.0,29164422330.0,0.40567,24.998431
AL,2022,71630539150.0,29140514280.0,0.406817,24.994787
AL,2023,72288612190.0,29230171270.0,0.404354,25.003932
AL,2024,72903931810.0,29199906870.0,0.400526,25.012408
AR,1980,16232000000.0,10781000000.0,0.664182,23.51025
AR,1981,16515000000.0,11059000000.0,0.669634,23.527535
AR,1982,16630000000.0,11026000000.0,0.663019,23.534474
AR,1983,16684000000.0,10997000000.0,0.659135,23.537716
AR,1984,16621000000.0,10936000000.0,0.657963,23.533933
AR,1985,17112000000.0,11100000000.0,0.648668,23.563046
AR,1986,17555000000.0,11352000000.0,0.646653,23.588605
AR,1987,18306000000.0,11829000000.0,0.646182,23.630495
AR,1988,19219000000.0,12236000000.0,0.636662,23.679165
AR,1989,20414000000.0,12988000000.0,0.63623,23.739487
AR,1990,21011000000.0,13414000000.0,0.638427,23.768312
AR,1991,21934000000.0,14079000000.0,0.64188,23.811304
AR,1992,23081000000.0,15048000000.0,0.651965,23.862276
AR,1993,23995000000.0,15636000000.0,0.651636,23.901111
AR,1994,24948000000.0,16123000000.0,0.646264,23.940059
AR,1995,26653000000.0,17651000000.0,0.662252,24.006168
AR,1996,27809000000.0,18551000000.0,0.667086,24.048626
AR,1997,28076000000.0,18506000000.0,0.659139,24.058181
AR,1998,28346000000.0,18396000000.0,0.64898,24.067752
AR,1999,29247000000.0,18982000000.0,0.649024,24.099043
AR,2000,29167000000.0,18736000000.0,0.64237,24.096304
AR,2001,29433000000.0,18968000000.0,0.644447,24.105382
AR,2002,30080000000.0,19279000000.0,0.640924,24.127126
AR,2003,30639000000.0,19473000000.0,0.635563,24.14554
AR,2004,31648000000.0,19941000000.0,0.630087,24.177941
AR,2005,31972000000.0,20074000000.0,0.627862,24.188126
AR,2006,33007000000.0,20278000000.0,0.614355,24.219985
AR,2007,33171000000.0,20082000000.0,0.605408,24.224942
AR,2008,33163000000.0,19724000000.0,0.594759,24.224701
AR,2009,33154239128.9,18653561578.4,0.56263,24.224436
AR,2010,33504425257.15,18791537414.75,0.560867,24.234943
AR,2011,32952949516.55,18431618028.6,0.559331,24.218347
AR,2012,33522136814.84,18305651343.78,0.546077,24.235472
AR,2013,33493274313.7,16078573010.4,0.480054,24.23461
AR,2014,34023960122.85,16437950161.2,0.483129,24.250331
AR,2015,34897334232.55,16863954432.55,0.483245,24.275676
AR,2016,35754796895.38,17226742200.96,0.481802,24.29995
AR,2017,36389325154.37,17589845367.93,0.483379,24.317541
AR,2018,36675309046.85,17787340513.5,0.484995,24.32537
AR,2019,37099019817.95,17945277779.26,0.483713,24.336856
AR,2020,33918761940.0,16305247160.0,0.480715,24.247234
AR,2021,38426805790.0,19258969080.0,0.501186,24.372021
AR,2022,38530472560.0,18488560510.0,0.479843,24.374715
AR,2023,39100842300.0,18854848470.0,0.482211,24.38941
AR,2024,39372411300.0,18369331060.0,0.466553,24.396331
AZ,1980,17931000000.0,8025000000.0,0.447549,23.609797
AZ,1981,19540000000.0,10212000000.0,0.52262,23.695729
AZ,1982,20400000000.0,10539000000.0,0.516618,23.738801
AZ,1983,20553000000.0,10602000000.0,0.515837,23.746273
AZ,1984,20929000000.0,10795000000.0,0.515791,23.764402
AZ,1985,21580000000.0,11184000000.0,0.518258,23.795033
AZ,1986,22665000000.0,11810000000.0,0.521068,23.844088
AZ,1987,31729000000.0,13367000000.0,0.421287,24.180497
AZ,1988,34247000000.0,13648000000.0,0.398517,24.256865
AZ,1989,34816000000.0,14659000000.0,0.421042,24.273343
AZ,1990,35455000000.0,14772000000.0,0.416641,24.29153
AZ,1991,34929000000.0,13602000000.0,0.389419,24.276583
AZ,1992,35047000000.0,13788000000.0,0.393415,24.279956
AZ,1993,37653000000.0,12949000000.0,0.343904,24.351678
AZ,1994,38774000000.0,13795000000.0,0.35578,24.381016
AZ,1995,39653000000.0,14050000000.0,0.354324,24.403432
AZ,1996,42123000000.0,14921000000.0,0.354225,24.46386
AZ,1997,43491000000.0,15416000000.0,0.354464,24.49582
AZ,1998,45158000000.0,16143000000.0,0.357478,24.533433
AZ,1999,46924000000.0,16636000000.0,0.354531,24.571795
AZ,2000,49216000000.0,17204000000.0,0.349561,24.619485
AZ,2001,49655000000.0,17456000000.0,0.351546,24.628365
AZ,2002,52013000000.0,18017000000.0,0.346394,24.67476
AZ,2003,53896000000.0,16556000000.0,0.307184,24.710322
AZ,2004,57336000000.0,17382000000.0,0.30316,24.772195
AZ,2005,59799000000.0,17494000000.0,0.292547,24.814255
AZ,2006,62468000000.0,19898000000.0,0.318531,24.85792
AZ,2007,62963000000.0,19586000000.0,0.311072,24.865813
AZ,2008,61628000000.0,18241000000.0,0.295986,24.844382
AZ,2009,61628000000.0,18241000000.0,0.295986,24.844382
AZ,2010,59995158700.31,17320596435.37,0.2887,24.81753
AZ,2011,59574949203.270004,17179193834.48,0.288363,24.810501
AZ,2012,60129358245.630005,17068432493.63,0.283862,24.819764
AZ,2013,60586171362.1,14233575408.66,0.234931,24.827333
AZ,2014,62630735980.47,15541175829.96,0.24814,24.860522
AZ,2015,65044858066.47,15589483339.91,0.239673,24.898343
AZ,2016,65785730038.07,15708162047.08,0.238778,24.909669
AZ,2017,65069578937.62,15998755674.51,0.245872,24.898723
AZ,2018,66144511205.39,16342948480.869999,0.247079,24.915108
AZ,2019,70280646468.28,16689928833.68,0.237475,24.975762
AZ,2020,65758279120.0,15767882220.0,0.239786,24.909251
AZ,2021,73759955690.0,17619575380.0,0.238877,25.024082
AZ,2022,76159311560.0,17900153170.0,0.235036,25.056093
AZ,2023,75297467940.0,18119374460.0,0.240637,25.044712
AZ,2024,70451162240.0,18512293620.0,0.262768,24.978186
CA,1980,155890000000.0,43620000000.0,0.279813,25.772416
CA,1981,159900000000.0,44569000000.0,0.27873,25.797814
CA,1982,169999000000.0,41789000000.0,0.245819,25.859058
CA,1983,182652000000.0,42394000000.0,0.232103,25.930849
CA,1984,196537000000.0,44561000000.0,0.226731,26.004117
CA,1985,207600000000.0,46183000000.0,0.222461,26.058879
CA,1986,214913000000.0,47349000000.0,0.220317,26.093499
CA,1987,226301000000.0,47932000000.0,0.211806,26.145132
CA,1988,241575000000.0,51076000000.0,0.211429,26.210446
CA,1989,251482000000.0,52039000000.0,0.206929,26.250637
CA,1990,258926000000.0,54923000000.0,0.212119,26.279808
CA,1991,257976000000.0,55094000000.0,0.213563,26.276132
CA,1992,262548000000.0,52197000000.0,0.198809,26.2937
CA,1993,266408000000.0,51762000000.0,0.194296,26.308295
CA,1994,271943000000.0,52723000000.0,0.193875,26.328858
CA,1995,276371000000.0,53338000000.0,0.192994,26.34501
CA,1996,278043000000.0,52976000000.0,0.190532,26.351042
CA,1997,279096000000.0,54004000000.0,0.193496,26.354822
CA,1998,290630000000.0,55714000000.0,0.191701,26.395317
CA,1999,300066000000.0,58470000000.0,0.194857,26.427268
CA,2000,306649000000.0,59567000000.0,0.194251,26.44897
CA,2001,310575000000.0,62789000000.0,0.20217,26.461691
CA,2002,321696000000.0,64421000000.0,0.200254,26.496873
CA,2003,323592000000.0,65501000000.0,0.202418,26.502749
CA,2004,328917000000.0,66710000000.0,0.202817,26.519071
CA,2005,329267000000.0,62542000000.0,0.189943,26.520135
CA,2006,327478000000.0,60710000000.0,0.185386,26.514687
CA,2007,328312000000.0,60771000000.0,0.185101,26.51723
CA,2008,327286000000.0,58536000000.0,0.178853,26.5141
CA,2009,324486000000.0,58203000000.0,0.17937,26.505508
CA,2010,322849398212.77,58060221899.69,0.179837,26.500452
CA,2011,320783905409.31,56265286849.31,0.175399,26.494034
CA,2012,326271650555.48,57520139075.33,0.176295,26.510996
CA,2013,329534133032.9,51826726482.18,0.157273,26.520946
CA,2014,332857198285.55,52440300248.270004,0.157546,26.530979
CA,2015,335538556628.52,53679748734.380005,0.159981,26.539003
CA,2016,340114936761.58,52994979049.91,0.155815,26.552549
CA,2017,343862112403.28,54701646034.81,0.15908,26.563507
CA,2018,348795713456.38,58432196126.96,0.167526,26.577752
CA,2019,340836251518.87,56480474970.97,0.165711,26.554668
CA,2020,299811683060.0,55380943400.0,0.184719,26.42642
CA,2021,310822725920.0,58381068050.0,0.187828,26.462489
CA,2022,315243572590.0,60266791940.0,0.191175,26.476611
CA,2023,316612341330.0,59682012950.0,0.188502,26.480944
CA,2024,325959217820.0,61141844080.0,0.187575,26.510038
CO,1980,22482000000.0,9932000000.0,0.441776,23.835981
CO,1981,23011000000.0,10757000000.0,0.467472,23.859238
CO,1982,24378000000.0,10987000000.0,0.450693,23.916947
CO,1983,24848000000.0,10601000000.0,0.426634,23.936043
CO,1984,26150000000.0,10498000000.0,0.401453,23.987115
CO,1985,26146000000.0,10099000000.0,0.386254,23.986962
CO,1986,26382000000.0,10239000000.0,0.388106,23.995948
CO,1987,26968000000.0,10497000000.0,0.389239,24.017917
CO,1988,27665000000.0,10957000000.0,0.39606,24.043434
CO,1989,27577000000.0,11865000000.0,0.43025,24.040248
CO,1990,27178000000.0,11709000000.0,0.430826,24.025674
CO,1991,27744000000.0,11459000000.0,0.413026,24.046285
CO,1992,30808000000.0,12574000000.0,0.408141,24.15104
CO,1993,32718000000.0,13062000000.0,0.39923,24.211191
CO,1994,33705000000.0,13561000000.0,0.402344,24.240912
CO,1995,35058000000.0,14023000000.0,0.399994,24.28027
CO,1996,36141000000.0,14822000000.0,0.410116,24.310694
CO,1997,37746000000.0,15239000000.0,0.403725,24.354145
CO,1998,39283000000.0,15942000000.0,0.405824,24.394058
CO,1999,40732000000.0,16218000000.0,0.398164,24.43028
CO,2000,41771000000.0,16480000000.0,0.394532,24.455468
CO,2001,42955000000.0,16760000000.0,0.390176,24.483419
CO,2002,43545000000.0,17335000000.0,0.398094,24.497061
CO,2003,43379000000.0,13935000000.0,0.321238,24.493241
CO,2004,45891000000.0,14910000000.0,0.3249,24.549535
CO,2005,47962000000.0,14961000000.0,0.311934,24.593675
CO,2006,48641000000.0,15430000000.0,0.317222,24.607733
CO,2007,48713000000.0,15650000000.0,0.321269,24.609212
CO,2008,47860000000.0,15625000000.0,0.326473,24.591546
CO,2009,46230347017.7,14556809217.85,0.314876,24.556902
CO,2010,46939927289.8,14719874902.35,0.31359,24.572134
CO,2011,46606263729.7,14860384265.75,0.31885,24.565001
CO,2012,46768771094.28,14942709768.42,0.319502,24.568482
CO,2013,46968084743.95,14844335657.4,0.316052,24.572734
CO,2014,48985141184.9,14416564296.95,0.294305,24.614783
CO,2015,50437338346.3,14707143465.1,0.291592,24.643998
CO,2016,52151611114.5,15277255307.52,0.292939,24.677421
CO,2017,53382102720.3,15722230186.25,0.294522,24.700741
CO,2018,53953607503.75,15894222106.35,0.294591,24.71139
CO,2019,54633554509.9,16215958338.8,0.296813,24.723914
CO,2020,48642046600.0,15040153200.0,0.309201,24.607754
CO,2021,53839706250.0,16723074760.0,0.310609,24.709277
CO,2022,53935286550.0,16814295420.0,0.311749,24.711051
CO,2023,54654269450.0,17160765670.0,0.313988,24.724293
CO,2024,55067986280.0,16149197860.0,0.293259,24.731834
CT,1980,19409000000.0,5203000000.0,0.268072,23.689003
CT,1981,19366000000.0,5195000000.0,0.268254,23.686785
CT,1982,20138000000.0,5015000000.0,0.249032,23.725874
CT,1983,20630000000.0,4923000000.0,0.238633,23.750012
CT,1984,21076000000.0,4989000000.0,0.236715,23.771401
CT,1985,22390000000.0,5419000000.0,0.242028,23.83188
CT,1986,24067000000.0,5785000000.0,0.240371,23.904107
CT,1987,24998000000.0,6129000000.0,0.24518,23.942062
CT,1988,26062000000.0,6548000000.0,0.251247,23.983744
CT,1989,26183000000.0,6596000000.0,0.251919,23.988376
CT,1990,26303000000.0,6597000000.0,0.250808,23.992949
CT,1991,26628000000.0,6715000000.0,0.252178,24.005229
CT,1992,26459000000.0,6068000000.0,0.229336,23.998862
CT,1993,27019000000.0,6575000000.0,0.243347,24.019806
CT,1994,27139000000.0,6350000000.0,0.233981,24.024238
CT,1995,28044000000.0,6697000000.0,0.238803,24.057041
CT,1996,28135000000.0,6899000000.0,0.245211,24.06028
CT,1997,28552000000.0,7043000000.0,0.246673,24.074993
CT,1998,29322000000.0,7360000000.0,0.251006,24.101604
CT,1999,29929000000.0,7434000000.0,0.248388,24.122094
CT,2000,30756000000.0,7709000000.0,0.25065,24.149351
CT,2001,30844000000.0,7685000000.0,0.249157,24.152208
CT,2002,31205000000.0,3871000000.0,0.124051,24.163844
CT,2003,31432000000.0,3970000000.0,0.126304,24.171092
CT,2004,31608000000.0,3969000000.0,0.125569,24.176676
CT,2005,31675000000.0,3960000000.0,0.12502,24.178794
CT,2006,31743000000.0,3900000000.0,0.122862,24.180938
CT,2007,32053000000.0,3994000000.0,0.124606,24.190657
CT,2008,31737000000.0,3973000000.0,0.125185,24.180749
CT,2009,31420000000.0,3971000000.0,0.126384,24.17071
CT,2010,31294416647.0,3901833575.0,0.124681,24.166706
CT,2011,31197246858.0,3909004365.0,0.1253,24.163596
CT,2012,31269363724.0,3879427244.0,0.124065,24.165905
CT,2013,30941185597.5,3816789305.0,0.123356,24.155354
CT,2014,31190314089.5,3119597695.0,0.100018,24.163373
CT,2015,31591793664.5,3158184775.0,0.099969,24.176163
CT,2016,31638569003.6,3160960870.6,0.099908,24.177643
CT,2017,31500061536.0,3144021716.5,0.09981,24.173255
CT,2018,31595705328.0,3158971345.0,0.099981,24.176287
CT,2019,31600848355.5,3188688367.5,0.100905,24.17645
CT,2020,29844938260.0,2936496330.0,0.098392,24.119281
CT,2021,28988542640.0,2858196210.0,0.098597,24.090167
CT,2022,29666314340.0,3007703140.0,0.101384,24.113278
CT,2023,30502583670.0,3113261130.0,0.102065,24.141077
CT,2024,30946866380.0,3188765190.0,0.10304,24.155538
DC,1980,3293000000.0,0.0,0.0,21.915065
DC,1981,3308000000.0,0.0,0.0,21.91961
DC,1982,3380000000.0,0.0,0.0,21.941142
DC,1983,3099000000.0,0.0,0.0,21.854345
DC,1984,3214000000.0,0.0,0.0,21.890782
DC,1985,3223000000.0,0.0,0.0,21.893578
DC,1986,3287000000.0,0.0,0.0,21.913241
DC,1987,3368000000.0,0.0,0.0,21.937585
DC,1988,3405000000.0,0.0,0.0,21.948511
DC,1989,3414000000.0,0.0,0.0,21.95115
DC,1990,3407000000.0,0.0,0.0,21.949098
DC,1991,3430000000.0,0.0,0.0,21.955826
DC,1992,3562000000.0,0.0,0.0,21.993588
DC,1993,3485000000.0,0.0,0.0,21.971734
DC,1994,3448000000.0,0.0,0.0,21.96106
DC,1995,3465000000.0,0.0,0.0,21.965978
DC,1996,3889000000.0,0.0,0.0,22.081418
DC,1997,3326000000.0,0.0,0.0,21.925036
DC,1998,3307000000.0,0.0,0.0,21.919307
DC,1999,3462000000.0,0.0,0.0,21.965112
DC,2000,3498000000.0,0.0,0.0,21.975457
DC,2001,3750000000.0,0.0,0.0,22.045022
DC,2002,3547000000.0,0.0,0.0,21.989368
DC,2003,3588000000.0,0.0,0.0,22.000861
DC,2004,3742000000.0,0.0,0.0,22.042886
DC,2005,3713000000.0,0.0,0.0,22.035106
DC,2006,3623000000.0,0.0,0.0,22.010568
DC,2007,3609000000.0,0.0,0.0,22.006697
DC,2008,3611000000.0,0.0,0.0,22.007251
DC,2009,3608000000.0,0.0,0.0,22.006419
DC,2010,3590818443.75,0.0,0.0,22.001646
DC,2011,3568115083.87,0.0,0.0,21.995303
DC,2012,3571830110.02,740.0,0.0,21.996344
DC,2013,3527268919.37,730.0,0.0,21.98379
DC,2014,3527588204.84,0.0,0.0,21.98388
DC,2015,3557192653.3,0.0,0.0,21.992237
DC,2016,3621959298.08,0.0,0.0,22.010281
DC,2017,3715864584.87,0.0,0.0,22.035877
DC,2018,3690677970.94,0.0,0.0,22.029076
DC,2019,3756069754.72,0.0,0.0,22.046639
DC,2020,3030473970.0,0.0,0.0,21.831985
DC,2021,3247775430.0,0.0,0.0,21.901236
DC,2022,3420731300.0,0.0,0.0,21.95312
DC,2023,3480736330.0,0.0,0.0,21.97051
DC,2024,3539345090.0,0.0,0.0,21.987208
DE,1980,4232000000.0,2149000000.0,0.507798,22.165941
DE,1981,6963000000.0,4680000000.0,0.672124,22.663876
DE,1982,4591000000.0,2358000000.0,0.513614,22.247364
DE,1983,4886000000.0,2153000000.0,0.440647,22.30964
DE,1984,5138000000.0,2311000000.0,0.449786,22.35993
DE,1985,5365000000.0,2432000000.0,0.453308,22.403162
DE,1986,5762000000.0,2600000000.0,0.451232,22.47455
DE,1987,6086000000.0,2777000000.0,0.456293,22.529257
DE,1988,6404000000.0,2904000000.0,0.453467,22.580189
DE,1989,6477000000.0,2900000000.0,0.447738,22.591523
DE,1990,6548000000.0,2924000000.0,0.446549,22.602425
DE,1991,6721000000.0,2880000000.0,0.428508,22.628503
DE,1992,6892000000.0,2685000000.0,0.389582,22.653627
DE,1993,6895000000.0,2688000000.0,0.389848,22.654062
DE,1994,7025000000.0,2672000000.0,0.380356,22.672741
DE,1995,7515000000.0,2954000000.0,0.393081,22.740167
DE,1996,7666000000.0,2921000000.0,0.381033,22.760061
DE,1997,8008000000.0,3130000000.0,0.390859,22.803707
DE,1998,8204000000.0,3266000000.0,0.398098,22.827888
DE,1999,8483000000.0,3459000000.0,0.407757,22.86133
DE,2000,8240000000.0,3267000000.0,0.396481,22.832266
DE,2001,8615000000.0,3540000000.0,0.410911,22.876771
DE,2002,8875000000.0,3781000000.0,0.426028,22.906504
DE,2003,9044000000.0,3841000000.0,0.424701,22.925367
DE,2004,9301000000.0,2694000000.0,0.289646,22.953388
DE,2005,9508000000.0,2814000000.0,0.295961,22.975399
DE,2006,9442000000.0,2759000000.0,0.292205,22.968434
DE,2007,9483000000.0,2809000000.0,0.296214,22.972767
DE,2008,8976000000.0,2706000000.0,0.301471,22.91782
DE,2009,9080000000.0,2742000000.0,0.301982,22.92934
DE,2010,8947671320.0,2778867348.0,0.310569,22.914659
DE,2011,9028172588.3,2901501398.5,0.321383,22.923616
DE,2012,9185738056.0,2969718778.5,0.323297,22.940918
DE,2013,9307810020.05,3053351764.5,0.328042,22.95412
DE,2014,9596403612.8,2872990855.65,0.299382,22.984654
DE,2015,9930610378.2,3000081326.2,0.302104,23.018888
DE,2016,10177585228.72,3000016289.78,0.294767,23.043454
DE,2017,10466906999.8,2612843190.2,0.249629,23.071484
DE,2018,10179383806.449999,2469599443.9,0.242608,23.04363
DE,2019,10245158916.15,2527257796.75,0.246678,23.050071
DE,2020,8345229610.0,2021040940.0,0.242179,22.844956
DE,2021,10152424460.0,2834936250.0,0.279237,23.040978
DE,2022,9872399430.0,2623418220.0,0.265733,23.013009
DE,2023,9717742770.0,2525255880.0,0.25986,22.997219
DE,2024,9936552650.0,2719422580.0,0.273679,23.019486
FL,1980,79002000000.0,27316000000.0,0.345763,25.092739
FL,1981,76145000000.0,26175000000.0,0.343752,25.055905
FL,1982,79498000000.0,27246000000.0,0.342726,25.098998
FL,1983,81776000000.0,27214000000.0,0.332787,25.12725
FL,1984,85475000000.0,27989000000.0,0.327452,25.17149
FL,1985,88056000000.0,28638000000.0,0.325225,25.201239
FL,1986,87436000000.0,26470000000.0,0.302736,25.194173
FL,1987,92864000000.0,29286000000.0,0.315364,25.254402
FL,1988,105511000000.0,29413000000.0,0.278767,25.382081
FL,1989,108877000000.0,31385000000.0,0.288261,25.413485
FL,1990,109997000000.0,31968000000.0,0.290626,25.423719
FL,1991,113319000000.0,32836000000.0,0.289766,25.453473
FL,1992,119868000000.0,35001000000.0,0.291996,25.509657
FL,1993,120467000000.0,34314000000.0,0.284841,25.514642
FL,1994,121989000000.0,31727000000.0,0.260081,25.527197
FL,1995,127809000000.0,32411000000.0,0.253589,25.573803
FL,1996,130004000000.0,33500000000.0,0.257684,25.590831
FL,1997,134027000000.0,34507000000.0,0.257463,25.621307
FL,1998,137543000000.0,35644000000.0,0.259148,25.647202
FL,1999,141982000000.0,37377000000.0,0.263252,25.678966
FL,2000,150945000000.0,38100000000.0,0.25241,25.740181
FL,2001,170587000000.0,43862000000.0,0.257124,25.862511
FL,2002,178367000000.0,46495000000.0,0.26067,25.907109
FL,2003,185511000000.0,49501000000.0,0.266836,25.94638
FL,2004,196444000000.0,36297000000.0,0.18477,26.003643
FL,2005,201531000000.0,36887000000.0,0.183034,26.029209
FL,2006,203741000000.0,37682000000.0,0.184951,26.040115
FL,2007,206121000000.0,38044000000.0,0.184571,26.051729
FL,2008,198616000000.0,36044000000.0,0.181476,26.014639
FL,2009,196379370122.71,35611956784.5,0.181343,26.003314
FL,2010,195754713285.16998,35402664727.1,0.180852,26.000128
FL,2011,191854954931.91998,34812223413.33,0.181451,25.980005
FL,2012,191373770471.79,34504735827.94,0.1803,25.977494
FL,2013,192701815669.36,34733930464.37,0.180247,25.98441
FL,2014,201040403879.49,31804958220.52,0.158202,26.026772
FL,2015,206982464203.62,33130396958.33,0.160064,26.0559
FL,2016,215550749348.14,35072492738.61,0.162711,26.096462
FL,2017,218825803410.24997,35911593534.74,0.16411,26.111542
FL,2018,221815740655.32,36742048927.93,0.165642,26.125113
FL,2019,226514416127.45,37531031291.74,0.165689,26.146074
FL,2020,208075918880.0,35241018060.0,0.169366,26.061169
FL,2021,217566376920.0,37740508850.0,0.173467,26.10577
FL,2022,227757137460.0,40044138320.0,0.175819,26.151546
FL,2023,239188190250.0,41895505480.0,0.175157,26.200516
FL,2024,249474050240.0,40987595720.0,0.164296,26.242621
GA,1980,43188000000.0,24232000000.0,0.561082,24.488829
GA,1981,44843000000.0,25085000000.0,0.559396,24.526433
GA,1982,48781000000.0,27015000000.0,0.553802,24.610607
GA,1983,48837000000.0,24369000000.0,0.498986,24.611754
GA,1984,50486000000.0,24830000000.0,0.49182,24.644962
GA,1985,53713000000.0,25495000000.0,0.474652,24.706921
GA,1986,56833000000.0,25944000000.0,0.456495,24.763383
GA,1987,60293000000.0,27649000000.0,0.458577,24.822482
GA,1988,62262000000.0,29327000000.0,0.471026,24.854617
GA,1989,68069000000.0,31783000000.0,0.466923,24.943788
GA,1990,70222000000.0,31783000000.0,0.452607,24.974927
GA,1991,73005000000.0,34448000000.0,0.471858,25.013794
GA,1992,77904000000.0,32172000000.0,0.41297,25.078743
GA,1993,78426000000.0,32038000000.0,0.408512,25.085421
GA,1994,82822000000.0,33905000000.0,0.409372,25.13996
GA,1995,85384000000.0,35562000000.0,0.416495,25.170425
GA,1996,89132000000.0,36887000000.0,0.413847,25.213384
GA,1997,93530000000.0,39645000000.0,0.423875,25.261548
GA,1998,96433000000.0,40618000000.0,0.421204,25.292114
GA,1999,99304000000.0,42903000000.0,0.432037,25.321452
GA,2000,105010000000.0,47523000000.0,0.452557,25.377321
GA,2001,107897000000.0,49690000000.0,0.460532,25.404443
GA,2002,108321000000.0,49765000000.0,0.459422,25.408365
GA,2003,109246000000.0,50624000000.0,0.463395,25.416868
GA,2004,113618000000.0,44064000000.0,0.387826,25.456108
GA,2005,113509000000.0,41682000000.0,0.367213,25.455148
GA,2006,113532000000.0,41672000000.0,0.367051,25.455351
GA,2007,112541000000.0,41396000000.0,0.36783,25.446583
GA,2008,109057000000.0,38491000000.0,0.352944,25.415137
GA,2009,109258000000.0,38681000000.0,0.354034,25.416978
GA,2010,111722466994.55,36769846033.0,0.329118,25.439284
GA,2011,108453502733.0,36163315714.5,0.333445,25.409587
GA,2012,107488497177.98,35110700403.38,0.326646,25.40065
GA,2013,109354511912.5,25592827676.5,0.234035,25.417861
GA,2014,111534893447.5,25815602548.0,0.231458,25.437603
GA,2015,118106561075.05,28589582633.6,0.242066,25.494853
GA,2016,122802185880.8,30044203253.88,0.244655,25.533841
GA,2017,124733394362.32,29766091340.71,0.238638,25.549444
GA,2018,131455532775.38,32848529615.4,0.249883,25.601934
GA,2019,133127658222.56,31809861678.59,0.238943,25.614574
GA,2020,115966826610.0,28983825550.0,0.249932,25.47657
GA,2021,120685224070.0,30240908500.0,0.250577,25.516452
GA,2022,128871055700.0,43544882490.0,0.337895,25.582078
GA,2023,126339079930.0,31938559450.0,0.2528,25.562235
GA,2024,122215657160.0,37304673530.0,0.305236,25.529053
HI,1980,5585000000.0,2200000000.0,0.393912,22.44335
HI,1981,5855000000.0,2282000000.0,0.389752,22.490562
HI,1982,6048000000.0,1826000000.0,0.301918,22.522993
HI,1983,5873000000.0,1700000000.0,0.28946,22.493631
HI,1984,6505000000.0,1973000000.0,0.303305,22.595837
HI,1985,6762000000.0,2270000000.0,0.335699,22.634585
HI,1986,6971000000.0,2154000000.0,0.308994,22.665025
HI,1987,7218000000.0,2202000000.0,0.305071,22.699844
HI,1988,7419000000.0,2330000000.0,0.314058,22.72731
HI,1989,7750000000.0,2445000000.0,0.315484,22.770959
HI,1990,8066000000.0,2810000000.0,0.348376,22.810924
HI,1991,8143000000.0,2874000000.0,0.352941,22.820424
HI,1992,8066000000.0,2148000000.0,0.266303,22.810924
HI,1993,7935000000.0,2060000000.0,0.259609,22.794549
HI,1994,7924000000.0,2063000000.0,0.260348,22.793162
HI,1995,7945000000.0,2098000000.0,0.264065,22.795809
HI,1996,8030000000.0,2158000000.0,0.268742,22.80645
HI,1997,7947000000.0,2132000000.0,0.268277,22.79606
HI,1998,7987000000.0,2233000000.0,0.279579,22.801081
HI,1999,8117000000.0,2427000000.0,0.299002,22.817226
HI,2000,8543000000.0,2451000000.0,0.286902,22.868378
HI,2001,8694000000.0,2492000000.0,0.286634,22.885899
HI,2002,8886000000.0,2578000000.0,0.290119,22.907743
HI,2003,9312000000.0,2771000000.0,0.297573,22.95457
HI,2004,9725000000.0,2844000000.0,0.292442,22.997966
HI,2005,10083000000.0,2438000000.0,0.241793,23.034117
HI,2006,10182000000.0,2463000000.0,0.241897,23.043887
HI,2007,10345000000.0,2487000000.0,0.240406,23.059769
HI,2008,10278000000.0,2505000000.0,0.243724,23.053272
HI,2009,9973000000.0,2423000000.0,0.242956,23.023147
HI,2010,9994649304.779999,2423623963.71,0.242492,23.025316
HI,2011,10066379314.66,2398132080.47,0.238232,23.032467
HI,2012,10049663456.61,2407297720.05,0.23954,23.030805
HI,2013,10099350593.21,1795028629.08,0.177737,23.035737
HI,2014,10174346345.0,1713492492.49,0.168413,23.043135
HI,2015,10300529880.81,1773396376.18,0.172166,23.055461
HI,2016,10635428443.08,1818674210.36,0.171001,23.087457
HI,2017,10748619469.23,1863275502.97,0.17335,23.098043
HI,2018,10886767746.8,1845203164.79,0.16949,23.110814
HI,2019,11024004901.48,1876668239.31,0.170235,23.123341
HI,2020,8785366530.0,1466727340.0,0.166951,22.896353
HI,2021,9971963750.0,1735764630.0,0.174064,23.023043
HI,2022,10289075700.0,1823602510.0,0.177237,23.054349
HI,2023,10435356670.0,1838639380.0,0.176193,23.068466
HI,2024,10647275760.0,1900308000.0,0.178478,23.08857
IA,1980,18971000000.0,12377000000.0,0.652417,23.666177
IA,1981,19113000000.0,12428000000.0,0.650238,23.673635
IA,1982,19341000000.0,12479000000.0,0.64521,23.685493
IA,1983,19661000000.0,12631000000.0,0.642439,23.701903
IA,1984,20497000000.0,13181000000.0,0.64307,23.743544
IA,1985,20191000000.0,12889000000.0,0.638354,23.728503
IA,1986,20413000000.0,12982000000.0,0.635967,23.739438
IA,1987,20808000000.0,13216000000.0,0.63514,23.758603
IA,1988,21907000000.0,14000000000.0,0.639065,23.810072
IA,1989,22571000000.0,14505000000.0,0.642639,23.839932
IA,1990,22993000000.0,14827000000.0,0.644848,23.858456
IA,1991,23020000000.0,15026000000.0,0.652737,23.859629
IA,1992,23926000000.0,15364000000.0,0.642147,23.898232
IA,1993,25118000000.0,16033000000.0,0.638307,23.946851
IA,1994,25737000000.0,16469000000.0,0.639896,23.971195
IA,1995,25987000000.0,16548000000.0,0.63678,23.980862
IA,1996,26880000000.0,17101000000.0,0.636198,24.014648
IA,1997,27984000000.0,17894000000.0,0.639437,24.054899
IA,1998,28911000000.0,18592000000.0,0.643077,24.087488
IA,1999,29140000000.0,18740000000.0,0.643102,24.095378
IA,2000,29433000000.0,18786000000.0,0.638263,24.105382
IA,2001,30016000000.0,19132000000.0,0.637393,24.124996
IA,2002,30847000000.0,19586000000.0,0.63494,24.152305
IA,2003,31108000000.0,19194000000.0,0.617012,24.160731
IA,2004,31538000000.0,19195000000.0,0.608631,24.174459
IA,2005,31060000000.0,18732000000.0,0.603091,24.159187
IA,2006,31355000000.0,18915000000.0,0.603253,24.16864
IA,2007,31253000000.0,18852000000.0,0.603206,24.165381
IA,2008,30713000000.0,18534000000.0,0.603458,24.147952
IA,2009,31065000000.0,18754000000.0,0.603702,24.159348
IA,2010,31388615609.76,19019008771.66,0.605921,24.169711
IA,2011,31274311137.02,19020269574.0,0.608175,24.166063
IA,2012,31596240472.83,19098934250.2,0.604469,24.176304
IA,2013,31641001662.27,18198457693.73,0.575154,24.17772
IA,2014,31413674466.5,18483974255.68,0.588405,24.170509
IA,2015,33160975734.29,19289076570.15,0.58168,24.22464
IA,2016,33336972029.71,19624935092.75,0.588684,24.229933
IA,2017,33482087686.77,19803050381.12,0.591452,24.234276
IA,2018,33282400039.239998,19716889675.04,0.592412,24.228295
IA,2019,33537019038.27,19956167067.79,0.595049,24.235916
IA,2020,29751496750.0,17877280840.0,0.600887,24.116145
IA,2021,33039277650.0,19953535630.0,0.603934,24.220963
IA,2022,32712075290.0,19747493390.0,0.603676,24.21101
IA,2023,33254018700.0,20105977560.0,0.604618,24.227441
IA,2024,33816667970.0,19850232820.0,0.586996,24.24422
ID,1980,6943000000.0,4834000000.0,0.696241,22.661
ID,1981,6977000000.0,4823000000.0,0.691271,22.665885
ID,1982,7857000000.0,5427000000.0,0.690722,22.784671
ID,1983,8287000000.0,5577000000.0,0.672982,22.837954
ID,1984,7768000000.0,5576000000.0,0.717817,22.773279
ID,1985,7710000000.0,5416000000.0,0.702464,22.765784
ID,1986,7781000000.0,5444000000.0,0.699653,22.774951
ID,1987,8119000000.0,5672000000.0,0.698608,22.817473
ID,1988,8127000000.0,5602000000.0,0.689307,22.818458
ID,1989,8422000000.0,5739000000.0,0.68143,22.854113
ID,1990,9849000000.0,6831000000.0,0.693573,23.010636
ID,1991,10318000000.0,7111000000.0,0.689184,23.057156
ID,1992,10764000000.0,7207000000.0,0.669547,23.099473
ID,1993,11293000000.0,7566000000.0,0.669973,23.147449
ID,1994,11652000000.0,7797000000.0,0.669156,23.178744
ID,1995,12296000000.0,8241000000.0,0.670218,23.23254
ID,1996,12961000000.0,8676000000.0,0.669393,23.285211
ID,1997,12880000000.0,8405000000.0,0.652562,23.278942
ID,1998,13428000000.0,8653000000.0,0.6444,23.320608
ID,1999,13975000000.0,8978000000.0,0.642433,23.360536
ID,2000,13534000000.0,8549000000.0,0.631668,23.328471
ID,2001,14078000000.0,8870000000.0,0.630061,23.367879
ID,2002,14167000000.0,8820000000.0,0.622574,23.374181
ID,2003,14290000000.0,8899000000.0,0.622743,23.382826
ID,2004,14729000000.0,8973000000.0,0.609206,23.413084
ID,2005,14866000000.0,8935000000.0,0.601036,23.422343
ID,2006,15198000000.0,9124000000.0,0.600342,23.44443
ID,2007,15782000000.0,9519000000.0,0.603155,23.482136
ID,2008,15251000000.0,9119000000.0,0.597928,23.447911
ID,2009,15531000000.0,9463000000.0,0.609298,23.466104
ID,2010,15801206278.33,9231661639.55,0.584238,23.483352
ID,2011,15936599320.66,9267116270.79,0.581499,23.491884
ID,2012,16314571640.46,9511962419.76,0.583035,23.515325
ID,2013,15980106372.39,9291477996.869999,0.58144,23.49461
ID,2014,16154040016.2,9389694510.6,0.58126,23.505436
ID,2015,16661949707.2,9537451576.8,0.572409,23.536393
ID,2016,17198715356.79,9907056334.38,0.576035,23.568101
ID,2017,17300371938.2,9956691622.06,0.575519,23.573994
ID,2018,17709145774.0,10180347560.7,0.574864,23.597347
ID,2019,18057661576.0,10109099459.849998,0.559823,23.616836
ID,2020,17406417620.0,10017651650.0,0.575515,23.580105
ID,2021,19308170100.0,11224623170.0,0.581341,23.683794
ID,2022,19157403860.0,11067243580.0,0.577701,23.675955
ID,2023,19718292060.0,11456839860.0,0.581026,23.704813
ID,2024,20046412920.0,11384433140.0,0.567904,23.721316
IL,1980,65086000000.0,21922000000.0,0.336816,24.898975
IL,1981,65836000000.0,22376000000.0,0.339875,24.910433
IL,1982,65835000000.0,21754000000.0,0.330432,24.910417
IL,1983,67370000000.0,21500000000.0,0.319133,24.933466
IL,1984,69910000000.0,22206000000.0,0.317637,24.970475
IL,1985,70844000000.0,22282000000.0,0.314522,24.983746
IL,1986,74144000000.0,23294000000.0,0.314172,25.029275
IL,1987,75756000000.0,23769000000.0,0.313757,25.050783
IL,1988,78483000000.0,24638000000.0,0.313928,25.086148
IL,1989,81297000000.0,25478000000.0,0.313394,25.121375
IL,1990,83334000000.0,26139000000.0,0.313665,25.146122
IL,1991,85430000000.0,26929000000.0,0.315217,25.170963
IL,1992,87642000000.0,28254000000.0,0.32238,25.196526
IL,1993,89693000000.0,25904000000.0,0.288807,25.219659
IL,1994,92316000000.0,26941000000.0,0.291835,25.248483
IL,1995,94189000000.0,27715000000.0,0.294249,25.268569
IL,1996,96385000000.0,28215000000.0,0.292732,25.291616
IL,1997,99319000000.0,29575000000.0,0.297778,25.321603
IL,1998,101273000000.0,30679000000.0,0.302934,25.341086
IL,1999,102397000000.0,31244000000.0,0.305126,25.352123
IL,2000,102866000000.0,31302000000.0,0.304299,25.356693
IL,2001,103038000000.0,30763000000.0,0.29856,25.358364
IL,2002,105401000000.0,31116000000.0,0.295215,25.381038
IL,2003,106536000000.0,31934000000.0,0.299748,25.391749
IL,2004,109135000000.0,31648000000.0,0.289989,25.415851
IL,2005,107706000000.0,30383000000.0,0.282092,25.402671
IL,2006,106869000000.0,28260000000.0,0.264436,25.39487
IL,2007,107483000000.0,28166000000.0,0.262051,25.400599
IL,2008,106079000000.0,27306000000.0,0.257412,25.38745
IL,2009,105846000000.0,27081000000.0,0.255853,25.385251
IL,2010,105787852446.45,26826918109.7,0.253592,25.384702
IL,2011,103234016884.05,26405462917.3,0.255783,25.360264
IL,2012,104578407000.36,26391320251.08,0.252359,25.373203
IL,2013,105297104106.45,25358684691.55,0.24083,25.380052
IL,2014,104905506395.85,24703628626.8,0.235485,25.376326
IL,2015,105223406019.75,25030413940.75,0.237879,25.379352
IL,2016,107314102714.04,25544079062.16,0.238031,25.399026
IL,2017,108011255298.7,25773339318.45,0.238617,25.405501
IL,2018,107954253923.0,25652437112.65,0.237623,25.404973
IL,2019,107524644466.35,25375587131.15,0.235998,25.400986
IL,2020,94120597360.0,23325895080.0,0.24783,25.267843
IL,2021,97529583000.0,21601729820.0,0.221489,25.303422
IL,2022,103752186890.0,25020429900.0,0.241156,25.365271
IL,2023,102870785180.0,24830665910.0,0.241377,25.35674
IL,2024,104290170980.0,24935174980.0,0.239094,25.370443
IN,1980,38690000000.0,20495000000.0,0.529723,24.378847
IN,1981,38882000000.0,20105000000.0,0.517077,24.383797
IN,1982,39203000000.0,19890000000.0,0.507359,24.392019
IN,1983,39837000000.0,20224000000.0,0.507669,24.408062
IN,1984,41074000000.0,21020000000.0,0.511759,24.438641
IN,1985,40782000000.0,20958000000.0,0.513903,24.431507
IN,1986,40780000000.0,20984000000.0,0.514566,24.431458
IN,1987,43643000000.0,21657000000.0,0.496231,24.499309
IN,1988,51124000000.0,28512000000.0,0.557703,24.65752
IN,1989,56192000000.0,32090000000.0,0.571078,24.75204
IN,1990,53697000000.0,29391000000.0,0.547349,24.706623
IN,1991,54266000000.0,29498000000.0,0.543582,24.717164
IN,1992,57072000000.0,29252000000.0,0.512546,24.767579
IN,1993,60461000000.0,30628000000.0,0.506574,24.825264
IN,1994,61136000000.0,31388000000.0,0.513413,24.836367
IN,1995,64552000000.0,33087000000.0,0.512564,24.890737
IN,1996,66220000000.0,34140000000.0,0.515554,24.916248
IN,1997,68633000000.0,34533000000.0,0.503154,24.952039
IN,1998,69129000000.0,35213000000.0,0.509381,24.95924
IN,1999,70040000000.0,35966000000.0,0.513507,24.972332
IN,2000,70862000000.0,35968000000.0,0.507578,24.984
IN,2001,71802000000.0,36634000000.0,0.510209,24.997178
IN,2002,72523000000.0,36702000000.0,0.506074,25.00717
IN,2003,72511000000.0,37034000000.0,0.510736,25.007004
IN,2004,72791000000.0,37553000000.0,0.515902,25.010858
IN,2005,71799000000.0,37058000000.0,0.516135,24.997136
IN,2006,71215000000.0,36636000000.0,0.514442,24.988969
IN,2007,72780000000.0,32144000000.0,0.44166,25.010707
IN,2008,73992000000.0,29404000000.0,0.397394,25.027223
IN,2009,76628000000.0,28574000000.0,0.372892,25.062228
IN,2010,75760509840.91,28362367197.65,0.374369,25.050843
IN,2011,76485230880.23001,28789563523.06,0.376407,25.060363
IN,2012,78922579990.61,29433898230.309998,0.372946,25.091733
IN,2013,78311294406.28,29167319747.64,0.372454,25.083958
IN,2014,79203629503.28,29271219952.68,0.369569,25.095288
IN,2015,78818672611.07,28222571352.68,0.35807,25.090416
IN,2016,83182775677.44,32505682711.57,0.390774,25.144306
IN,2017,81751856767.94,29308538866.94,0.358506,25.126954
IN,2018,81528811802.17,29691337463.41,0.364182,25.124222
IN,2019,82719122994.12,30106038068.37,0.363955,25.138717
IN,2020,76607740490.0,27731139530.0,0.361989,25.061964
IN,2021,78640396050.0,29108045460.0,0.370141,25.088151
IN,2022,95684405760.0,55267384930.0,0.577601,25.284321
IN,2023,85209180570.0,32806274670.0,0.385009,25.168375
IN,2024,88230758260.0,34001338210.0,0.385368,25.203221
KS,1980,17290000000.0,10121000000.0,0.585367,23.573394
KS,1981,17470000000.0,10280000000.0,0.588437,23.583751
KS,1982,17658000000.0,10141000000.0,0.574301,23.594455
KS,1983,18153000000.0,10207000000.0,0.562276,23.622102
KS,1984,18717000000.0,10618000000.0,0.567292,23.652698
KS,1985,19275000000.0,10823000000.0,0.561505,23.682075
KS,1986,19821000000.0,11099000000.0,0.559962,23.710008
KS,1987,20561000000.0,11496000000.0,0.559117,23.746662
KS,1988,21161000000.0,11996000000.0,0.566892,23.775426
KS,1989,21913000000.0,12364000000.0,0.564231,23.810346
KS,1990,22849000000.0,12565000000.0,0.549915,23.852173
KS,1991,23186000000.0,12793000000.0,0.551755,23.866814
KS,1992,24163000000.0,12890000000.0,0.53346,23.908088
KS,1993,24115000000.0,12847000000.0,0.532739,23.9061
KS,1994,24678000000.0,13359000000.0,0.541332,23.929178
KS,1995,25153000000.0,13613000000.0,0.541208,23.948243
KS,1996,25942000000.0,14039000000.0,0.541169,23.979129
KS,1997,26524000000.0,13954000000.0,0.52609,24.001316
KS,1998,27095000000.0,14234000000.0,0.525337,24.022615
KS,1999,27699000000.0,14578000000.0,0.526301,24.044662
KS,2000,28130000000.0,14855000000.0,0.528084,24.060102
KS,2001,28155000000.0,14766000000.0,0.524454,24.060991
KS,2002,28443000000.0,15238000000.0,0.535738,24.071168
KS,2003,28672000000.0,15209000000.0,0.530448,24.079187
KS,2004,29150000000.0,15083000000.0,0.517427,24.095721
KS,2005,29621000000.0,14202000000.0,0.479457,24.111749
KS,2006,30215000000.0,14235000000.0,0.471124,24.131604
KS,2007,30048000000.0,14297000000.0,0.475805,24.126062
KS,2008,29727000000.0,14484000000.0,0.487234,24.115322
KS,2009,29496735296.49,14451754552.86,0.489944,24.107545
KS,2010,29899658379.29,14568441976.64,0.487244,24.121113
KS,2011,30021247028.55,14698093970.470001,0.48959,24.125171
KS,2012,30572475184.31,15082577877.85,0.493338,24.143366
KS,2013,30208284196.83,14465747314.04,0.478867,24.131382
KS,2014,30709717296.32,14857926907.16,0.483818,24.147845
KS,2015,31379124590.83,14979920692.55,0.477385,24.169409
KS,2016,32102609713.27,15216907245.99,0.474008,24.192203
KS,2017,32258188961.93,15228876668.130001,0.472093,24.197038
KS,2018,32190412975.44,15344843831.95,0.47669,24.194935
KS,2019,31842519928.3,15230429321.93,0.478305,24.184068
KS,2020,27853801880.0,13697361510.0,0.491759,24.050235
KS,2021,31692834140.0,15402100970.0,0.485981,24.179356
KS,2022,31333643600.0,15144810260.0,0.48334,24.167958
KS,2023,31827548240.0,15274225210.0,0.479906,24.183598
KS,2024,31669873220.0,14828056710.0,0.468207,24.178632
KY,1980,25233000000.0,15301000000.0,0.606388,23.951418
KY,1981,25195000000.0,15318000000.0,0.607978,23.949911
KY,1982,25627000000.0,15469000000.0,0.603621,23.966912
KY,1983,26719000000.0,15636000000.0,0.585202,24.008641
KY,1984,27951000000.0,16451000000.0,0.588566,24.053719
KY,1985,28520000000.0,16699000000.0,0.585519,24.073871
KY,1986,29252000000.0,17044000000.0,0.582661,24.099214
KY,1987,30320000000.0,17604000000.0,0.580607,24.135073
KY,1988,31614000000.0,18571000000.0,0.58743,24.176866
KY,1989,32165000000.0,18826000000.0,0.585295,24.194145
KY,1990,33639000000.0,19871000000.0,0.590713,24.238952
KY,1991,35213000000.0,20911000000.0,0.593843,24.284681
KY,1992,38062000000.0,21393000000.0,0.562057,24.362482
KY,1993,39598000000.0,22015000000.0,0.555962,24.402044
KY,1994,39822000000.0,22053000000.0,0.553789,24.407685
KY,1995,41095000000.0,22906000000.0,0.557391,24.439152
KY,1996,42586000000.0,23674000000.0,0.55591,24.474791
KY,1997,43520000000.0,24995000000.0,0.574334,24.496486
KY,1998,44895000000.0,25754000000.0,0.57365,24.527592
KY,1999,46445000000.0,26809000000.0,0.57722,24.561535
KY,2000,46803000000.0,26760000000.0,0.571758,24.569213
KY,2001,46258000000.0,26639000000.0,0.575879,24.5575
KY,2002,46841000000.0,27041000000.0,0.577293,24.570025
KY,2003,46748000000.0,26853000000.0,0.57442,24.568037
KY,2004,47322000000.0,27351000000.0,0.577976,24.580241
KY,2005,47466000000.0,27321000000.0,0.575591,24.58328
KY,2006,47742000000.0,27367000000.0,0.573227,24.589077
KY,2007,48063000000.0,27673000000.0,0.575765,24.595778
KY,2008,47534000000.0,27447000000.0,0.577418,24.584711
KY,2009,47355000000.0,27307000000.0,0.576644,24.580938
KY,2010,48006742903.79,27753071830.79,0.578108,24.594607
KY,2011,48061314484.86,27886264545.449997,0.580223,24.595743
KY,2012,47343944522.53,27349248949.239998,0.577672,24.580705
KY,2013,46995996860.45,27172432729.61,0.578186,24.573328
KY,2014,47940634784.15,25706326506.28,0.536212,24.593229
KY,2015,48674696010.31,26131881041.06,0.536868,24.608425
KY,2016,49312717997.15,26354111807.559998,0.534428,24.621448
KY,2017,49239334095.84,26250761940.739998,0.533126,24.619959
KY,2018,49543606235.34,26615645403.9,0.537217,24.626119
KY,2019,49410331813.979996,26597158611.97,0.538291,24.623425
KY,2020,46535806440.0,25231898110.0,0.542204,24.563488
KY,2021,48111368610.0,26389165620.0,0.548502,24.596784
KY,2022,48047123960.0,26037931240.0,0.541925,24.595448
KY,2023,48993348320.0,26620958620.0,0.543359,24.61495
KY,2024,49168443320.0,25754049630.0,0.523792,24.618518
LA,1980,24417000000.0,14485000000.0,0.593234,23.918545
LA,1981,24960000000.0,14789000000.0,0.592508,23.94054
LA,1982,26902000000.0,16173000000.0,0.601182,24.015466
LA,1983,30421000000.0,16576000000.0,0.544887,24.138399
LA,1984,32635000000.0,18318000000.0,0.561299,24.208651
LA,1985,33365000000.0,18419000000.0,0.552046,24.230773
LA,1986,29861000000.0,16289000000.0,0.545494,24.119819
LA,1987,30279000000.0,16724000000.0,0.55233,24.13372
LA,1988,34682000000.0,17186000000.0,0.495531,24.269487
LA,1989,35613000000.0,18153000000.0,0.50973,24.295977
LA,1990,37963000000.0,18053000000.0,0.475542,24.359878
LA,1991,34710000000.0,18584000000.0,0.535408,24.270294
LA,1992,33855000000.0,17057000000.0,0.503825,24.245353
LA,1993,36351000000.0,18763000000.0,0.516162,24.316488
LA,1994,37430000000.0,20055000000.0,0.5358,24.345738
LA,1995,38647000000.0,20942000000.0,0.541879,24.377735
LA,1996,38095000000.0,20710000000.0,0.543641,24.363349
LA,1997,38099000000.0,21197000000.0,0.556366,24.363454
LA,1998,40261000000.0,22278000000.0,0.553339,24.418649
LA,1999,41149000000.0,22496000000.0,0.546696,24.440465
LA,2000,40849000000.0,22167000000.0,0.542657,24.433148
LA,2001,43244000000.0,23610000000.0,0.545972,24.490124
LA,2002,43295000000.0,23651000000.0,0.546276,24.491303
LA,2003,44156000000.0,24262000000.0,0.549461,24.510995
LA,2004,44607000000.0,21603000000.0,0.484296,24.521157
LA,2005,44979000000.0,19463000000.0,0.432713,24.529462
LA,2006,45417000000.0,19678000000.0,0.433274,24.539152
LA,2007,45376000000.0,19500000000.0,0.429743,24.538249
LA,2008,45091000000.0,19425000000.0,0.430796,24.531949
LA,2009,44863000000.0,19359000000.0,0.431514,24.526879
LA,2010,45438690818.39,19052284136.45,0.419297,24.53963
LA,2011,46512711244.0,20073450093.2,0.431569,24.562991
LA,2012,46889040252.76,20243745947.8,0.431737,24.57105
LA,2013,47757967077.57,19790241067.1,0.414386,24.589412
LA,2014,48251736118.77,20038426036.4,0.415289,24.599698
LA,2015,48180252571.76,18520134684.489998,0.384393,24.598215
LA,2016,49155612969.68,18939253277.93,0.385292,24.618257
LA,2017,49220897660.9,19016710823.42,0.386354,24.619584
LA,2018,50045427448.7,19534185642.37,0.390329,24.636197
LA,2019,51360303241.65,19798282471.32,0.385478,24.662131
LA,2020,48374106430.0,18970562620.0,0.392164,24.602231
LA,2021,54727656680.0,20957887120.0,0.382949,24.725635
LA,2022,56514035980.0,21293388110.0,0.376781,24.757755
LA,2023,55560401950.0,20990105970.0,0.377789,24.740737
LA,2024,55109102430.0,20795408190.0,0.37735,24.732581
MA,1980,35390000000.0,6623000000.0,0.187143,24.289695
MA,1981,35948000000.0,6631000000.0,0.184461,24.305339
MA,1982,36666000000.0,6454000000.0,0.176021,24.325116
MA,1983,37580000000.0,6662000000.0,0.177275,24.349738
MA,1984,38537000000.0,6883000000.0,0.178608,24.374885
MA,1985,39696000000.0,7291000000.0,0.183671,24.404516
MA,1986,40920000000.0,7539000000.0,0.184238,24.434885
MA,1987,42305000000.0,7929000000.0,0.187425,24.468171
MA,1988,43334000000.0,7832000000.0,0.180736,24.492203
MA,1989,46214000000.0,8534000000.0,0.184663,24.556549
MA,1990,46177000000.0,8531000000.0,0.184746,24.555748
MA,1991,46537000000.0,8697000000.0,0.186884,24.563514
MA,1992,47348000000.0,8791000000.0,0.185668,24.58079
MA,1993,46684000000.0,7616000000.0,0.163139,24.566667
MA,1994,46990000000.0,7673000000.0,0.16329,24.573201
MA,1995,48053000000.0,7866000000.0,0.163694,24.59557
MA,1996,49956000000.0,8295000000.0,0.166046,24.634408
MA,1997,50468000000.0,8310000000.0,0.164659,24.644605
MA,1998,51829000000.0,8676000000.0,0.167397,24.671216
MA,1999,51820000000.0,8712000000.0,0.16812,24.671042
MA,2000,52796000000.0,8823000000.0,0.167115,24.689701
MA,2001,53015000000.0,9089000000.0,0.171442,24.693841
MA,2002,53266000000.0,9069000000.0,0.170259,24.698564
MA,2003,53709000000.0,4202000000.0,0.078236,24.706846
MA,2004,54771000000.0,4145000000.0,0.075679,24.726427
MA,2005,55458000000.0,4239000000.0,0.076436,24.738892
MA,2006,55136000000.0,4229000000.0,0.076701,24.733069
MA,2007,55071000000.0,4223000000.0,0.076683,24.731889
MA,2008,54505000000.0,4132000000.0,0.07581,24.721558
MA,2009,54812000000.0,4284000000.0,0.078158,24.727175
MA,2010,54361986328.82,4138841289.84,0.076135,24.718931
MA,2011,54791712482.56,4073050012.84,0.074337,24.726805
MA,2012,55939716763.46,2533869866.17,0.045296,24.74754
MA,2013,56311172815.19,2585950888.95,0.045923,24.754159
MA,2014,57552345791.65,2609588976.87,0.045343,24.775961
MA,2015,59257480567.49,2822459887.85,0.04763,24.805158
MA,2016,61824851347.32,3491896674.51,0.05648,24.847571
MA,2017,62660411372.06,3097878309.67,0.049439,24.860996
MA,2018,66771980727.3,3069173774.55,0.045965,24.924549
MA,2019,64889782236.7,3052363118.57,0.047039,24.895956
MA,2020,54126825570.0,2693045440.0,0.049754,24.714596
MA,2021,59114984270.0,2895172950.0,0.048975,24.80275
MA,2022,56948964080.0,2776679210.0,0.048757,24.765421
MA,2023,60747894690.0,3122300970.0,0.051398,24.829998
MA,2024,62013316180.0,2825740000.0,0.045567,24.850615
MD,1980,28585000000.0,11215000000.0,0.392339,24.076148
MD,1981,28617000000.0,11238000000.0,0.392704,24.077267
MD,1982,28920000000.0,11357000000.0,0.392704,24.087799
MD,1983,31109000000.0,12160000000.0,0.390884,24.160763
MD,1984,31702000000.0,10465000000.0,0.330105,24.179646
MD,1985,33337000000.0,10892000000.0,0.326724,24.229934
MD,1986,35208000000.0,11576000000.0,0.328789,24.284539
MD,1987,36493000000.0,12293000000.0,0.336859,24.320386
MD,1988,37498000000.0,12765000000.0,0.340418,24.347553
MD,1989,38922000000.0,13311000000.0,0.341992,24.384825
MD,1990,40536000000.0,13791000000.0,0.340216,24.425456
MD,1991,41349000000.0,14042000000.0,0.339597,24.445314
MD,1992,41896000000.0,12802000000.0,0.305566,24.458456
MD,1993,43311000000.0,12925000000.0,0.298423,24.491672
MD,1994,44165000000.0,13139000000.0,0.297498,24.511198
MD,1995,44882000000.0,13371000000.0,0.297915,24.527303
MD,1996,46033000000.0,13798000000.0,0.299741,24.552624
MD,1997,46812000000.0,14219000000.0,0.303747,24.569405
MD,1998,48343000000.0,15097000000.0,0.312289,24.601587
MD,1999,49126000000.0,15487000000.0,0.315251,24.617654
MD,2000,50174000000.0,16104000000.0,0.320963,24.638763
MD,2001,51996000000.0,16806000000.0,0.323217,24.674433
MD,2002,53702000000.0,17331000000.0,0.322725,24.706716
MD,2003,54701000000.0,13536000000.0,0.247454,24.725148
MD,2004,55284000000.0,13803000000.0,0.249674,24.735749
MD,2005,56319000000.0,14489000000.0,0.257267,24.754298
MD,2006,56302000000.0,14474000000.0,0.257078,24.753996
MD,2007,56503000000.0,14589000000.0,0.258199,24.75756
MD,2008,55023000000.0,13944000000.0,0.253421,24.731017
MD,2009,55293000000.0,14091000000.0,0.254842,24.735912
MD,2010,56125521955.979996,14286873810.22,0.254552,24.750856
MD,2011,56220506523.200005,14093146055.08,0.250676,24.752547
MD,2012,56475588259.88,14249278333.82,0.252309,24.757074
MD,2013,56687639739.16,10556349042.869999,0.18622,24.760822
MD,2014,56431745116.11,10164779397.11,0.180125,24.756298
MD,2015,57515823721.89,10369470529.880001,0.180289,24.775326
MD,2016,59137327158.16,10670530045.05,0.180436,24.803128
MD,2017,60044564316.65,10732738620.57,0.178746,24.818353
MD,2018,59775435469.23,10647878763.53,0.178131,24.813861
MD,2019,60215893738.77,10712420204.99,0.1779,24.821202
MD,2020,50885123820.0,9403716620.0,0.184803,24.652836
MD,2021,56601201800.0,10443965260.0,0.184518,24.759296
MD,2022,56745829990.0,10321030440.0,0.181882,24.761848
MD,2023,57355624700.0,10513219520.0,0.183299,24.772537
MD,2024,57049372410.0,11305304160.0,0.198167,24.767183
ME,1980,7465000000.0,5255000000.0,0.703952,22.733491
ME,1981,7434000000.0,5327000000.0,0.716573,22.72933
ME,1982,7649000000.0,5533000000.0,0.723363,22.757841
ME,1983,7713000000.0,5469000000.0,0.709063,22.766173
ME,1984,8655000000.0,6217000000.0,0.718313,22.881403
ME,1985,9277000000.0,6726000000.0,0.725019,22.950804
ME,1986,10022000000.0,7304000000.0,0.728797,23.028049
ME,1987,10766000000.0,7845000000.0,0.728683,23.099659
ME,1988,11401000000.0,8338000000.0,0.731339,23.156967
ME,1989,11739000000.0,8593000000.0,0.732004,23.186182
ME,1990,11871000000.0,8730000000.0,0.735406,23.197364
ME,1991,11849000000.0,8723000000.0,0.73618,23.195509
ME,1992,12151000000.0,8964000000.0,0.737717,23.220677
ME,1993,12182000000.0,8991000000.0,0.738056,23.223225
ME,1994,12469000000.0,9154000000.0,0.734141,23.246511
ME,1995,12589000000.0,9258000000.0,0.735404,23.256089
ME,1996,12819000000.0,9440000000.0,0.736407,23.274194
ME,1997,13245000000.0,9800000000.0,0.739902,23.306886
ME,1998,13540000000.0,9968000000.0,0.736189,23.328914
ME,1999,14144000000.0,10454000000.0,0.739112,23.372556
ME,2000,14190000000.0,10477000000.0,0.738337,23.375803
ME,2001,14423000000.0,10643000000.0,0.737919,23.39209
ME,2002,14727000000.0,10944000000.0,0.743125,23.412948
ME,2003,14912000000.0,11070000000.0,0.742355,23.425432
ME,2004,14948000000.0,11174000000.0,0.747525,23.427843
ME,2005,14925000000.0,10750000000.0,0.720268,23.426303
ME,2006,15044000000.0,10816000000.0,0.718958,23.434245
ME,2007,15035000000.0,10848000000.0,0.721516,23.433647
ME,2008,14559000000.0,10509000000.0,0.721822,23.401475
ME,2009,14491000000.0,10442000000.0,0.720585,23.396794
ME,2010,14549383103.05,10485636681.45,0.720693,23.400814
ME,2011,14248229038.1,10304183198.5,0.72319,23.379898
ME,2012,14198826295.42,10254690196.18,0.722221,23.376425
ME,2013,14129250042.85,10234452682.35,0.724345,23.371513
ME,2014,14301497322.349998,10327583354.849998,0.722133,23.38363
ME,2015,14629439171.25,10549543134.849998,0.721117,23.406302
ME,2016,14838257522.86,10019937853.08,0.675277,23.420475
ME,2017,14738117894.35,10033969829.5,0.680818,23.413703
ME,2018,14783554893.25,10178499088.92,0.688501,23.416781
ME,2019,14871468159.24,10251149263.79,0.689317,23.42271
ME,2020,13086417260.0,9104337420.0,0.695709,23.294841
ME,2021,14559825010.0,10057063290.0,0.690741,23.401532
ME,2022,14651089720.0,10164518740.0,0.693772,23.407781
ME,2023,14888162410.0,10387492910.0,0.697701,23.423832
ME,2024,15160938320.0,10017865340.0,0.660768,23.441988
MI,1980,62059000000.0,23672000000.0,0.381443,24.851351
MI,1981,62090000000.0,23691000000.0,0.381559,24.851851
MI,1982,61200000000.0,23004000000.0,0.375882,24.837413
MI,1983,60855000000.0,23379000000.0,0.384175,24.83176
MI,1984,63613000000.0,24605000000.0,0.386792,24.876084
MI,1985,67402000000.0,26717000000.0,0.396383,24.933941
MI,1986,71981000000.0,27529000000.0,0.382448,24.999668
MI,1987,75706000000.0,31038000000.0,0.409981,25.050123
MI,1988,77899000000.0,30767000000.0,0.39496,25.078679
MI,1989,79890000000.0,31453000000.0,0.393704,25.103917
MI,1990,81091000000.0,32538000000.0,0.401253,25.118838
MI,1991,81935000000.0,33118000000.0,0.404198,25.129192
MI,1992,84219000000.0,31234000000.0,0.370866,25.156686
MI,1993,85686000000.0,30794000000.0,0.359382,25.173955
MI,1994,85183000000.0,31149000000.0,0.365672,25.168068
MI,1995,85703000000.0,31143000000.0,0.363383,25.174154
MI,1996,90215000000.0,34402000000.0,0.381333,25.225462
MI,1997,91494000000.0,35075000000.0,0.383358,25.239539
MI,1998,93723000000.0,36301000000.0,0.387322,25.263609
MI,1999,95645000000.0,37038000000.0,0.387244,25.283909
MI,2000,97792000000.0,37525000000.0,0.383723,25.306109
MI,2001,98987000000.0,37576000000.0,0.379605,25.318254
MI,2002,100144000000.0,38042000000.0,0.379873,25.329875
MI,2003,100756000000.0,31080000000.0,0.308468,25.335968
MI,2004,103326000000.0,32065000000.0,0.310328,25.361155
MI,2005,104052000000.0,31907000000.0,0.306645,25.368157
MI,2006,104184000000.0,32739000000.0,0.314242,25.369424
MI,2007,104614000000.0,32075000000.0,0.306603,25.373543
MI,2008,101825000000.0,31821000000.0,0.312507,25.346521
MI,2009,96769000000.0,31444000000.0,0.324939,25.295593
MI,2010,97567360271.43,31922703184.71,0.327186,25.303809
MI,2011,94754269725.52,29975580529.14,0.316351,25.274553
MI,2012,94547986549.12001,30164034116.14,0.319034,25.272373
MI,2013,95131564984.14,28057687976.95,0.294936,25.278527
MI,2014,97384022333.99,28321489043.83,0.290823,25.301928
MI,2015,97843196500.51,29115809822.5,0.297576,25.306632
MI,2016,99432538091.23,29912740256.13,0.300835,25.322745
MI,2017,101757198694.91,31022950804.13,0.304872,25.345855
MI,2018,102397557493.83,31203837490.72,0.304732,25.352129
MI,2019,102173717544.92,31282221429.07,0.306167,25.34994
MI,2020,86546994920.0,27593023080.0,0.318821,25.183953
MI,2021,96744486140.0,30922391770.0,0.31963,25.295339
MI,2022,95900793860.0,30501742150.0,0.318055,25.28658
MI,2023,98288778860.0,31402889850.0,0.319496,25.311176
MI,2024,99661426000.0,31042815700.0,0.311483,25.325045
MN,1980,28515000000.0,14710000000.0,0.515869,24.073696
MN,1981,28678000000.0,14829000000.0,0.517086,24.079396
MN,1982,29176000000.0,15229000000.0,0.52197,24.096612
MN,1983,31063000000.0,16183000000.0,0.520974,24.159283
MN,1984,31903000000.0,16220000000.0,0.508416,24.185966
MN,1985,32688000000.0,16146000000.0,0.493943,24.210274
MN,1986,33806000000.0,16078000000.0,0.475596,24.243904
MN,1987,35167000000.0,16531000000.0,0.470071,24.283374
MN,1988,36447000000.0,17124000000.0,0.469833,24.319125
MN,1989,37393000000.0,17965000000.0,0.480438,24.344749
MN,1990,38946000000.0,18730000000.0,0.480922,24.385442
MN,1991,39254000000.0,18528000000.0,0.472003,24.393319
MN,1992,41162000000.0,19970000000.0,0.485156,24.440781
MN,1993,42214000000.0,20309000000.0,0.481096,24.466018
MN,1994,43317000000.0,20696000000.0,0.47778,24.491811
MN,1995,44072000000.0,21016000000.0,0.476856,24.50909
MN,1996,44465000000.0,21150000000.0,0.475655,24.517968
MN,1997,49082000000.0,24259000000.0,0.494255,24.616758
MN,1998,49628000000.0,24289000000.0,0.489421,24.627821
MN,1999,51410000000.0,25061000000.0,0.487473,24.663099
MN,2000,52601000000.0,25402000000.0,0.482919,24.686001
MN,2001,53341000000.0,25845000000.0,0.484524,24.699971
MN,2002,54562000000.0,26564000000.0,0.486859,24.722604
MN,2003,55296000000.0,26750000000.0,0.48376,24.735966
MN,2004,56570000000.0,27712000000.0,0.489871,24.758745
MN,2005,56904000000.0,27867000000.0,0.48972,24.764631
MN,2006,56518000000.0,27224000000.0,0.481687,24.757825
MN,2007,57233000000.0,27154000000.0,0.474447,24.770396
MN,2008,57995000000.0,25487000000.0,0.439469,24.783623
MN,2009,56878521032.77,24579148240.08,0.432134,24.764184
MN,2010,56631674461.43,24586238026.15,0.434143,24.759834
MN,2011,56684717982.41,24583923512.61,0.433696,24.76077
MN,2012,56988318031.57,24486534014.63,0.429676,24.766112
MN,2013,56974045131.21,23318355923.62,0.40928,24.765862
MN,2014,57394871669.56,23452375949.25,0.408614,24.773221
MN,2015,57394871669.56,23452375949.25,0.408614,24.773221
MN,2016,59028801692.76,24077291212.47,0.407891,24.801291
MN,2017,59970853922.63,24377273449.3,0.406485,24.817125
MN,2018,60438314085.77,24672073568.6,0.408219,24.824889
MN,2019,60730981097.25,24827163405.71,0.408806,24.82972
MN,2020,51619441140.0,22166574100.0,0.429423,24.667164
MN,2021,57171109390.0,24548257430.0,0.429382,24.769315
MN,2022,57470623750.0,24035864060.0,0.418229,24.77454
MN,2023,58046121330.0,23572477110.0,0.406099,24.784504
MN,2024,59181372850.0,23701815830.0,0.400495,24.803873
MO,1980,34061000000.0,17045000000.0,0.500426,24.251419
MO,1981,35178000000.0,17343000000.0,0.493007,24.283687
MO,1982,35003000000.0,17431000000.0,0.497986,24.2787
MO,1983,36543000000.0,17697000000.0,0.484279,24.321755
MO,1984,38535000000.0,18746000000.0,0.486467,24.374833
MO,1985,39284000000.0,18767000000.0,0.477726,24.394083
MO,1986,41571000000.0,20097000000.0,0.483438,24.450669
MO,1987,43379000000.0,20922000000.0,0.482307,24.493241
MO,1988,45570000000.0,21885000000.0,0.48025,24.542515
MO,1989,48087000000.0,23279000000.0,0.484102,24.596278
MO,1990,50883000000.0,25189000000.0,0.495038,24.652795
MO,1991,50982000000.0,24976000000.0,0.489898,24.654738
MO,1992,53254000000.0,24968000000.0,0.468847,24.698339
MO,1993,54821000000.0,25348000000.0,0.462378,24.727339
MO,1994,57288000000.0,25658000000.0,0.447877,24.771357
MO,1995,59347000000.0,26504000000.0,0.446594,24.806667
MO,1996,61162000000.0,27547000000.0,0.450394,24.836792
MO,1997,62980000000.0,28247000000.0,0.448507,24.866083
MO,1998,64534000000.0,29171000000.0,0.452025,24.890458
MO,1999,66733000000.0,30167000000.0,0.452055,24.923965
MO,2000,67083000000.0,31483000000.0,0.469314,24.929196
MO,2001,67632000000.0,31588000000.0,0.467057,24.937347
MO,2002,68163000000.0,31469000000.0,0.461673,24.945168
MO,2003,68252000000.0,30817000000.0,0.451518,24.946473
MO,2004,68994000000.0,31512000000.0,0.456735,24.957285
MO,2005,68754000000.0,30540000000.0,0.444192,24.953801
MO,2006,68834000000.0,31006000000.0,0.450446,24.954964
MO,2007,69151000000.0,28002000000.0,0.40494,24.959558
MO,2008,68273000000.0,28511000000.0,0.417603,24.94678
MO,2009,69003000000.0,29014000000.0,0.420474,24.957416
MO,2010,70863996684.92,30730617863.28,0.433656,24.984028
MO,2011,68789223347.68,29007067922.61,0.42168,24.954313
MO,2012,68503684447.58,28640227851.03,0.418083,24.950153
MO,2013,69458421842.6,28500203188.65,0.41032,24.963994
MO,2014,70909036567.29,29007873735.29,0.409086,24.984664
MO,2015,71917518586.06,29443857342.06,0.409411,24.998786
MO,2016,74018576463.32,30370440328.2,0.410308,25.027582
MO,2017,75911316240.15,32471670441.78,0.427758,25.052832
MO,2018,76594999282.4,33166283766.98,0.433008,25.061798
MO,2019,79168249875.38,34509581366.37,0.435902,25.094841
MO,2020,72797036970.0,32529531230.0,0.446852,25.010941
MO,2021,79790927250.0,36463908810.0,0.456993,25.102676
MO,2022,79430845130.0,36269477620.0,0.456617,25.098153
MO,2023,80825350680.0,36368448790.0,0.449963,25.115556
MO,2024,81806505030.0,36659727450.0,0.448127,25.127623
MS,1980,16514000000.0,11276000000.0,0.682815,23.527474
MS,1981,16914000000.0,11542000000.0,0.682393,23.551408
MS,1982,17146000000.0,11554000000.0,0.67386,23.565031
MS,1983,17802000000.0,11421000000.0,0.641557,23.602577
MS,1984,18442000000.0,11856000000.0,0.64288,23.637897
MS,1985,19167000000.0,12354000000.0,0.644545,23.676456
MS,1986,19226000000.0,12754000000.0,0.663373,23.679529
MS,1987,20173000000.0,13522000000.0,0.670302,23.727611
MS,1988,22043000000.0,14837000000.0,0.673093,23.816261
MS,1989,22895000000.0,15429000000.0,0.673903,23.854184
MS,1990,24398000000.0,16702000000.0,0.684564,23.917767
MS,1991,24897000000.0,16962000000.0,0.681287,23.938013
MS,1992,26239000000.0,17521000000.0,0.667746,23.990513
MS,1993,26864000000.0,18032000000.0,0.671233,24.014053
MS,1994,28548000000.0,19274000000.0,0.675144,24.074853
MS,1995,29559000000.0,19993000000.0,0.676376,24.109654
MS,1996,30562000000.0,20657000000.0,0.675905,24.143023
MS,1997,31519000000.0,21366000000.0,0.677877,24.173856
MS,1998,34210000000.0,23728000000.0,0.693598,24.255784
MS,1999,34879000000.0,24101000000.0,0.690989,24.275151
MS,2000,35536000000.0,24416000000.0,0.687078,24.293812
MS,2001,35988000000.0,24798000000.0,0.689063,24.306451
MS,2002,36429000000.0,25092000000.0,0.688792,24.318631
MS,2003,37495000000.0,22999000000.0,0.613388,24.347473
MS,2004,39431000000.0,24114000000.0,0.611549,24.397818
MS,2005,40154000000.0,24594000000.0,0.612492,24.415988
MS,2006,41499000000.0,25414000000.0,0.6124,24.448935
MS,2007,43337000000.0,26702000000.0,0.616148,24.492273
MS,2008,43711000000.0,26668000000.0,0.610098,24.500866
MS,2009,40427000000.0,24169000000.0,0.597843,24.422764
MS,2010,39841029778.57,23444349439.85,0.588447,24.408163
MS,2011,38850721798.33,23062664773.47,0.593623,24.382992
MS,2012,38667129812.479996,23245386497.18,0.601167,24.378256
MS,2013,38757693394.22,22050984797.34,0.568945,24.380595
MS,2014,39499190223.76,22463290930.55,0.568703,24.399546
MS,2015,39890362479.42,22160225496.02,0.555528,24.409401
MS,2016,40754708862.73,22873873208.96,0.561257,24.430837
MS,2017,40877098021.42,24063394359.06,0.588677,24.433836
MS,2018,40730439490.39,23832700790.07,0.585132,24.430242
MS,2019,41090910551.270004,23995593878.22,0.583964,24.439053
MS,2020,39665087490.0,23288757300.0,0.587135,24.403737
MS,2021,40852825240.0,24284427290.0,0.594437,24.433242
MS,2022,39951719490.0,23648060660.0,0.591916,24.410938
MS,2023,40944353920.0,24281208410.0,0.593029,24.43548
MS,2024,41554194460.0,24396541150.0,0.587102,24.450264
MT,1980,6623000000.0,4541000000.0,0.685641,22.613814
MT,1981,7002000000.0,4910000000.0,0.701228,22.669462
MT,1982,6669000000.0,4795000000.0,0.718998,22.620736
MT,1983,7181000000.0,5115000000.0,0.712296,22.694704
MT,1984,7386000000.0,5296000000.0,0.717032,22.722852
MT,1985,7368000000.0,5413000000.0,0.734663,22.720412
MT,1986,7737000000.0,5747000000.0,0.742794,22.76928
MT,1987,8074000000.0,5949000000.0,0.73681,22.811915
MT,1988,8138000000.0,6095000000.0,0.748956,22.81981
MT,1989,8250000000.0,6256000000.0,0.758303,22.833479
MT,1990,8332000000.0,6360000000.0,0.763322,22.843369
MT,1991,8314000000.0,6221000000.0,0.748256,22.841207
MT,1992,8525000000.0,6502000000.0,0.762698,22.866269
MT,1993,8707000000.0,6560000000.0,0.753417,22.887393
MT,1994,9116000000.0,6867000000.0,0.753291,22.933297
MT,1995,9440000000.0,7175000000.0,0.760064,22.968222
MT,1996,9446000000.0,7106000000.0,0.752276,22.968857
MT,1997,9392000000.0,7294000000.0,0.776618,22.963124
MT,1998,9589000000.0,7408000000.0,0.772552,22.983882
MT,1999,9835000000.0,7602000000.0,0.772954,23.009213
MT,2000,9882000000.0,7590000000.0,0.768063,23.013981
MT,2001,10011000000.0,7737000000.0,0.77285,23.02695
MT,2002,10395000000.0,8094000000.0,0.778644,23.064591
MT,2003,10874000000.0,8304000000.0,0.763656,23.10964
MT,2004,11207000000.0,8627000000.0,0.769787,23.139804
MT,2005,11126000000.0,8562000000.0,0.769549,23.132551
MT,2006,11265000000.0,8637000000.0,0.766711,23.144966
MT,2007,11307000000.0,8634000000.0,0.763598,23.148688
MT,2008,10812000000.0,8205000000.0,0.758879,23.103922
MT,2009,11011000000.0,8334000000.0,0.756879,23.122161
MT,2010,11189805953.04,8400809729.469999,0.750756,23.138269
MT,2011,11659598071.34,8718516504.27,0.747754,23.179396
MT,2012,11885123753.83,8903540613.61,0.749133,23.198553
MT,2013,12032727212.28,8343932695.610001,0.693437,23.210896
MT,2014,12157128961.11,8426301269.14,0.693116,23.221182
MT,2015,12345071263.890001,8528759044.900001,0.690863,23.236523
MT,2016,12598722871.65,8706092394.88,0.69103,23.256861
MT,2017,12644672358.23,8746373692.26,0.691704,23.260502
MT,2018,12699635990.44,8754200986.48,0.689327,23.264839
MT,2019,12891947533.17,8940817865.65,0.69352,23.279869
MT,2020,12104091340.0,8423377540.0,0.695912,23.216809
MT,2021,13481668670.0,9448530090.0,0.700843,23.324597
MT,2022,13513780110.0,9314493100.0,0.689259,23.326976
MT,2023,13699861160.0,9688715100.0,0.707213,23.340652
MT,2024,13864977800.0,9799533280.0,0.706783,23.352632
NC,1980,41346000000.0,24166000000.0,0.584482,24.445242
NC,1981,42059000000.0,24332000000.0,0.578521,24.462339
NC,1982,43100000000.0,24679000000.0,0.572599,24.486789
NC,1983,45038000000.0,25520000000.0,0.566633,24.530772
NC,1984,48182000000.0,27016000000.0,0.560707,24.598251
NC,1985,49923000000.0,27698000000.0,0.554814,24.633748
NC,1986,52866000000.0,29012000000.0,0.548784,24.691026
NC,1987,54600000000.0,29636000000.0,0.542784,24.7233
NC,1988,57943000000.0,31809000000.0,0.548971,24.782726
NC,1989,61236000000.0,33233000000.0,0.542704,24.838001
NC,1990,62752000000.0,33778000000.0,0.538278,24.862456
NC,1991,64883000000.0,34857000000.0,0.537229,24.895851
NC,1992,67538000000.0,33766000000.0,0.499956,24.935956
NC,1993,69502000000.0,34544000000.0,0.497022,24.964621
NC,1994,71928000000.0,35747000000.0,0.496983,24.998931
NC,1995,76053000000.0,37712000000.0,0.495865,25.054696
NC,1996,78935000000.0,39282000000.0,0.49765,25.091891
NC,1997,81893000000.0,40654000000.0,0.496428,25.128679
NC,1998,85283000000.0,42268000000.0,0.49562,25.169241
NC,1999,87758000000.0,43519000000.0,0.495898,25.197849
NC,2000,89504000000.0,44140000000.0,0.493162,25.217549
NC,2001,91580000000.0,45314000000.0,0.494802,25.240479
NC,2002,92894000000.0,46157000000.0,0.496878,25.254725
NC,2003,93759000000.0,46452000000.0,0.49544,25.263993
NC,2004,95903000000.0,47183000000.0,0.491987,25.286603
NC,2005,101268000000.0,38319000000.0,0.378392,25.341036
NC,2006,101515000000.0,38033000000.0,0.374654,25.343472
NC,2007,103598000000.0,38471000000.0,0.371349,25.363784
NC,2008,101712000000.0,37089000000.0,0.364647,25.345411
NC,2009,102589997006.75,40678056796.75,0.396511,25.354006
NC,2010,102384967632.16,40006596287.35,0.390747,25.352006
NC,2011,103772359310.37,40266504630.69,0.388027,25.365465
NC,2012,104949941222.86,40982539344.71,0.390496,25.376749
NC,2013,105212557792.09,40610107455.42,0.385982,25.379249
NC,2014,108012131237.92,36563723314.3,0.338515,25.405509
NC,2015,111878568783.48999,37633056010.35,0.336374,25.44068
NC,2016,116748680917.97,39293634014.75,0.336566,25.483289
NC,2017,119176368633.2,40128625026.229996,0.336716,25.50387
NC,2018,121127248623.6,41165725216.39,0.339855,25.520107
NC,2019,122474654018.17,41618065331.65,0.33981,25.53117
NC,2020,106342365360.0,36857033900.0,0.346588,25.38993
NC,2021,117734433920.0,40605782790.0,0.344893,25.491697
NC,2022,119381038220.0,41032690260.0,0.343712,25.505586
NC,2023,122257584990.0,52938227370.0,0.433006,25.529396
NC,2024,131008358770.0,51014040920.0,0.389395,25.598527
ND,1980,5284000000.0,4071000000.0,0.770439,22.387949
ND,1981,5352000000.0,4111000000.0,0.768124,22.400736
ND,1982,5252000000.0,4015000000.0,0.764471,22.381875
ND,1983,5363000000.0,4055000000.0,0.756107,22.402789
ND,1984,5377000000.0,4045000000.0,0.752278,22.405396
ND,1985,5579000000.0,4152000000.0,0.744219,22.442275
ND,1986,5632000000.0,4179000000.0,0.74201,22.45173
ND,1987,5681000000.0,4175000000.0,0.734906,22.460393
ND,1988,5765000000.0,4224000000.0,0.732697,22.475071
ND,1989,5849000000.0,4285000000.0,0.732604,22.489537
ND,1990,5910000000.0,4348000000.0,0.735702,22.499912
ND,1991,5951000000.0,4401000000.0,0.73954,22.506825
ND,1992,6072000000.0,4497000000.0,0.740613,22.526954
ND,1993,6158000000.0,4581000000.0,0.74391,22.541018
ND,1994,6338000000.0,4705000000.0,0.742348,22.569829
ND,1995,6545000000.0,4861000000.0,0.742704,22.601967
ND,1996,6741000000.0,5021000000.0,0.744845,22.631474
ND,1997,7122000000.0,5346000000.0,0.750632,22.686454
ND,1998,7333000000.0,5541000000.0,0.755625,22.715651
ND,1999,7262000000.0,5441000000.0,0.749243,22.705921
ND,2000,7217000000.0,5372000000.0,0.744354,22.699705
ND,2001,7235000000.0,5375000000.0,0.742916,22.702196
ND,2002,7336000000.0,5444000000.0,0.742094,22.71606
ND,2003,7468000000.0,5581000000.0,0.747322,22.733893
ND,2004,7594000000.0,5614000000.0,0.739268,22.750624
ND,2005,7570000000.0,5585000000.0,0.737781,22.747459
ND,2006,7890000000.0,5580000000.0,0.707224,22.788862
ND,2007,7844000000.0,5627000000.0,0.717364,22.783015
ND,2008,7820000000.0,5613000000.0,0.717775,22.77995
ND,2009,8154000000.0,5907000000.0,0.72443,22.821774
ND,2010,8262258785.62,5959067248.98,0.721239,22.834964
ND,2011,9130650272.65,6763920714.96,0.740793,22.934903
ND,2012,10081491574.949999,7632874563.429999,0.757118,23.033967
ND,2013,10099648705.51,7517505706.43,0.744333,23.035766
ND,2014,10511269066.35,7869578231.700001,0.74868,23.075714
ND,2015,10036216840.22,7291254076.12,0.726494,23.029466
ND,2016,9739208759.08,6852804719.63,0.703631,22.999426
ND,2017,9716836373.63,6798020560.74,0.699613,22.997126
ND,2018,9855663668.6,6882111108.25,0.69829,23.011312
ND,2019,9826068271.0,6875846227.92,0.699756,23.008305
ND,2020,8767600770.0,5886062670.0,0.671342,22.894329
ND,2021,9255666410.0,6291907250.0,0.67979,22.948502
ND,2022,9179773050.0,6285242810.0,0.684684,22.940268
ND,2023,9896021070.0,6850015230.0,0.692199,23.015399
ND,2024,10029746750.0,6785593960.0,0.676547,23.028821
NE,1980,11255000000.0,7335000000.0,0.65171,23.144078
NE,1981,11504000000.0,7499000000.0,0.65186,23.165961
NE,1982,11435000000.0,7484000000.0,0.654482,23.159945
NE,1983,11534000000.0,7459000000.0,0.646697,23.168565
NE,1984,11968000000.0,7684000000.0,0.642045,23.205502
NE,1985,12054000000.0,7737000000.0,0.641862,23.212662
NE,1986,12630000000.0,7958000000.0,0.630087,23.259341
NE,1987,13091000000.0,8279000000.0,0.632419,23.295191
NE,1988,13407000000.0,8483000000.0,0.632729,23.319043
NE,1989,13781000000.0,8713000000.0,0.632247,23.346557
NE,1990,13958000000.0,8779000000.0,0.628958,23.359319
NE,1991,14095000000.0,8932000000.0,0.6337,23.369086
NE,1992,14621000000.0,8960000000.0,0.612817,23.405725
NE,1993,14777000000.0,9058000000.0,0.61298,23.416338
NE,1994,15466000000.0,9454000000.0,0.611276,23.46191
NE,1995,15807000000.0,9676000000.0,0.612134,23.483719
NE,1996,16238000000.0,9888000000.0,0.608942,23.51062
NE,1997,17077000000.0,10636000000.0,0.622826,23.560998
NE,1998,17558000000.0,10929000000.0,0.622451,23.588776
NE,1999,18012000000.0,11226000000.0,0.623251,23.614304
NE,2000,18081000000.0,11227000000.0,0.620928,23.618128
NE,2001,18102000000.0,11162000000.0,0.616617,23.619288
NE,2002,18719000000.0,11579000000.0,0.618569,23.652805
NE,2003,19016000000.0,11501000000.0,0.604806,23.668547
NE,2004,19171000000.0,11486000000.0,0.599134,23.676665
NE,2005,19291000000.0,11457000000.0,0.593904,23.682905
NE,2006,19415000000.0,11149000000.0,0.574247,23.689312
NE,2007,19439000000.0,11265000000.0,0.579505,23.690547
NE,2008,19170000000.0,10900000000.0,0.568597,23.676612
NE,2009,19359000000.0,10998000000.0,0.568108,23.686423
NE,2010,19437951655.55,11109906437.95,0.571557,23.690493
NE,2011,19093318573.44,11075914197.83,0.580094,23.672604
NE,2012,19276550844.79,11181140514.43,0.580038,23.682155
NE,2013,19321561403.09,11234923471.25,0.581471,23.684487
NE,2014,19612581566.44,11415949289.91,0.582073,23.699437
NE,2015,20100958613.85,11383062761.800001,0.566295,23.724033
NE,2016,20699915995.13,11352670962.54,0.54844,23.753395
NE,2017,21002014792.98,11501354086.98,0.547631,23.767884
NE,2018,20974735093.39,11616948929.98,0.553854,23.766584
NE,2019,21241792157.96,11663177181.03,0.549067,23.779236
NE,2020,19431864700.0,10836168250.0,0.557649,23.69018
NE,2021,21209666280.0,11868767250.0,0.559592,23.777723
NE,2022,21270328890.0,11630482520.0,0.546794,23.780579
NE,2023,21274567420.0,11628117840.0,0.546574,23.780778
NE,2024,21899734550.0,11656381060.0,0.532261,23.80974
NH,1980,6427000000.0,4334000000.0,0.674343,22.583774
NH,1981,6570000000.0,4334000000.0,0.659665,22.60578
NH,1982,6971000000.0,4290000000.0,0.615407,22.665025
NH,1983,7181000000.0,4358000000.0,0.606879,22.694704
NH,1984,7294000000.0,4420000000.0,0.605978,22.710318
NH,1985,7538000000.0,4591000000.0,0.609047,22.743223
NH,1986,7913000000.0,4859000000.0,0.614053,22.791773
NH,1987,9167000000.0,5622000000.0,0.613287,22.938876
NH,1988,9575000000.0,5894000000.0,0.615561,22.982421
NH,1989,9819000000.0,6101000000.0,0.621346,23.007585
NH,1990,9844000000.0,6148000000.0,0.624543,23.010128
NH,1991,9935000000.0,6263000000.0,0.630398,23.01933
NH,1992,10067000000.0,6355000000.0,0.63127,23.032529
NH,1993,10336000000.0,5972000000.0,0.577786,23.058899
NH,1994,10501000000.0,6107000000.0,0.581564,23.074736
NH,1995,10643000000.0,6193000000.0,0.581885,23.088168
NH,1996,10987000000.0,6391000000.0,0.581687,23.119979
NH,1997,11202000000.0,6563000000.0,0.585878,23.139358
NH,1998,11573000000.0,6785000000.0,0.586278,23.171941
NH,1999,11893000000.0,7005000000.0,0.589002,23.199216
NH,2000,12021000000.0,7083000000.0,0.589219,23.209921
NH,2001,12315000000.0,7255000000.0,0.589119,23.234084
NH,2002,12578000000.0,7429000000.0,0.590634,23.255215
NH,2003,12953000000.0,7665000000.0,0.591755,23.284593
NH,2004,13543000000.0,6037000000.0,0.445765,23.329136
NH,2005,13429000000.0,5948000000.0,0.442922,23.320682
NH,2006,13614000000.0,6024000000.0,0.442486,23.334365
NH,2007,13459000000.0,5919000000.0,0.43978,23.322914
NH,2008,13040000000.0,5738000000.0,0.440031,23.291287
NH,2009,12975431928.43,5701248462.0,0.439388,23.286324
NH,2010,13065220251.630001,5741603002.17,0.439457,23.29322
NH,2011,12719529760.13,5581509395.87,0.438814,23.266404
NH,2012,12893651744.69,5813126687.33,0.450852,23.280001
NH,2013,12902814757.95,5067794749.610001,0.392767,23.280711
NH,2014,12970408519.94,5102304224.3,0.39338,23.285936
NH,2015,13093741758.24,5165870876.69,0.39453,23.2954
NH,2016,13512596543.43,5357630397.349999,0.396492,23.326888
NH,2017,13681376626.44,5432165218.42,0.397048,23.339301
NH,2018,13776473056.300001,5484040741.96,0.398073,23.346228
NH,2019,13828121483.4,5554192995.53,0.401659,23.34997
NH,2020,11956255780.0,4937320240.0,0.412949,23.20452
NH,2021,13129807710.0,5429046930.0,0.41349,23.298151
NH,2022,13280563420.0,5484239270.0,0.412952,23.309567
NH,2023,13514730490.0,5420044260.0,0.401047,23.327046
NH,2024,13853632340.0,5509026670.0,0.397659,23.351813
NJ,1980,51841000000.0,10577000000.0,0.204028,24.671447
NJ,1981,51328000000.0,10181000000.0,0.198352,24.661502
NJ,1982,51935000000.0,9398000000.0,0.180957,24.673259
NJ,1983,52217000000.0,9813000000.0,0.187927,24.678674
NJ,1984,52312000000.0,9667000000.0,0.184795,24.680492
NJ,1985,52690000000.0,10233000000.0,0.194211,24.687692
NJ,1986,55589000000.0,10541000000.0,0.189624,24.741251
NJ,1987,57071000000.0,10597000000.0,0.185681,24.767562
NJ,1988,58671000000.0,10836000000.0,0.184691,24.795211
NJ,1989,59898000000.0,11073000000.0,0.184864,24.815909
NJ,1990,58923000000.0,10517000000.0,0.178487,24.799497
NJ,1991,59289000000.0,11747000000.0,0.198131,24.80569
NJ,1992,59410000000.0,11850000000.0,0.199461,24.807728
NJ,1993,59726000000.0,10130000000.0,0.169608,24.813033
NJ,1994,60466000000.0,10942000000.0,0.180961,24.825347
NJ,1995,61012000000.0,11495000000.0,0.188406,24.834336
NJ,1996,62334000000.0,12100000000.0,0.194116,24.855773
NJ,1997,62784000000.0,11911000000.0,0.189714,24.862966
NJ,1998,64510000000.0,12590000000.0,0.195164,24.890086
NJ,1999,65541000000.0,12811000000.0,0.195465,24.905942
NJ,2000,67446000000.0,13606000000.0,0.201732,24.934593
NJ,2001,68725000000.0,14040000000.0,0.204292,24.953379
NJ,2002,69942000000.0,14241000000.0,0.203612,24.970932
NJ,2003,69778000000.0,6778000000.0,0.097137,24.968585
NJ,2004,72844000000.0,7024000000.0,0.096425,25.011586
NJ,2005,73819000000.0,7074000000.0,0.095829,25.024882
NJ,2006,75371000000.0,7258000000.0,0.096297,25.045688
NJ,2007,76152000000.0,6907000000.0,0.0907,25.055997
NJ,2008,73629000000.0,6297000000.0,0.085523,25.022305
NJ,2009,73029000000.0,6238000000.0,0.085418,25.014122
NJ,2010,73027659189.0,6423357464.950001,0.087958,25.014104
NJ,2011,73093771102.45,6298195347.8,0.086166,25.015009
NJ,2012,74225375698.04001,4551202590.5,0.061316,25.030372
NJ,2013,74529791942.0,4545370816.45,0.060987,25.034465
NJ,2014,74856385160.1,4694172647.7,0.062709,25.038837
NJ,2015,75393419312.05,4835094462.45,0.064132,25.045986
NJ,2016,77092632156.34,4948285795.64,0.064186,25.068274
NJ,2017,77508602309.2,4880430853.3,0.062966,25.073655
NJ,2018,77538911171.9,4867999298.7,0.062781,25.074046
NJ,2019,78205297198.85,4967381903.85,0.063517,25.082603
NJ,2020,66341149960.0,4250790740.0,0.064075,24.918076
NJ,2021,73672757410.0,4695893190.0,0.06374,25.022899
NJ,2022,75287570490.0,4755771250.0,0.063168,25.044581
NJ,2023,78006655930.0,4841212970.0,0.062062,25.08006
NJ,2024,79459786930.0,5363321610.0,0.067497,25.098517
NM,1980,11308000000.0,6735000000.0,0.595596,23.148776
NM,1981,11470000000.0,6848000000.0,0.597036,23.163001
NM,1982,11850000000.0,6998000000.0,0.590549,23.195594
NM,1983,11678000000.0,7087000000.0,0.606868,23.180973
NM,1984,12896000000.0,7364000000.0,0.57103,23.280183
NM,1985,13269000000.0,7521000000.0,0.56681,23.308696
NM,1986,13171000000.0,7873000000.0,0.597753,23.301283
NM,1987,15116000000.0,8234000000.0,0.544721,23.43902
NM,1988,15283000000.0,9312000000.0,0.609304,23.450007
NM,1989,15839000000.0,9503000000.0,0.599975,23.485741
NM,1990,16148000000.0,9725000000.0,0.602242,23.505062
NM,1991,16773000000.0,10242000000.0,0.610624,23.543036
NM,1992,18452000000.0,11648000000.0,0.631259,23.638439
NM,1993,18945000000.0,11898000000.0,0.628029,23.664806
NM,1994,20480000000.0,12700000000.0,0.620117,23.742715
NM,1995,21147000000.0,13190000000.0,0.623729,23.774764
NM,1996,21510000000.0,13346000000.0,0.620456,23.791784
NM,1997,21937000000.0,13632000000.0,0.621416,23.811441
NM,1998,22192000000.0,13843000000.0,0.623783,23.822998
NM,1999,22429000000.0,14054000000.0,0.626599,23.833621
NM,2000,22760000000.0,14526000000.0,0.638225,23.84827
NM,2001,23232000000.0,14883000000.0,0.640625,23.868796
NM,2002,22789000000.0,14345000000.0,0.62947,23.849544
NM,2003,22844000000.0,13379000000.0,0.585668,23.851954
NM,2004,23942000000.0,13314000000.0,0.556094,23.8989
NM,2005,23966000000.0,13177000000.0,0.549821,23.899902
NM,2006,25787000000.0,14501000000.0,0.562338,23.973136
NM,2007,26850000000.0,15558000000.0,0.579441,24.013532
NM,2008,26279000000.0,14919000000.0,0.567716,23.992036
NM,2009,26013000000.0,14763000000.0,0.567524,23.981862
NM,2010,25273678974.33,14329689645.39,0.566981,23.953029
NM,2011,25650165248.02,14603816869.25,0.569346,23.967816
NM,2012,25561649594.309998,14590445599.84,0.570794,23.964359
NM,2013,25086110774.48,14371960482.64,0.572905,23.94558
NM,2014,25347197856.87,14372242403.9,0.567015,23.955934
NM,2015,27435418381.78,15532193531.94,0.566137,24.035101
NM,2016,27885520839.39,16015476555.04,0.574329,24.051373
NM,2017,27835850140.0,16810279130.0,0.603908,24.049591
NM,2018,27288306972.13,16179404605.95,0.592906,24.029724
NM,2019,27772075050.41,16423033840.53,0.591351,24.047297
NM,2020,23756435590.0,14210554170.0,0.598177,23.891119
NM,2021,26823403270.0,16053825720.0,0.598501,24.012541
NM,2022,26831448300.0,16097241980.0,0.599939,24.01284
NM,2023,28168693560.0,17107567660.0,0.607326,24.061477
NM,2024,28644564020.0,16965664760.0,0.592282,24.07823
NV,1980,6107000000.0,3288000000.0,0.538399,22.532701
NV,1981,6515000000.0,3561000000.0,0.546585,22.597373
NV,1982,6413000000.0,3086000000.0,0.48121,22.581593
NV,1983,6872000000.0,3151000000.0,0.458527,22.650721
NV,1984,7332000000.0,3303000000.0,0.450491,22.715514
NV,1985,7566000000.0,3370000000.0,0.445414,22.74693
NV,1986,7986000000.0,3563000000.0,0.446156,22.800956
NV,1987,8396000000.0,3673000000.0,0.43747,22.851021
NV,1988,8989000000.0,3888000000.0,0.432529,22.919267
NV,1989,9392000000.0,4193000000.0,0.446444,22.963124
NV,1990,10205000000.0,4372000000.0,0.428417,23.046144
NV,1991,10510000000.0,4372000000.0,0.415985,23.075593
NV,1992,10897000000.0,4479000000.0,0.411031,23.111753
NV,1993,11624000000.0,4654000000.0,0.400379,23.176338
NV,1994,13019000000.0,5120000000.0,0.393271,23.289676
NV,1995,13974000000.0,5431000000.0,0.38865,23.360464
NV,1996,15993000000.0,5310000000.0,0.33202,23.495417
NV,1997,16309000000.0,5621000000.0,0.344656,23.514983
NV,1998,16486000000.0,5945000000.0,0.360609,23.525777
NV,1999,17390000000.0,6148000000.0,0.353537,23.579161
NV,2000,17639000000.0,5862000000.0,0.332332,23.593378
NV,2001,18309000000.0,5992000000.0,0.327271,23.630659
NV,2002,17966000000.0,5141000000.0,0.286152,23.611747
NV,2003,19301000000.0,5978000000.0,0.309725,23.683423
NV,2004,20248000000.0,5634000000.0,0.27825,23.731322
NV,2005,20776000000.0,5635000000.0,0.271226,23.757064
NV,2006,21824000000.0,5324000000.0,0.243952,23.806276
NV,2007,22146000000.0,5527000000.0,0.249571,23.820923
NV,2008,20780000000.0,4868000000.0,0.234264,23.757257
NV,2009,20454000000.0,5092000000.0,0.248949,23.741444
NV,2010,22201419492.95,4993914283.1,0.224937,23.823422
NV,2011,24189315810.15,4883579126.6,0.20189,23.909177
NV,2012,24148288444.73,4838289101.75,0.200357,23.907479
NV,2013,24649416671.48,5014611438.38,0.203437,23.928019
NV,2014,25301901263.3,4831946558.75,0.190972,23.954145
NV,2015,25925442104.25,5010847132.2,0.193279,23.978491
NV,2016,26787988359.66,5232899389.8,0.195345,24.011219
NV,2017,27587009714.8,5458606953.45,0.197869,24.040611
NV,2018,28319012170.88,5701088700.67,0.201317,24.066799
NV,2019,28793737433.190002,5639128881.69,0.195846,24.083424
NV,2020,25231346370.0,5332929050.0,0.211361,23.951353
NV,2021,27076608000.0,5930602970.0,0.21903,24.021936
NV,2022,27647356860.0,5926902800.0,0.214375,24.042796
NV,2023,27776693080.0,5858751680.0,0.210923,24.047463
NV,2024,28433023830.0,5831726460.0,0.205104,24.070817
NY,1980,77620000000.0,25043000000.0,0.322636,25.075091
NY,1981,79130000000.0,25755000000.0,0.325477,25.094358
NY,1982,80483000000.0,24235000000.0,0.301119,25.111312
NY,1983,83783000000.0,25140000000.0,0.300061,25.151496
NY,1984,87268000000.0,25426000000.0,0.291355,25.19225
NY,1985,90518000000.0,26428000000.0,0.291964,25.228815
NY,1986,94716000000.0,27954000000.0,0.295135,25.274149
NY,1987,98002000000.0,28953000000.0,0.295433,25.308254
NY,1988,103692000000.0,30157000000.0,0.290832,25.364691
NY,1989,106059000000.0,31001000000.0,0.2923,25.387261
NY,1990,106902000000.0,31423000000.0,0.293942,25.395178
NY,1991,107661000000.0,31685000000.0,0.294303,25.402253
NY,1992,109881000000.0,30342000000.0,0.276135,25.422664
NY,1993,112240000000.0,30473000000.0,0.271499,25.443905
NY,1994,112970000000.0,31195000000.0,0.276135,25.450388
NY,1995,115091000000.0,30951000000.0,0.268926,25.468989
NY,1996,118641000000.0,31723000000.0,0.267386,25.499368
NY,1997,120779000000.0,32407000000.0,0.268317,25.517228
NY,1998,123376000000.0,34041000000.0,0.275913,25.538502
NY,1999,126491000000.0,36549000000.0,0.288945,25.563437
NY,2000,129057000000.0,36715000000.0,0.284487,25.58352
NY,2001,130722000000.0,37453000000.0,0.286509,25.596339
NY,2002,133057000000.0,38157000000.0,0.286772,25.614043
NY,2003,135047000000.0,38600000000.0,0.285826,25.628889
NY,2004,137898000000.0,39430000000.0,0.285936,25.64978
NY,2005,139197000000.0,33825000000.0,0.243001,25.659156
NY,2006,141348000000.0,33832000000.0,0.239353,25.674491
NY,2007,136737000000.0,33766000000.0,0.246941,25.641325
NY,2008,134085000000.0,33120000000.0,0.247007,25.62174
NY,2009,133491000000.0,32963000000.0,0.246931,25.6173
NY,2010,131252061499.6,32925874827.6,0.25086,25.600385
NY,2011,122517482260.35,26976938670.0,0.220188,25.53152
NY,2012,122902583122.73999,26982942160.0,0.219547,25.534658
NY,2013,124354675737.8,26752010540.0,0.215127,25.546404
NY,2014,123984381716.85,25095620360.0,0.20241,25.543421
NY,2015,121698639405.7,24759794790.0,0.203452,25.524814
NY,2016,122336683409.54001,24994079360.0,0.204306,25.530043
NY,2017,123476604631.55,25160023490.0,0.203763,25.539318
NY,2018,123510398633.35,25303332113.05,0.204868,25.539591
NY,2019,123986154320.95,25486971643.05,0.205563,25.543436
NY,2020,102476874540.0,21922332970.0,0.213925,25.352903
NY,2021,106869758990.0,23327919470.0,0.218284,25.394877
NY,2022,115382314680.0,24613351300.0,0.21332,25.471517
NY,2023,120067319490.0,25133452760.0,0.209328,25.511318
NY,2024,120869221930.0,25559177320.0,0.211461,25.517975
OH,1980,72000000000.0,30636000000.0,0.4255,24.999932
OH,1981,71728000000.0,30575000000.0,0.426263,24.996147
OH,1982,71751000000.0,30979000000.0,0.431757,24.996468
OH,1983,73214000000.0,31989000000.0,0.436925,25.016652
OH,1984,74895000000.0,32838000000.0,0.438454,25.039353
OH,1985,75549000000.0,32893000000.0,0.435386,25.048047
OH,1986,77253000000.0,33501000000.0,0.433653,25.070352
OH,1987,79157000000.0,33999000000.0,0.429513,25.094699
OH,1988,81990000000.0,35023000000.0,0.427162,25.129863
OH,1989,84418000000.0,34452000000.0,0.408112,25.159046
OH,1990,91303000000.0,35985000000.0,0.394127,25.237449
OH,1991,93002000000.0,36531000000.0,0.392798,25.255887
OH,1992,95221000000.0,37429000000.0,0.393075,25.279466
OH,1993,96167000000.0,37250000000.0,0.387347,25.289352
OH,1994,98200000000.0,37753000000.0,0.38445,25.310272
OH,1995,100788000000.0,38163000000.0,0.378646,25.336285
OH,1996,103090000000.0,39424000000.0,0.382423,25.358868
OH,1997,103677000000.0,40072000000.0,0.386508,25.364546
OH,1998,104926000000.0,40780000000.0,0.388655,25.376521
OH,1999,105511000000.0,41504000000.0,0.393362,25.382081
OH,2000,105903000000.0,41884000000.0,0.395494,25.385789
OH,2001,106589000000.0,42005000000.0,0.394084,25.392246
OH,2002,107861000000.0,43154000000.0,0.400089,25.404109
OH,2003,108938000000.0,37017000000.0,0.339799,25.414045
OH,2004,111654000000.0,37824000000.0,0.338761,25.438671
OH,2005,110491000000.0,37127000000.0,0.336018,25.4282
OH,2006,111247000000.0,36749000000.0,0.330337,25.435019
OH,2007,110631000000.0,36625000000.0,0.331055,25.429466
OH,2008,108302000000.0,35406000000.0,0.326919,25.408189
OH,2009,110591294115.6,36336485057.45,0.328566,25.429107
OH,2010,111835731562.23,36158567856.56,0.323319,25.440297
OH,2011,111989948249.14,36346741580.44,0.324554,25.441675
OH,2012,112715113125.19,36484082907.68,0.323684,25.448129
OH,2013,112766728788.78,33234641452.65,0.29472,25.448587
OH,2014,112766281845.92,33305659921.68,0.295351,25.448583
OH,2015,113672505196.69,33782771798.42,0.297194,25.456587
OH,2016,118607622342.71,34839689453.72,0.293739,25.499087
OH,2017,119597966675.68,35341935322.42,0.295506,25.507402
OH,2018,114474440636.0,34637288702.51,0.302577,25.463617
OH,2019,114693588622.31,35021947280.94,0.305352,25.46553
OH,2020,103114936130.0,31182200490.0,0.302402,25.35911
OH,2021,112923016050.0,34033202310.0,0.301384,25.449972
OH,2022,110577510330.0,33984807820.0,0.307339,25.428983
OH,2023,113223724800.0,34693012430.0,0.306411,25.452632
OH,2024,116036292890.0,34380371080.0,0.29629,25.477169
OK,1980,27410000000.0,14780000000.0,0.539219,24.034174
OK,1981,28780000000.0,15452000000.0,0.536901,24.082947
OK,1982,30011000000.0,16559000000.0,0.551764,24.12483
OK,1983,29565000000.0,15555000000.0,0.526129,24.109857
OK,1984,30981000000.0,15308000000.0,0.494109,24.15664
OK,1985,31181000000.0,15600000000.0,0.500305,24.163075
OK,1986,30833000000.0,15832000000.0,0.513476,24.151851
OK,1987,31606000000.0,16192000000.0,0.512308,24.176613
OK,1988,32388000000.0,16204000000.0,0.500309,24.201054
OK,1989,32836000000.0,16259000000.0,0.495158,24.214791
OK,1990,33141000000.0,16506000000.0,0.498054,24.224037
OK,1991,34240000000.0,16922000000.0,0.494217,24.25666
OK,1992,35119000000.0,17367000000.0,0.494519,24.282008
OK,1993,35529000000.0,17613000000.0,0.495736,24.293615
OK,1994,35567000000.0,17621000000.0,0.495431,24.294684
OK,1995,38489000000.0,18385000000.0,0.477669,24.373638
OK,1996,39427000000.0,18759000000.0,0.475791,24.397717
OK,1997,41400000000.0,21000000000.0,0.507246,24.446547
OK,1998,42033000000.0,21189000000.0,0.504104,24.461721
OK,1999,42569000000.0,21302000000.0,0.500411,24.474392
OK,2000,43355000000.0,21697000000.0,0.50045,24.492688
OK,2001,43527000000.0,21670000000.0,0.497852,24.496647
OK,2002,45731000000.0,23130000000.0,0.505784,24.546042
OK,2003,45725000000.0,21933000000.0,0.479672,24.545911
OK,2004,46443000000.0,22428000000.0,0.482915,24.561492
OK,2005,47019000000.0,22659000000.0,0.481912,24.573818
OK,2006,48689000000.0,23140000000.0,0.475261,24.608719
OK,2007,47572000000.0,22928000000.0,0.481964,24.58551
OK,2008,48499000000.0,23265000000.0,0.479701,24.604809
OK,2009,46996988144.95,21444222977.95,0.456289,24.573349
OK,2010,47745917333.3,21772648193.1,0.456011,24.589159
OK,2011,47463577423.3,21571706896.6,0.45449,24.583228
OK,2012,47871811676.24,21795229014.64,0.455283,24.591793
OK,2013,47998607764.05,20581129808.65,0.428786,24.594438
OK,2014,47698782233.8,20853991660.5,0.437202,24.588172
OK,2015,47713000208.85,21169121004.7,0.443676,24.58847
OK,2016,49013277923.4,21837316143.2,0.445539,24.615357
OK,2017,49402260404.0,22212283425.0,0.449621,24.623262
OK,2018,45433012819.15,22096364678.3,0.48635,24.539505
OK,2019,44648236606.2,22020057009.5,0.49319,24.522081
OK,2020,42000178530.0,20871705540.0,0.496943,24.46094
OK,2021,44759760710.0,22464032500.0,0.50188,24.524575
OK,2022,44565773510.0,21946441430.0,0.492451,24.520232
OK,2023,45759641920.0,22762657080.0,0.49744,24.546668
OK,2024,46456245380.0,22838580160.0,0.491615,24.561777
OR,1980,19088000000.0,12177000000.0,0.63794,23.672326
OR,1981,19516000000.0,11595000000.0,0.594128,23.6945
OR,1982,19384000000.0,11077000000.0,0.571451,23.687714
OR,1983,19975000000.0,11070000000.0,0.554193,23.717747
OR,1984,20943000000.0,11555000000.0,0.551736,23.76507
OR,1985,21458000000.0,11733000000.0,0.546789,23.789363
OR,1986,22741000000.0,12417000000.0,0.546018,23.847435
OR,1987,23332000000.0,13676000000.0,0.586148,23.873092
OR,1988,25204000000.0,13838000000.0,0.54904,23.950269
OR,1989,25820000000.0,14192000000.0,0.549651,23.974415
OR,1990,26738000000.0,14639000000.0,0.547498,24.009352
OR,1991,25762000000.0,13995000000.0,0.543242,23.972166
OR,1992,27926000000.0,15536000000.0,0.556327,24.052824
OR,1993,29657000000.0,15617000000.0,0.526587,24.112964
OR,1994,29453000000.0,15693000000.0,0.532815,24.106062
OR,1995,30034000000.0,15641000000.0,0.520776,24.125596
OR,1996,30319000000.0,15256000000.0,0.503183,24.13504
OR,1997,32268000000.0,16582000000.0,0.513884,24.197342
OR,1998,33340000000.0,17267000000.0,0.517906,24.230024
OR,1999,34680000000.0,18421000000.0,0.531171,24.269429
OR,2000,33870000000.0,17536000000.0,0.517744,24.245796
OR,2001,34398000000.0,17528000000.0,0.509565,24.261264
OR,2002,34578000000.0,17846000000.0,0.516109,24.266483
OR,2003,35098000000.0,17531000000.0,0.499487,24.28141
OR,2004,35598000000.0,16519000000.0,0.464043,24.295555
OR,2005,35282000000.0,15916000000.0,0.451108,24.286639
OR,2006,35483000000.0,15990000000.0,0.450638,24.29232
OR,2007,34750000000.0,15247000000.0,0.438763,24.271445
OR,2008,33468000000.0,14748000000.0,0.44066,24.233856
OR,2009,33972000000.0,15103000000.0,0.444572,24.248802
OR,2010,33774105561.9,14930622694.0,0.442073,24.24296
OR,2011,33373397641.1,14666167612.45,0.439457,24.231025
OR,2012,33172937419.96,14530793644.34,0.438032,24.225
OR,2013,33705846068.75,14995464447.6,0.444892,24.240937
OR,2014,34610071295.15,13485771111.5,0.389649,24.267411
OR,2015,35998504537.0,14303100641.5,0.397325,24.306743
OR,2016,36719188656.6,14571837217.4,0.396845,24.326565
OR,2017,36752883291.2,14546989884.7,0.395805,24.327483
OR,2018,36848416932.15,14588956386.15,0.395918,24.330078
OR,2019,35808465323.3,13608018196.3,0.380022,24.30145
OR,2020,32297978450.0,12375820880.0,0.383176,24.19827
OR,2021,36841975600.0,14870820270.0,0.403638,24.329904
OR,2022,36576159980.0,14603735460.0,0.399269,24.322662
OR,2023,36815893370.0,14640257750.0,0.397661,24.329195
OR,2024,37398889250.0,15298495930.0,0.409063,24.344907
PA,1980,71807000000.0,34583000000.0,0.48161,24.997248
PA,1981,71508000000.0,34836000000.0,0.487162,24.993075
PA,1982,71313000000.0,34491000000.0,0.483657,24.990344
PA,1983,72302000000.0,34048000000.0,0.470914,25.004118
PA,1984,74294000000.0,34304000000.0,0.461733,25.031296
PA,1985,75428000000.0,33859000000.0,0.448892,25.046444
PA,1986,77636000000.0,34809000000.0,0.448362,25.075297
PA,1987,78626000000.0,35225000000.0,0.448007,25.087968
PA,1988,81238000000.0,36728000000.0,0.452104,25.120649
PA,1989,82864000000.0,37839000000.0,0.45664,25.140467
PA,1990,85708000000.0,38871000000.0,0.453528,25.174212
PA,1991,87282000000.0,39258000000.0,0.449783,25.19241
PA,1992,89200000000.0,37349000000.0,0.418711,25.214147
PA,1993,90706000000.0,38616000000.0,0.425727,25.230889
PA,1994,92347000000.0,39326000000.0,0.42585,25.248819
PA,1995,94520000000.0,40378000000.0,0.42719,25.272077
PA,1996,96646000000.0,41830000000.0,0.432817,25.294321
PA,1997,98015000000.0,43394000000.0,0.442728,25.308386
PA,1998,99908000000.0,43987000000.0,0.440275,25.327516
PA,1999,102011000000.0,45612000000.0,0.447128,25.348346
PA,2000,102337000000.0,45820000000.0,0.447736,25.351537
PA,2001,103004000000.0,45928000000.0,0.445886,25.358034
PA,2002,104517000000.0,46564000000.0,0.445516,25.372616
PA,2003,106347000000.0,40550000000.0,0.381299,25.389973
PA,2004,108070000000.0,39175000000.0,0.362497,25.406045
PA,2005,108042000000.0,38886000000.0,0.359916,25.405786
PA,2006,108278000000.0,39087000000.0,0.360987,25.407968
PA,2007,108699000000.0,39034000000.0,0.359102,25.411848
PA,2008,107848000000.0,38742000000.0,0.359228,25.403989
PA,2009,103205760193.36,36701177782.93,0.355612,25.359991
PA,2010,100328712345.81,35733819661.17,0.356167,25.331718
PA,2011,99204178771.59,35648558094.27,0.359345,25.320446
PA,2012,98884385780.14,34680209012.11,0.350715,25.317217
PA,2013,98627976109.63,35309843129.07,0.35801,25.314621
PA,2014,99881537564.19,35911279188.57,0.359539,25.327251
PA,2015,100945060178.6,35395122832.0,0.350637,25.337842
PA,2016,101362492867.70999,34368456878.57,0.339065,25.341969
PA,2017,101614053851.19,35002726640.09,0.344467,25.344448
PA,2018,102109446772.29,34317913356.86,0.33609,25.349311
PA,2019,102863509771.04,34504763067.32,0.335442,25.356669
PA,2020,87982490940.0,31098671830.0,0.353464,25.200404
PA,2021,102686040590.0,34231549950.0,0.333361,25.354942
PA,2022,99912310560.0,32508867950.0,0.325374,25.327559
PA,2023,100125598560.0,32251003400.0,0.322105,25.329691
PA,2024,95194022740.0,34900954880.0,0.36663,25.279183
RI,1980,5424000000.0,1187000000.0,0.218842,22.414099
RI,1981,5575000000.0,1234000000.0,0.221345,22.441558
RI,1982,5908000000.0,1214000000.0,0.205484,22.499573
RI,1983,5430000000.0,1214000000.0,0.223573,22.415205
RI,1984,5447000000.0,903000000.0,0.165779,22.418331
RI,1985,5823000000.0,927000000.0,0.159196,22.485081
RI,1986,5429000000.0,945000000.0,0.174065,22.415021
RI,1987,6003000000.0,935000000.0,0.155755,22.515525
RI,1988,5853000000.0,905000000.0,0.154622,22.49022
RI,1989,6740000000.0,889000000.0,0.131899,22.631326
RI,1990,7364000000.0,1000000000.0,0.135796,22.719869
RI,1991,7152000000.0,976000000.0,0.136465,22.690658
RI,1992,7559000000.0,1129000000.0,0.149358,22.746005
RI,1993,7227000000.0,901000000.0,0.124671,22.70109
RI,1994,7095000000.0,882000000.0,0.124313,22.682656
RI,1995,6896000000.0,898000000.0,0.13022,22.654207
RI,1996,7120000000.0,927000000.0,0.130197,22.686174
RI,1997,7072000000.0,1024000000.0,0.144796,22.679409
RI,1998,7983000000.0,1071000000.0,0.13416,22.80058
RI,1999,8281000000.0,1102000000.0,0.133076,22.83723
RI,2000,8359000000.0,1119000000.0,0.133868,22.846605
RI,2001,7991000000.0,1038000000.0,0.129896,22.801582
RI,2002,8142000000.0,1048000000.0,0.128715,22.820302
RI,2003,8365000000.0,857000000.0,0.102451,22.847322
RI,2004,8473000000.0,881000000.0,0.103977,22.86015
RI,2005,8300000000.0,835000000.0,0.100602,22.839521
RI,2006,8300000000.0,879000000.0,0.105904,22.839521
RI,2007,8636000000.0,924000000.0,0.106994,22.879205
RI,2008,8187000000.0,874000000.0,0.106755,22.825813
RI,2009,8250000000.0,873000000.0,0.105818,22.833479
RI,2010,8280220438.54,883998943.98,0.10676,22.837135
RI,2011,7901428390.139999,878987091.76,0.111244,22.790309
RI,2012,7806872877.49,841427322.73,0.10778,22.77827
RI,2013,7775124822.37,902869827.97,0.116123,22.774195
RI,2014,7676978032.89,876134451.3,0.114125,22.761492
RI,2015,7832561416.32,887703332.53,0.113335,22.781555
RI,2016,7927070506.61,904700738.03,0.114128,22.793549
RI,2017,8000980443.76,904488301.0,0.113047,22.80283
RI,2018,8008582206.93,913315789.76,0.114042,22.80378
RI,2019,7580832257.860001,918300146.28,0.121134,22.748889
RI,2020,6864093260.0,771902130.0,0.112455,22.64957
RI,2021,7526312090.0,1006068240.0,0.133673,22.741671
RI,2022,7530619760.0,885729980.0,0.117617,22.742243
RI,2023,7563928920.0,897798870.0,0.118695,22.746657
RI,2024,7655865970.0,796676890.0,0.104061,22.758738
SC,1980,22719000000.0,15928000000.0,0.701087,23.846467
SC,1981,23054000000.0,16216000000.0,0.703392,23.861105
SC,1982,24222000000.0,17062000000.0,0.704401,23.910527
SC,1983,24977000000.0,16122000000.0,0.645474,23.941221
SC,1984,25971000000.0,16686000000.0,0.642486,23.980246
SC,1985,26677000000.0,16824000000.0,0.630656,24.007068
SC,1986,28250000000.0,17896000000.0,0.633487,24.064359
SC,1987,30224000000.0,19394000000.0,0.641675,24.131902
SC,1988,31759000000.0,20369000000.0,0.641362,24.181442
SC,1989,32780000000.0,21165000000.0,0.645668,24.213084
SC,1990,34376000000.0,22253000000.0,0.647341,24.260624
SC,1991,34456000000.0,22252000000.0,0.645809,24.262949
SC,1992,35049000000.0,21113000000.0,0.602385,24.280013
SC,1993,36125000000.0,22150000000.0,0.613149,24.310251
SC,1994,37245000000.0,22969000000.0,0.6167,24.340784
SC,1995,38724000000.0,24039000000.0,0.620778,24.379725
SC,1996,39756000000.0,24749000000.0,0.622522,24.406027
SC,1997,41333000000.0,25781000000.0,0.623739,24.444927
SC,1998,42821000000.0,26899000000.0,0.628173,24.480294
SC,1999,44148000000.0,27862000000.0,0.631104,24.510813
SC,2000,45538000000.0,29009000000.0,0.637028,24.541813
SC,2001,46601000000.0,29788000000.0,0.639214,24.564888
SC,2002,47290000000.0,30342000000.0,0.641616,24.579565
SC,2003,48120000000.0,30817000000.0,0.64042,24.596964
SC,2004,49551000000.0,32089000000.0,0.647595,24.626268
SC,2005,49434000000.0,24471000000.0,0.495024,24.623904
SC,2006,50199000000.0,24856000000.0,0.495149,24.639261
SC,2007,51109000000.0,25339000000.0,0.495784,24.657226
SC,2008,49597000000.0,24188000000.0,0.487691,24.627196
SC,2009,49130000000.0,24252000000.0,0.493629,24.617736
SC,2010,49124335197.08,23682386648.22,0.482091,24.61762
SC,2011,48730179467.93,23400969169.870003,0.480215,24.609564
SC,2012,49036190298.93,23450601698.379997,0.47823,24.615824
SC,2013,48986259575.2,23421189085.09,0.478118,24.614806
SC,2014,49931269114.57,22636107552.09,0.453345,24.633913
SC,2015,51726048484.01,23610289755.68,0.456449,24.669227
SC,2016,54552642226.3,24831602821.74,0.455186,24.722432
SC,2017,55497235730.86,25284285537.68,0.455595,24.739599
SC,2018,56800682751.57,25595929923.809998,0.450627,24.762814
SC,2019,57939397375.91,26014876563.2,0.449002,24.782663
SC,2020,53972052030.0,24390806780.0,0.451915,24.711732
SC,2021,57491954880.0,26016248850.0,0.45252,24.774911
SC,2022,58988379580.0,26420509820.0,0.447893,24.800606
SC,2023,60793779450.0,22771452750.0,0.374569,24.830753
SC,2024,62042095360.0,23340927650.0,0.376211,24.851079
SD,1980,6195000000.0,4980000000.0,0.803874,22.547008
SD,1981,6056000000.0,4944000000.0,0.81638,22.524315
SD,1982,6361000000.0,5124000000.0,0.805534,22.573451
SD,1983,6317000000.0,5011000000.0,0.793256,22.56651
SD,1984,6401000000.0,5098000000.0,0.796438,22.57972
SD,1985,6277000000.0,4932000000.0,0.785726,22.560158
SD,1986,6238000000.0,4871000000.0,0.780859,22.553925
SD,1987,6426000000.0,4998000000.0,0.777778,22.583618
SD,1988,6634000000.0,5099000000.0,0.768616,22.615474
SD,1989,6704000000.0,5157000000.0,0.769242,22.62597
SD,1990,6989000000.0,5451000000.0,0.77994,22.667603
SD,1991,6711000000.0,5223000000.0,0.778274,22.627014
SD,1992,7218000000.0,5678000000.0,0.786644,22.699844
SD,1993,7413000000.0,5786000000.0,0.780521,22.726501
SD,1994,7631000000.0,5918000000.0,0.775521,22.755485
SD,1995,7669000000.0,5886000000.0,0.767506,22.760452
SD,1996,7817000000.0,6034000000.0,0.771907,22.779567
SD,1997,7939000000.0,6145000000.0,0.774027,22.795053
SD,1998,8097000000.0,6248000000.0,0.771644,22.814759
SD,1999,8244000000.0,6374000000.0,0.773168,22.832751
SD,2000,8432000000.0,6519000000.0,0.773126,22.8553
SD,2001,8542000000.0,6597000000.0,0.772302,22.868261
SD,2002,8499000000.0,6550000000.0,0.770679,22.863214
SD,2003,8527000000.0,6585000000.0,0.772253,22.866503
SD,2004,8784000000.0,6597000000.0,0.751025,22.896198
SD,2005,8397000000.0,6292000000.0,0.749315,22.85114
SD,2006,9168000000.0,6728000000.0,0.733857,22.938985
SD,2007,9005000000.0,6416000000.0,0.712493,22.921046
SD,2008,8986000000.0,6386000000.0,0.710661,22.918934
SD,2009,8837961673.85,6231028794.23,0.70503,22.902322
SD,2010,8865980484.6,6359985013.02,0.717347,22.905487
SD,2011,9002048071.37,6477181661.07,0.719523,22.920718
SD,2012,9113471451.67,6478414511.53,0.710861,22.93302
SD,2013,9121797358.62,6426153270.79,0.704483,22.933933
SD,2014,9225040615.26,6432757056.17,0.697315,22.945187
SD,2015,9324353331.93,6511833661.22,0.698368,22.955895
SD,2016,9506534322.74,6640619509.23,0.698532,22.975245
SD,2017,9642559370.89,6751434044.67,0.70017,22.989452
SD,2018,9719406132.65,6785880967.96,0.698179,22.99739
SD,2019,9922399543.82,6933677414.37,0.69879,23.018061
SD,2020,9742507880.0,6839006740.0,0.701976,22.999764
SD,2021,9993910740.0,7087061850.0,0.709138,23.025242
SD,2022,10169528880.0,7125519680.0,0.700674,23.042662
SD,2023,10344667450.0,7230411930.0,0.698951,23.059737
SD,2024,10450143740.0,7274774510.0,0.696141,23.069882
TN,1980,33505000000.0,17248000000.0,0.514789,24.234961
TN,1981,34729000000.0,18137000000.0,0.522244,24.270841
TN,1982,34793000000.0,18118000000.0,0.520737,24.272682
TN,1983,36261000000.0,18859000000.0,0.52009,24.314009
TN,1984,36523000000.0,17659000000.0,0.483504,24.321208
TN,1985,36307000000.0,17634000000.0,0.485691,24.315276
TN,1986,39521000000.0,19312000000.0,0.488652,24.400098
TN,1987,42126000000.0,20483000000.0,0.486232,24.463931
TN,1988,44193000000.0,21446000000.0,0.48528,24.511832
TN,1989,45639000000.0,22151000000.0,0.485352,24.544028
TN,1990,46710000000.0,22880000000.0,0.489831,24.567224
TN,1991,47267000000.0,23158000000.0,0.48994,24.579078
TN,1992,49994000000.0,22601000000.0,0.452074,24.635169
TN,1993,52112000000.0,23475000000.0,0.450472,24.676661
TN,1994,54524000000.0,24597000000.0,0.451122,24.721907
TN,1995,56214000000.0,25251000000.0,0.449194,24.752432
TN,1996,58435000000.0,26362000000.0,0.451134,24.791181
TN,1997,60526000000.0,27065000000.0,0.447163,24.826339
TN,1998,62562000000.0,28099000000.0,0.449138,24.859424
TN,1999,64756000000.0,29436000000.0,0.454568,24.893892
TN,2000,65732000000.0,30487000000.0,0.463808,24.908852
TN,2001,67632000000.0,31731000000.0,0.469171,24.937347
TN,2002,68229000000.0,32068000000.0,0.470005,24.946136
TN,2003,69154000000.0,29677000000.0,0.429144,24.959602
TN,2004,70943000000.0,29610000000.0,0.417377,24.985143
TN,2005,70814000000.0,29220000000.0,0.41263,24.983323
TN,2006,70596000000.0,28903000000.0,0.409414,24.980239
TN,2007,71179000000.0,29101000000.0,0.408842,24.988464
TN,2008,69469000000.0,27985000000.0,0.402842,24.964146
TN,2009,70226000000.0,28115000000.0,0.40035,24.974984
TN,2010,70438824331.4,28412111861.399998,0.403359,24.97801
TN,2011,70751103870.1,28204945909.65,0.39865,24.982434
TN,2012,71166871193.16,28211416593.2,0.396412,24.988293
TN,2013,71067043614.2,27936972169.7,0.393107,24.98689
TN,2014,72335754264.95,25376092653.85,0.35081,25.004584
TN,2015,76670318405.25,25466919780.4,0.332161,25.06278
TN,2016,76883747376.66,24546183891.54,0.319264,25.06556
TN,2017,82253263968.8,25373390860.45,0.308479,25.133069
TN,2018,81321490967.75,25892149895.4,0.318392,25.121676
TN,2019,82891770859.6,26183901777.05,0.315881,25.140802
TN,2020,76392474940.0,24955403970.0,0.326674,25.05915
TN,2021,82595592500.0,26888589270.0,0.325545,25.137222
TN,2022,83218639250.0,26900672150.0,0.323253,25.144737
TN,2023,83404980500.0,27691920940.0,0.332018,25.146974
TN,2024,78904423520.0,29647121450.0,0.375735,25.091503
TX,1980,114178000000.0,43758000000.0,0.383244,25.461024
TX,1981,119523000000.0,45793000000.0,0.383131,25.506775
TX,1982,125218000000.0,47217000000.0,0.377078,25.553322
TX,1983,131883000000.0,50113000000.0,0.379981,25.605181
TX,1984,137737000000.0,52836000000.0,0.383601,25.648612
TX,1985,143263000000.0,53178000000.0,0.371191,25.687948
TX,1986,148348000000.0,51876000000.0,0.349691,25.722827
TX,1987,151186000000.0,52515000000.0,0.347354,25.741777
TX,1988,156458000000.0,53714000000.0,0.343313,25.776053
TX,1989,159512000000.0,53693000000.0,0.336608,25.795385
TX,1990,156578000000.0,54662000000.0,0.349104,25.77682
TX,1991,158756000000.0,55529000000.0,0.349776,25.790634
TX,1992,163329000000.0,57168000000.0,0.350017,25.819032
TX,1993,167611000000.0,54555000000.0,0.325486,25.844912
TX,1994,178348000000.0,56906000000.0,0.319073,25.907003
TX,1995,181096000000.0,56268000000.0,0.310708,25.922293
TX,1996,185386000000.0,57776000000.0,0.311652,25.945706
TX,1997,198702000000.0,64940000000.0,0.326821,26.015072
TX,1998,206023000000.0,68060000000.0,0.330351,26.051254
TX,1999,210874000000.0,70374000000.0,0.333725,26.074527
TX,2000,220064000000.0,74002000000.0,0.336275,26.117184
TX,2001,216269000000.0,75907000000.0,0.350984,26.099789
TX,2002,221026000000.0,78235000000.0,0.353963,26.121546
TX,2003,223418000000.0,78758000000.0,0.352514,26.13231
TX,2004,231008000000.0,82087000000.0,0.355343,26.165718
TX,2005,235170000000.0,83608000000.0,0.355522,26.183574
TX,2006,238256000000.0,84401000000.0,0.354245,26.196612
TX,2007,243443000000.0,85966000000.0,0.353126,26.218149
TX,2008,235382000000.0,70546000000.0,0.299709,26.184476
TX,2009,229984197776.4,67511711600.14,0.293549,26.161276
TX,2010,234015906037.55,69024391400.06,0.294956,26.178655
TX,2011,237439891087.59,70087099869.05,0.295178,26.19318
TX,2012,237835822756.37,70834222085.23,0.297828,26.194846
TX,2013,244524882871.78998,75824582446.08,0.310089,26.222583
TX,2014,243075845834.02,67898282494.6,0.27933,26.216639
TX,2015,258122309171.87,68889451683.36,0.266887,26.276699
TX,2016,271262838263.55,71146274700.18,0.262278,26.326354
TX,2017,272980907045.5,72891613102.19,0.267021,26.332668
TX,2018,282037265101.35,76746827479.23999,0.272116,26.365305
TX,2019,288227235544.53,78625132291.67,0.272789,26.387015
TX,2020,260581955440.0,71681786220.0,0.275083,26.286183
TX,2021,285027661290.0,79183941380.0,0.277811,26.375852
TX,2022,290890077820.0,79324553950.0,0.272696,26.396211
TX,2023,300338034480.0,79555048290.0,0.264885,26.428174
TX,2024,308460735250.0,82697323270.0,0.268097,26.45486
UT,1980,10845000000.0,4341000000.0,0.400277,23.10697
UT,1981,10732000000.0,4827000000.0,0.449776,23.096496
UT,1982,10925000000.0,4369000000.0,0.399908,23.11432
UT,1983,11221000000.0,4339000000.0,0.386686,23.141053
UT,1984,11661000000.0,4643000000.0,0.398165,23.179516
UT,1985,12037000000.0,4714000000.0,0.391626,23.211251
UT,1986,12246000000.0,4694000000.0,0.383309,23.228465
UT,1987,12679000000.0,4819000000.0,0.380077,23.263213
UT,1988,13263000000.0,5071000000.0,0.382342,23.308244
UT,1989,13915000000.0,5376000000.0,0.386346,23.356233
UT,1990,14646000000.0,5691000000.0,0.38857,23.407433
UT,1991,15391000000.0,5970000000.0,0.387889,23.457049
UT,1992,16307000000.0,5942000000.0,0.364383,23.51486
UT,1993,17056000000.0,6231000000.0,0.365326,23.559768
UT,1994,18078000000.0,6621000000.0,0.366246,23.617962
UT,1995,18781000000.0,6962000000.0,0.370694,23.656112
UT,1996,19539000000.0,7327000000.0,0.374994,23.695678
UT,1997,20444000000.0,7648000000.0,0.374095,23.740955
UT,1998,21270000000.0,8066000000.0,0.37922,23.780563
UT,1999,22043000000.0,8331000000.0,0.377943,23.816261
UT,2000,22597000000.0,8585000000.0,0.379918,23.841083
UT,2001,23452000000.0,8885000000.0,0.378859,23.878222
UT,2002,24564000000.0,9230000000.0,0.375753,23.924548
UT,2003,24029000000.0,8728000000.0,0.363228,23.902527
UT,2004,24696000000.0,7320000000.0,0.296404,23.929907
UT,2005,25158000000.0,7491000000.0,0.297758,23.948442
UT,2006,25964000000.0,8036000000.0,0.309505,23.979977
UT,2007,26832000000.0,8084000000.0,0.301282,24.012861
UT,2008,25974000000.0,7842000000.0,0.301917,23.980362
UT,2009,26264000000.0,7945000000.0,0.302505,23.991465
UT,2010,26585222151.3,8002482645.26,0.301012,24.003621
UT,2011,26221626339.52,7766741254.51,0.296196,23.98985
UT,2012,26527834363.21,8005316434.24,0.30177,24.00146
UT,2013,27005476071.41,7247949617.76,0.268388,24.019305
UT,2014,27554419299.91,7323332706.66,0.265777,24.039429
UT,2015,29603663493.75,8287082525.9,0.279934,24.111164
UT,2016,31448897057.510002,8309687463.32,0.264228,24.17163
UT,2017,31475025711.010002,8754486165.25,0.278141,24.17246
UT,2018,32069287913.53,8915767088.189999,0.278016,24.191165
UT,2019,32910675124.48,8887914721.59,0.270062,24.217063
UT,2020,30251183460.0,8776548900.0,0.290122,24.132801
UT,2021,33637947020.0,9833146090.0,0.292323,24.238921
UT,2022,34336151080.0,9861917620.0,0.287217,24.259465
UT,2023,34584232860.0,9926811280.0,0.287033,24.266664
UT,2024,36160233140.0,10199623450.0,0.282067,24.311226
VA,1980,38532000000.0,19808000000.0,0.514066,24.374755
VA,1981,40300000000.0,20435000000.0,0.507072,24.419617
VA,1982,41430000000.0,21117000000.0,0.509703,24.447271
VA,1983,42299000000.0,21592000000.0,0.510461,24.468029
VA,1984,44527000000.0,22652000000.0,0.508725,24.519362
VA,1985,47928000000.0,22922000000.0,0.478259,24.592966
VA,1986,51726000000.0,24075000000.0,0.465433,24.669226
VA,1987,54834000000.0,25093000000.0,0.457618,24.727576
VA,1988,57453000000.0,26584000000.0,0.462709,24.774233
VA,1989,59337000000.0,27501000000.0,0.463471,24.806499
VA,1990,60178000000.0,28059000000.0,0.466267,24.820573
VA,1991,61099000000.0,28670000000.0,0.469238,24.835761
VA,1992,63447000000.0,29770000000.0,0.469211,24.873471
VA,1993,65421000000.0,30436000000.0,0.465233,24.904109
VA,1994,67609000000.0,29194000000.0,0.431806,24.937007
VA,1995,69811000000.0,30397000000.0,0.435418,24.969057
VA,1996,71302000000.0,31329000000.0,0.439385,24.99019
VA,1997,70320000000.0,31149000000.0,0.442961,24.976322
VA,1998,72679000000.0,31437000000.0,0.432546,25.009318
VA,1999,73908000000.0,31344000000.0,0.424095,25.026087
VA,2000,74801000000.0,32252000000.0,0.431171,25.038097
VA,2001,73745000000.0,32425000000.0,0.439691,25.023879
VA,2002,77450000000.0,33916000000.0,0.437908,25.072898
VA,2003,76868000000.0,29810000000.0,0.387808,25.065356
VA,2004,78877000000.0,30598000000.0,0.38792,25.091156
VA,2005,80337000000.0,30857000000.0,0.384095,25.109496
VA,2006,81095000000.0,31531000000.0,0.388816,25.118887
VA,2007,82077000000.0,30894000000.0,0.376403,25.130924
VA,2008,82278000000.0,30201000000.0,0.36706,25.13337
VA,2009,80927000000.0,29931000000.0,0.369852,25.116813
VA,2010,82170614276.3,29866225648.75,0.363466,25.132064
VA,2011,80973992063.65,29619544188.92,0.365791,25.117394
VA,2012,80958667790.96,29715677171.09,0.367048,25.117205
VA,2013,80767005700.3,30099683887.14,0.372673,25.114834
VA,2014,80984636144.27,30197393947.2,0.372878,25.117525
VA,2015,82624527638.81,23601514298.18,0.285648,25.137572
VA,2016,84462671606.03,28707902456.43,0.339889,25.159576
VA,2017,85262944946.13,29209266007.68,0.342579,25.169006
VA,2018,85336102057.1,29008878617.41,0.339937,25.169863
VA,2019,85432484153.11,29392148877.46,0.344039,25.170992
VA,2020,76110269220.0,26438343490.0,0.347369,25.055449
VA,2021,80102466100.0,30018257690.0,0.374748,25.106572
VA,2022,82083233050.0,29109386330.0,0.354633,25.131
VA,2023,87730191840.0,26813913380.0,0.305641,25.197532
VA,2024,88511124810.0,26676960720.0,0.301397,25.206394
VT,1980,3717000000.0,3019000000.0,0.812214,22.036183
VT,1981,3835000000.0,3119000000.0,0.813299,22.067435
VT,1982,3970000000.0,3045000000.0,0.767003,22.102032
VT,1983,4151000000.0,3171000000.0,0.763912,22.146615
VT,1984,4393000000.0,3319000000.0,0.75552,22.203278
VT,1985,4688000000.0,3564000000.0,0.760239,22.268272
VT,1986,4778000000.0,3661000000.0,0.76622,22.287288
VT,1987,5039000000.0,3886000000.0,0.771185,22.340473
VT,1988,5553000000.0,4278000000.0,0.770394,22.437604
VT,1989,5765000000.0,4204000000.0,0.729228,22.475071
VT,1990,5838000000.0,4250000000.0,0.727989,22.487654
VT,1991,5870000000.0,4269000000.0,0.727257,22.49312
VT,1992,6019000000.0,4315000000.0,0.716896,22.518187
VT,1993,5976000000.0,4207000000.0,0.703983,22.511017
VT,1994,6152000000.0,4342000000.0,0.705787,22.540043
VT,1995,6206000000.0,4382000000.0,0.706091,22.548782
VT,1996,6377000000.0,4541000000.0,0.71209,22.575964
VT,1997,6466000000.0,4601000000.0,0.711568,22.589824
VT,1998,6596000000.0,4701000000.0,0.712705,22.609729
VT,1999,6543000000.0,4578000000.0,0.699679,22.601662
VT,2000,6811000000.0,4862000000.0,0.713845,22.641805
VT,2001,7888000000.0,5917000000.0,0.750127,22.788608
VT,2002,7955000000.0,5937000000.0,0.746323,22.797066
VT,2003,8309000000.0,6034000000.0,0.726201,22.840605
VT,2004,7855000000.0,5843000000.0,0.743857,22.784416
VT,2005,7713000000.0,5879000000.0,0.76222,22.766173
VT,2006,7832000000.0,5922000000.0,0.756129,22.781484
VT,2007,7694000000.0,5731000000.0,0.744866,22.763707
VT,2008,7312000000.0,5437000000.0,0.743572,22.712783
VT,2009,7646000000.0,5779000000.0,0.75582,22.757448
VT,2010,7247555840.05,5399888683.05,0.745063,22.70393
VT,2011,7141039079.95,5282977598.95,0.739805,22.689124
VT,2012,7215657792.0,5339669824.12,0.740012,22.699519
VT,2013,7115877038.45,5257613686.9,0.738857,22.685594
VT,2014,7059200793.8,4974624293.6,0.704701,22.677598
VT,2015,7313841851.6,5198716700.6,0.710805,22.713035
VT,2016,7381890091.6,5250555520.6,0.711275,22.722296
VT,2017,7424419886.0,5280467775.0,0.71123,22.72804
VT,2018,7346350177.62,5216940783.52,0.71014,22.717469
VT,2019,7345626922.41,5221399601.78,0.710817,22.717371
VT,2020,6006975090.0,4272605690.0,0.711274,22.516187
VT,2021,6625055000.0,4702391780.0,0.709789,22.614125
VT,2022,7127762700.0,5061967780.0,0.710176,22.687263
VT,2023,7172472520.0,5103988420.0,0.711608,22.693516
VT,2024,7208260120.0,5228262710.0,0.725315,22.698493
WA,1980,28922000000.0,11276000000.0,0.389876,24.087868
WA,1981,30268000000.0,11886000000.0,0.392692,24.133357
WA,1982,31258000000.0,12130000000.0,0.388061,24.165541
WA,1983,36144000000.0,16098000000.0,0.445385,24.310777
WA,1984,34248000000.0,14121000000.0,0.412316,24.256894
WA,1985,34375000000.0,13686000000.0,0.398138,24.260595
WA,1986,35993000000.0,14339000000.0,0.398383,24.30659
WA,1987,38520000000.0,14799000000.0,0.38419,24.374443
WA,1988,41813000000.0,15293000000.0,0.365747,24.456473
WA,1989,43233000000.0,15861000000.0,0.366873,24.48987
WA,1990,44695000000.0,16764000000.0,0.375076,24.523127
WA,1991,46449000000.0,17295000000.0,0.372344,24.561621
WA,1992,49386000000.0,16692000000.0,0.337991,24.622933
WA,1993,46135000000.0,14821000000.0,0.321253,24.554838
WA,1994,47428000000.0,15418000000.0,0.325082,24.582479
WA,1995,49250000000.0,16176000000.0,0.328447,24.620175
WA,1996,49405000000.0,15944000000.0,0.32272,24.623317
WA,1997,51068000000.0,16475000000.0,0.322609,24.656424
WA,1998,51927000000.0,16738000000.0,0.322337,24.673105
WA,1999,52714000000.0,16887000000.0,0.320351,24.688147
WA,2000,53330000000.0,17202000000.0,0.322558,24.699765
WA,2001,53665000000.0,17236000000.0,0.321178,24.706027
WA,2002,54776000000.0,17481000000.0,0.319136,24.726518
WA,2003,55015000000.0,17914000000.0,0.32562,24.730872
WA,2004,55673000000.0,16238000000.0,0.291667,24.742761
WA,2005,55476000000.0,16202000000.0,0.292054,24.739216
WA,2006,56517000000.0,16531000000.0,0.292496,24.757807
WA,2007,56939000000.0,16725000000.0,0.293735,24.765246
WA,2008,55558000000.0,16085000000.0,0.289517,24.740693
WA,2009,56417000000.0,16687000000.0,0.29578,24.756036
WA,2010,57190442823.54,17176614952.53,0.300341,24.769653
WA,2011,56954572844.02,17001237198.26,0.298505,24.76552
WA,2012,56762006211.76,16947332084.42,0.298568,24.762133
WA,2013,57211211416.82,15627221715.62,0.27315,24.770016
WA,2014,58059800008.38,15892896793.07,0.273733,24.784739
WA,2015,59652504240.369995,16514462479.560001,0.276844,24.811802
WA,2016,61017810943.99,16983206379.84,0.278332,24.834432
WA,2017,61419924864.51,17098050462.19,0.27838,24.841
WA,2018,62366656131.11,17426384174.65,0.279418,24.856297
WA,2019,62529638317.24,17496734477.59,0.279815,24.858906
WA,2020,53658241310.0,15493036560.0,0.288735,24.705901
WA,2021,57796596140.0,17036843550.0,0.294772,24.780196
WA,2022,58482755280.0,16964797630.0,0.290082,24.791998
WA,2023,59803783960.0,16723106950.0,0.279633,24.814335
WA,2024,60555122210.0,16830988190.0,0.277945,24.82682
WI,1980,31233000000.0,16703000000.0,0.534787,24.164741
WI,1981,33611000000.0,18316000000.0,0.544941,24.238119
WI,1982,32794000000.0,17893000000.0,0.545618,24.213511
WI,1983,34106000000.0,18585000000.0,0.544919,24.252739
WI,1984,35554000000.0,18479000000.0,0.519745,24.294319
WI,1985,36679000000.0,19081000000.0,0.520216,24.32547
WI,1986,38428000000.0,19930000000.0,0.518632,24.372052
WI,1987,40196000000.0,21223000000.0,0.527988,24.417033
WI,1988,42458000000.0,22418000000.0,0.528004,24.471781
WI,1989,43086000000.0,22798000000.0,0.529128,24.486464
WI,1990,44277000000.0,23390000000.0,0.528265,24.513731
WI,1991,45458000000.0,24019000000.0,0.528378,24.540055
WI,1992,47628000000.0,25017000000.0,0.525258,24.586687
WI,1993,49167000000.0,25433000000.0,0.517278,24.618489
WI,1994,50273000000.0,26418000000.0,0.525491,24.640734
WI,1995,51396000000.0,27128000000.0,0.527823,24.662826
WI,1996,52782000000.0,28300000000.0,0.536168,24.689436
WI,1997,54405000000.0,29624000000.0,0.544509,24.719722
WI,1998,56655000000.0,30897000000.0,0.545353,24.760246
WI,1999,56961000000.0,30697000000.0,0.538913,24.765633
WI,2000,57266000000.0,31346000000.0,0.547375,24.770973
WI,2001,57269000000.0,31021000000.0,0.541672,24.771025
WI,2002,58746000000.0,32060000000.0,0.545739,24.796489
WI,2003,59615000000.0,29931000000.0,0.502072,24.811173
WI,2004,60399000000.0,28252000000.0,0.467756,24.824238
WI,2005,60017000000.0,28501000000.0,0.474882,24.817894
WI,2006,59398000000.0,28129000000.0,0.473568,24.807526
WI,2007,59493000000.0,28195000000.0,0.473921,24.809124
WI,2008,57462000000.0,26958000000.0,0.469145,24.77439
WI,2009,58157000000.0,27611000000.0,0.474767,24.786412
WI,2010,59420266427.03,31739245017.36,0.534148,24.807901
WI,2011,58553703870.33,29677579609.04,0.506844,24.79321
WI,2012,59087299886.35,30590046093.96,0.517709,24.802282
WI,2013,59486150423.91,30753444019.39,0.516985,24.809009
WI,2014,60053380396.97,30980102414.61,0.515876,24.8185
WI,2015,62073368217.55,32119768732.86,0.517448,24.851583
WI,2016,64046406586.15,32264612840.25,0.503769,24.882874
WI,2017,65323709268.770004,33200095797.22,0.50824,24.902621
WI,2018,65885434948.85,33357198535.23,0.506291,24.911183
WI,2019,66347623852.43,33385587734.34,0.503192,24.918174
WI,2020,57599941030.0,29253111530.0,0.507867,24.776787
WI,2021,64983279480.0,33249727750.0,0.511666,24.897396
WI,2022,66166680900.0,33810578550.0,0.510991,24.915443
WI,2023,67248397730.0,34333518600.0,0.510548,24.931659
WI,2024,69225770840.0,36000494290.0,0.520045,24.960639
WV,1980,10746000000.0,7647000000.0,0.711614,23.097799
WV,1981,10440000000.0,7394000000.0,0.708238,23.06891
WV,1982,10932000000.0,7819000000.0,0.71524,23.11496
WV,1983,11696000000.0,8435000000.0,0.721187,23.182513
WV,1984,12671000000.0,9080000000.0,0.716597,23.262582
WV,1985,12664000000.0,9109000000.0,0.719283,23.262029
WV,1986,13181000000.0,9526000000.0,0.722707,23.302042
WV,1987,13742000000.0,9896000000.0,0.720128,23.343723
WV,1988,13884000000.0,9996000000.0,0.719965,23.354003
WV,1989,14940000000.0,10564000000.0,0.707095,23.427308
WV,1990,15418000000.0,10948000000.0,0.710079,23.458801
WV,1991,16026000000.0,11383000000.0,0.710283,23.497478
WV,1992,16478000000.0,11832000000.0,0.718048,23.525292
WV,1993,16778000000.0,11965000000.0,0.713136,23.543334
WV,1994,17112000000.0,12272000000.0,0.717158,23.563046
WV,1995,17421000000.0,12508000000.0,0.717984,23.580942
WV,1996,17693000000.0,12725000000.0,0.719211,23.596435
WV,1997,18324000000.0,13359000000.0,0.729044,23.631478
WV,1998,18666000000.0,13560000000.0,0.726455,23.64997
WV,1999,19032000000.0,13777000000.0,0.723886,23.669388
WV,2000,19242000000.0,13955000000.0,0.725236,23.680361
WV,2001,19714000000.0,14381000000.0,0.729482,23.704595
WV,2002,20005000000.0,14628000000.0,0.731217,23.719248
WV,2003,20082000000.0,14699000000.0,0.731949,23.72309
WV,2004,20302000000.0,14775000000.0,0.727761,23.733985
WV,2005,20523000000.0,13116000000.0,0.639088,23.744812
WV,2006,20885000000.0,12316000000.0,0.589706,23.762297
WV,2007,20564000000.0,12158000000.0,0.591227,23.746808
WV,2008,20774000000.0,12113000000.0,0.583085,23.756968
WV,2009,19606000000.0,11302000000.0,0.576456,23.699101
WV,2010,19203033574.85,11059259837.3,0.575912,23.678334
WV,2011,18963126031.75,10963989789.35,0.578174,23.665762
WV,2012,19225785613.74,11108492538.66,0.577791,23.679518
WV,2013,19232347432.95,11210145245.5,0.58288,23.679859
WV,2014,19117490470.3,11174942013.85,0.58454,23.673869
WV,2015,19826642966.7,9722336712.64,0.490367,23.710292
WV,2016,19539442679.69,9982659378.21,0.510898,23.695701
WV,2017,19072335445.31,9918941316.03,0.52007,23.671505
WV,2018,19447323210.76,9868280034.08,0.507436,23.690975
WV,2019,19076559660.0,9610325611.65,0.503777,23.671726
WV,2020,16054140260.0,8260115770.0,0.514516,23.499233
WV,2021,16079274930.0,8312980060.0,0.517,23.500797
WV,2022,15312407540.0,7987653120.0,0.521646,23.451929
WV,2023,15962390250.0,8145049700.0,0.510265,23.493501
WV,2024,17213761510.0,9792125250.0,0.568854,23.568975
WY,1980,5008000000.0,4001000000.0,0.798922,22.334302
WY,1981,5222000000.0,4230000000.0,0.810034,22.376146
WY,1982,5281000000.0,4057000000.0,0.768226,22.387381
WY,1983,5059000000.0,3811000000.0,0.753311,22.344435
WY,1984,5127000000.0,3905000000.0,0.761654,22.357787
WY,1985,5401000000.0,4098000000.0,0.758748,22.40985
WY,1986,5373000000.0,4051000000.0,0.753955,22.404652
WY,1987,5367000000.0,4070000000.0,0.758338,22.403535
WY,1988,5658000000.0,4331000000.0,0.765465,22.456336
WY,1989,5751000000.0,4393000000.0,0.763867,22.47264
WY,1990,5833000000.0,4479000000.0,0.767872,22.486797
WY,1991,5998000000.0,4640000000.0,0.773591,22.514692
WY,1992,6217000000.0,4604000000.0,0.74055,22.550553
WY,1993,6770000000.0,5290000000.0,0.781388,22.635767
WY,1994,6689000000.0,5134000000.0,0.767529,22.62373
WY,1995,7044000000.0,5365000000.0,0.761641,22.675442
WY,1996,7360000000.0,5347000000.0,0.726495,22.719326
WY,1997,7576000000.0,5547000000.0,0.732181,22.748251
WY,1998,8031000000.0,5861000000.0,0.729797,22.806575
WY,1999,7797000000.0,5758000000.0,0.738489,22.777005
WY,2000,8090000000.0,5855000000.0,0.723733,22.813895
WY,2001,8625000000.0,6401000000.0,0.742145,22.877931
WY,2002,9007000000.0,6618000000.0,0.734762,22.921268
WY,2003,9211000000.0,6776000000.0,0.735642,22.943664
WY,2004,9261000000.0,6580000000.0,0.710506,22.949078
WY,2005,9058000000.0,6591000000.0,0.727644,22.926914
WY,2006,9415000000.0,6706000000.0,0.712268,22.96557
WY,2007,9366000000.0,6816000000.0,0.727739,22.960352
WY,2008,9447000000.0,6796000000.0,0.719382,22.968963
WY,2009,9568000000.0,6899000000.0,0.721049,22.98169
WY,2010,9362789824.43,6620824362.59,0.707142,22.960009
WY,2011,9244905540.46,6509333604.77,0.7041,22.947338
WY,2012,9270993557.71,6413768879.08,0.69181,22.950156
WY,2013,9308940396.23,6446098010.68,0.692463,22.954241
WY,2014,9457283094.720001,6538394294.5,0.691361,22.970051
WY,2015,9597036264.78,6652372723.94,0.693169,22.98472
WY,2016,9322542398.55,6448430925.71,0.691703,22.955701
WY,2017,9784665268.23,6847898363.35,0.69986,23.004082
WY,2018,10438442613.31,7386932063.04,0.707666,23.068761
WY,2019,10207605647.72,7189574858.24,0.704335,23.046399
WY,2020,9800319810.0,7138562010.0,0.728401,23.005681
WY,2021,11096520140.0,8202148100.0,0.739164,23.129897
WY,2022,9324385310.0,6716985630.0,0.720368,22.955899
WY,2023,9518858730.0,6995795550.0,0.734941,22.976541
WY,2024,9719595320.0,7131675980.0,0.733742,22.99741
