st,year,fat,ai08,ai01,svn,sober,ai08_hh,ai08_night,sober_hh,sober_night,ai_share,log_odds,svn_share,ddd_ai,ddd_sober,ddd_net,mlda,vmt,rural_share,log_vmt,ai_per_vmt,sober_per_vmt,fat_per_vmt,belt_primary,belt_secondary,speed65,bac08,log_income
AK,1982,105.0,57.1,60.2,23.0,47.9,11.5,30.4,10.5,6.6,0.54381,0.175689,0.219048,-0.972096,0.464306,-1.436401,,3467000000.0,0.691087,21.966556,0.498929,0.323241,1.108086,,,,,
AK,1983,150.0,72.4,81.5,43.0,77.6,15.3,38.7,15.7,16.3,0.482667,-0.069361,0.286667,-0.927987,-0.037504,-0.890482,,3358000000.0,0.630435,21.934611,0.768276,0.837637,1.496705,0.0,0.0,0.0,0.0,9.796626
AK,1984,134.0,71.3,84.4,40.0,62.7,12.7,46.1,12.3,13.9,0.53209,0.128535,0.298507,-1.289211,-0.12229,-1.166921,,3850000000.0,0.536364,22.071339,0.616238,0.487703,1.247182,0.0,0.0,0.0,0.0,9.80328
AK,1985,127.0,67.6,72.5,29.0,59.4,11.7,44.1,13.3,13.9,0.532283,0.129314,0.228346,-1.326871,-0.044125,-1.282746,,4010000000.0,0.543392,22.112057,0.522232,0.392918,1.152811,0.0,0.0,0.0,0.0,9.848239
AK,1986,101.0,47.8,56.7,27.0,53.2,10.5,23.2,12.5,12.8,0.473267,-0.107033,0.267327,-0.792777,-0.023717,-0.76906,,3998000000.0,0.522511,22.10906,0.178646,0.285679,0.926741,0.0,0.0,0.0,0.0,9.823686
AK,1987,76.0,31.9,38.6,18.0,44.1,3.4,20.8,11.6,9.2,0.419737,-0.323854,0.236842,-1.811178,0.231802,-2.042979,,3900000000.0,0.544359,22.084242,-0.200956,0.122898,0.667172,0.0,0.0,0.0,0.0,9.799293
AK,1988,97.0,45.7,50.3,32.0,51.3,5.6,28.4,16.4,11.6,0.471134,-0.115592,0.329897,-1.623623,0.346276,-1.969899,,3957000000.0,0.533232,22.098752,0.144027,0.259619,0.89664,0.0,0.0,0.0,0.0,9.822657
AK,1989,84.0,35.4,40.9,26.0,48.6,6.6,17.0,15.4,12.0,0.421429,-0.316912,0.309524,-0.946144,0.249461,-1.195605,21.0,3887000000.0,0.567276,22.080903,-0.093511,0.223401,0.770594,0.0,0.0,0.0,0.0,9.901986
AK,1990,98.0,41.4,47.2,28.0,56.6,9.3,23.6,17.7,11.4,0.422449,-0.312728,0.285714,-0.931232,0.439951,-1.371184,21.0,3910000000.0,0.569309,22.086803,0.057158,0.369887,0.918845,0.0,0.0,0.0,0.0,9.955748
AK,1991,101.0,40.6,45.5,27.0,60.4,4.8,22.8,12.2,11.2,0.40198,-0.397221,0.267327,-1.558145,0.085522,-1.643667,21.0,4021000000.0,0.567272,22.114796,0.009652,0.406873,0.921005,0.0,1.0,0.0,0.0,9.975622
AK,1992,108.0,50.2,62.6,31.0,57.8,8.4,25.0,16.6,9.0,0.464815,-0.140974,0.287037,-1.090644,0.612178,-1.702822,21.0,3841000000.0,0.521999,22.068999,0.267697,0.408671,1.033813,0.0,1.0,1.0,0.0,10.00211
AK,1993,118.0,45.9,48.2,39.0,72.1,4.2,28.8,18.8,18.2,0.388983,-0.451589,0.330508,-1.925291,0.032435,-1.957726,21.0,3918000000.0,0.514548,22.088847,0.158299,0.609888,1.102518,0.0,1.0,1.0,0.0,10.030605
AK,1994,85.0,38.3,46.3,25.0,46.7,4.2,25.7,11.8,4.3,0.450588,-0.198294,0.294118,-1.811406,1.009485,-2.820891,21.0,4149000000.0,0.524223,22.146133,-0.080003,0.118292,0.717199,0.0,1.0,1.0,0.0,10.061218
AK,1995,87.0,36.1,46.3,21.0,50.9,7.8,19.7,10.2,10.3,0.414943,-0.34357,0.241379,-0.926495,-0.009756,-0.916739,21.0,4123000000.0,0.50764,22.139847,-0.132873,0.210697,0.746742,0.0,1.0,1.0,0.0,10.0846
AK,1996,81.0,36.9,41.0,20.0,44.1,8.3,19.2,11.7,8.8,0.455556,-0.178248,0.246914,-0.838655,0.284837,-1.123492,21.0,4115000000.0,0.498906,22.137905,-0.109012,0.069236,0.677225,0.0,1.0,1.0,0.0,10.098643
AK,1997,77.0,28.6,37.6,16.0,48.4,2.3,12.9,18.7,9.1,0.371429,-0.526093,0.207792,-1.724318,0.720249,-2.444567,21.0,4387000000.0,0.526328,22.201911,-0.427824,0.098269,0.562575,0.0,1.0,1.0,0.0,10.12539
AK,1998,70.0,24.5,28.1,17.0,45.5,3.9,16.0,11.1,5.0,0.35,-0.619039,0.242857,-1.411612,0.797507,-2.209119,21.0,4514000000.0,0.519938,22.23045,-0.611096,0.007944,0.438726,,,,,
AK,1999,79.0,33.2,38.1,22.0,45.8,4.4,21.6,16.6,6.4,0.420253,-0.321734,0.278481,-1.591089,0.953105,-2.544193,21.0,4545000000.0,0.522112,22.237294,-0.314063,0.007671,0.552835,,,,,
AK,2000,106.0,48.7,54.2,40.0,57.3,8.9,21.3,7.1,16.7,0.459434,-0.162622,0.377358,-0.872656,-0.855314,-0.017342,21.0,4613000000.0,0.514633,22.252144,0.054216,0.216837,0.831976,,,,,
AK,2001,89.0,41.8,45.5,22.0,47.2,3.4,21.8,9.6,9.2,0.469663,-0.121498,0.247191,-1.858135,0.04256,-1.900694,21.0,4721000000.0,0.519381,22.275286,-0.121709,-0.000212,0.634031,,,,,
AK,2002,89.0,29.6,32.2,23.0,59.4,4.3,18.6,15.7,5.4,0.332584,-0.69652,0.258427,-1.464547,1.067262,-2.531808,21.0,4896000000.0,0.523284,22.311684,-0.503229,0.193291,0.597633,,,,,
AK,2003,98.0,28.6,33.1,32.0,69.4,7.4,16.2,17.6,13.8,0.291837,-0.88648,0.326531,-0.783531,0.24323,-1.026762,21.0,4942000000.0,0.489478,22.321036,-0.546948,0.339532,0.684612,,,,,
AK,2004,101.0,27.3,29.1,17.0,73.7,8.6,10.1,21.4,5.9,0.270297,-0.993116,0.168317,-0.160773,1.288439,-1.449212,21.0,4990000000.0,0.489379,22.330702,-0.603134,0.389982,0.7051,,,,,
AK,2005,73.0,28.8,32.6,17.0,44.2,9.5,9.2,13.5,7.8,0.394521,-0.428349,0.232877,0.032088,0.548566,-0.516478,21.0,5035000000.0,0.489772,22.339679,-0.558623,-0.130274,0.371461,,,,,
AK,2006,74.0,19.3,22.5,15.0,54.7,2.9,8.2,13.1,6.8,0.260811,-1.041759,0.202703,-1.039423,0.65569,-1.695113,21.0,4967000000.0,0.488625,22.326082,-0.945296,0.096463,0.398664,,,,,
AK,2007,82.0,24.6,32.6,22.0,57.4,6.4,14.9,16.6,8.1,0.3,-0.847298,0.268293,-0.845063,0.717539,-1.562602,21.0,5153000000.0,0.500097,22.362845,-0.739418,0.10788,0.464555,,,,,
AK,2008,62.0,20.7,26.9,16.0,41.3,9.0,8.0,12.0,8.0,0.333871,-0.690729,0.258065,0.117783,0.405465,-0.287682,21.0,4865000000.0,0.491881,22.305333,-0.854518,-0.163789,0.242483,,,,,
AK,2009,64.0,21.5,25.7,14.0,42.5,4.1,9.1,14.9,6.9,0.335938,-0.681451,0.21875,-0.797287,0.76984,-1.567127,21.0,4933000000.0,0.469491,22.319213,-0.830479,-0.149028,0.260351,,,,,
AK,2010,56.0,15.9,17.0,13.0,40.1,6.0,8.9,11.0,6.1,0.283929,-0.925057,0.232143,-0.394292,0.589607,-0.983898,21.0,4798261974.23,0.459448,22.29152,-1.10452,-0.179463,0.154513,,,,,
AK,2011,72.0,20.6,23.9,15.0,51.4,3.4,12.2,16.6,5.8,0.286111,-0.914347,0.208333,-1.277661,1.051545,-2.329205,21.0,4593089396.98,0.473123,22.247819,-0.801847,0.1125,0.449528,,,,,
AK,2012,59.0,14.9,15.4,15.0,44.1,3.0,7.0,12.0,7.0,0.252542,-1.085099,0.254237,-0.847298,0.538997,-1.386294,21.0,4792081998.68,0.479684,22.290231,-1.168189,-0.08309,0.207987,,,,,
AK,2013,51.0,16.0,17.1,10.0,35.0,3.0,8.0,11.0,3.0,0.313725,-0.782759,0.196078,-0.980829,1.299283,-2.280112,21.0,4848454771.84,0.47971,22.301926,-1.108656,-0.325897,0.05058,,,,,
AK,2014,73.0,21.6,28.2,15.0,51.4,5.6,9.2,13.4,6.8,0.29589,-0.866945,0.205479,-0.496437,0.678332,-1.174769,21.0,4856704007.63,0.415141,22.303626,-0.810252,0.056693,0.407514,,,,,
AK,2015,65.0,23.3,24.4,17.0,41.7,3.0,9.6,14.0,9.4,0.358462,-0.582048,0.261538,-1.163151,0.398348,-1.561498,21.0,5045390230.59,0.421277,22.341741,-0.772607,-0.190559,0.253327,,,,,
AK,2016,84.0,30.9,37.7,21.0,53.1,4.5,17.3,13.5,12.7,0.367857,-0.541421,0.25,-1.346629,0.061088,-1.407717,21.0,5258555817.81,0.425614,22.383122,-0.531685,0.009735,0.468375,,,,,
AK,2017,79.0,23.4,24.6,21.0,55.6,6.9,7.9,19.1,9.1,0.296203,-0.865447,0.265823,-0.135341,0.741414,-0.876755,21.0,5518716306.61,0.42085,22.431411,-0.857994,0.007453,0.358717,,,,,
AK,2018,80.0,26.8,35.3,23.0,53.2,4.7,15.3,13.3,12.7,0.335,-0.685657,0.2875,-1.18029,0.046162,-1.226452,21.0,5487319994.45,0.414869,22.425706,-0.716623,-0.030967,0.377002,,,,,
AK,2019,67.0,22.1,25.4,12.0,44.9,4.3,9.0,9.7,8.0,0.329851,-0.70886,0.179104,-0.73861,0.192684,-0.931294,21.0,5881303127.67,0.440354,22.495044,-0.978786,-0.269926,0.130329,,,,,
AK,2020,64.0,14.8,20.3,14.0,49.2,1.2,6.3,13.8,7.7,0.23125,-1.201266,0.21875,-1.658228,0.583448,-2.241676,21.0,5305888530.0,0.467963,22.392083,-1.276775,-0.075509,0.187481,,,,,
AK,2021,70.0,25.3,29.2,16.0,44.7,1.5,9.0,12.5,9.0,0.361429,-0.569169,0.228571,-1.791759,0.328504,-2.120264,21.0,5752187680.0,0.46627,22.472846,-0.821361,-0.252192,0.19633,,,,,
AK,2022,82.0,19.9,20.9,25.0,62.1,0.4,16.2,18.6,16.8,0.242683,-1.138026,0.304878,-3.701302,0.101783,-3.803085,21.0,5478209420.0,0.439213,22.424044,-1.012644,0.125383,0.403356,,,,,
AK,2023,61.0,15.9,18.4,13.0,45.1,1.4,10.6,12.6,7.4,0.260656,-1.042563,0.213115,-2.024382,0.532217,-2.556599,21.0,5617228980.0,0.439184,22.449104,-1.262104,-0.219541,0.08245,,,,,
AK,2024,70.0,13.3,16.3,15.0,56.7,4.7,4.5,18.3,8.5,0.19,-1.45001,0.214286,0.043485,0.766835,-0.72335,21.0,5502578930.0,0.427698,22.428483,-1.420038,0.029972,0.240693,,,,,
AL,1982,839.0,399.7,448.7,227.0,439.3,85.4,212.8,113.6,74.2,0.4764,-0.094468,0.27056,-0.913007,0.425919,-1.338926,19.0,29858000000.0,0.531951,24.119719,0.291676,0.386145,1.033173,,,,,
AL,1983,930.0,470.0,530.3,228.0,460.0,92.3,203.8,95.7,90.2,0.505376,0.021506,0.245161,-0.792095,0.059189,-0.851284,19.0,31032000000.0,0.52897,24.158285,0.415129,0.393622,1.097581,0.0,0.0,0.0,0.0,9.159573
AL,1984,932.0,428.6,496.3,227.0,503.4,91.1,203.6,120.9,104.4,0.459871,-0.160861,0.243562,-0.804199,0.146734,-0.950934,19.0,32961000000.0,0.522314,24.218591,0.262614,0.423475,1.039423,0.0,0.0,0.0,0.0,9.251194
AL,1985,882.0,352.7,405.0,201.0,529.3,71.6,176.3,116.4,86.7,0.399887,-0.405938,0.227891,-0.901092,0.294579,-1.195671,19.67,35091000000.0,0.497364,24.281211,0.005088,0.411026,0.921662,0.0,0.0,0.0,0.0,9.317669
AL,1986,1081.0,486.4,570.8,300.0,594.6,102.4,220.1,116.6,118.9,0.449954,-0.200858,0.277521,-0.765195,-0.019534,-0.745662,21.0,34003000000.0,0.545658,24.249715,0.357997,0.558855,1.156608,0.0,0.0,0.0,0.0,9.370416
AL,1987,1111.0,502.1,574.3,279.0,608.9,101.6,250.4,136.4,108.6,0.451935,-0.192855,0.251125,-0.902016,0.22792,-1.129936,21.0,37437000000.0,0.537436,24.345925,0.293555,0.486409,1.087771,0.0,0.0,1.0,0.0,9.424968
AL,1988,1024.0,399.2,464.8,255.0,624.8,97.5,176.3,153.5,108.7,0.389844,-0.447969,0.249023,-0.592335,0.345109,-0.937443,21.0,39684000000.0,0.527593,24.404214,0.005929,0.453898,0.947939,0.0,0.0,1.0,0.0,9.494617
AL,1989,1029.0,417.7,495.6,247.0,611.3,83.2,208.1,125.8,105.9,0.405928,-0.380824,0.240039,-0.916771,0.172198,-1.088969,21.0,40765000000.0,0.534503,24.43109,0.024355,0.405179,0.925934,0.0,0.0,1.0,0.0,9.565634
AL,1990,1121.0,492.0,553.9,286.0,629.0,96.4,247.4,138.6,109.6,0.438894,-0.245653,0.255129,-0.9425,0.234755,-1.177255,21.0,42347000000.0,0.533355,24.469163,0.149996,0.395649,0.973494,0.0,0.0,1.0,0.0,9.629906
AL,1991,1116.0,456.8,510.7,271.0,659.2,79.4,254.1,140.6,110.9,0.409319,-0.366781,0.242832,-1.16323,0.23729,-1.40052,21.0,42924000000.0,0.525976,24.482697,0.062229,0.429011,0.95549,0.0,0.0,1.0,0.0,9.67376
AL,1992,1031.0,419.2,469.9,244.0,611.8,86.6,199.7,143.4,89.3,0.406596,-0.378057,0.236663,-0.835516,0.473636,-1.309153,21.0,45762000000.0,0.498296,24.54672,-0.087691,0.290366,0.812245,0.0,1.0,1.0,0.0,9.730146
AL,1993,1044.0,410.7,453.9,246.0,633.3,79.3,205.7,129.7,122.3,0.393391,-0.433081,0.235632,-0.953181,0.058747,-1.011928,21.0,47203000000.0,0.500371,24.577723,-0.13918,0.293902,0.793772,0.0,1.0,1.0,0.0,9.764111
AL,1994,1083.0,393.5,441.5,247.0,689.5,91.8,168.6,147.2,121.4,0.363343,-0.560886,0.22807,-0.607917,0.192701,-0.800618,21.0,48956000000.0,0.501287,24.614188,-0.218426,0.34246,0.793983,0.0,1.0,1.0,0.0,9.807142
AL,1995,1114.0,415.0,467.3,237.0,699.0,82.2,192.7,152.8,122.3,0.372531,-0.521372,0.212747,-0.851979,0.222653,-1.074632,21.0,50628000000.0,0.507585,24.647771,-0.198811,0.322561,0.788623,0.0,1.0,1.0,1.0,9.85435
AL,1996,1146.0,427.6,481.9,288.0,718.4,96.1,199.5,182.9,128.5,0.373124,-0.518838,0.251309,-0.730425,0.353011,-1.083436,21.0,51433000000.0,0.502887,24.663546,-0.184677,0.334161,0.801168,0.0,1.0,1.0,1.0,9.895355
AL,1997,1192.0,408.3,469.8,282.0,783.7,89.6,184.5,146.4,129.5,0.342534,-0.652024,0.236577,-0.722294,0.122662,-0.844956,21.0,53458000000.0,0.505949,24.702162,-0.269479,0.382545,0.801906,0.0,1.0,1.0,1.0,9.936535
AL,1998,1071.0,369.4,420.1,225.0,701.6,91.1,161.5,136.9,110.5,0.344911,-0.641483,0.210084,-0.572547,0.214235,-0.786783,21.0,55205000000.0,0.507599,24.734319,-0.401759,0.239725,0.662709,,,,,
AL,1999,1138.0,392.0,436.1,219.0,746.0,83.8,189.6,180.2,122.4,0.344464,-0.643464,0.192443,-0.816484,0.386773,-1.203257,21.0,56165000000.0,0.512757,24.75156,-0.359617,0.283847,0.706149,,,,,
AL,2000,996.0,355.4,405.9,211.0,640.6,86.8,156.9,146.2,110.1,0.356827,-0.589161,0.211847,-0.592002,0.283587,-0.875589,21.0,56534000000.0,0.510719,24.758108,-0.464183,0.124978,0.56632,,,,,
AL,2001,991.0,309.0,353.8,224.0,682.0,65.4,142.8,139.6,107.2,0.311806,-0.791688,0.226034,-0.780923,0.264085,-1.045008,21.0,56769000000.0,0.515087,24.762256,-0.608234,0.183454,0.557139,,,,,
AL,2002,1038.0,343.2,385.9,247.0,694.8,66.1,167.7,161.9,121.3,0.330636,-0.705311,0.237958,-0.931008,0.288712,-1.21972,21.0,57515000000.0,0.508233,24.775312,-0.516318,0.188993,0.59042,,,,,
AL,2003,1004.0,340.9,391.6,237.0,663.1,68.6,158.4,150.4,128.6,0.339542,-0.665337,0.236056,-0.836831,0.156592,-0.993423,21.0,58637000000.0,0.514317,24.794632,-0.542362,0.122975,0.537796,,,,,
AL,2004,1154.0,359.7,404.9,254.0,794.3,62.0,185.8,170.0,135.2,0.311698,-0.792191,0.220104,-1.097536,0.229043,-1.32658,21.0,59035000000.0,0.509477,24.801396,-0.495445,0.296746,0.670274,,,,,
AL,2005,1148.0,373.2,421.8,249.0,774.8,77.3,178.1,153.7,131.9,0.325087,-0.73049,0.216899,-0.834651,0.152959,-0.98761,21.0,59640000000.0,0.492874,24.811592,-0.468797,0.261693,0.654865,,,,,
AL,2006,1207.0,377.9,447.6,266.0,829.1,83.8,159.2,170.2,149.8,0.31309,-0.785711,0.220381,-0.641728,0.127673,-0.769401,21.0,60668000000.0,0.487374,24.828682,-0.473372,0.312339,0.687892,,,,,
AL,2007,1110.0,378.0,444.9,262.0,732.0,63.6,190.5,153.4,139.5,0.340541,-0.660886,0.236036,-1.097039,0.094984,-1.192023,21.0,61410000000.0,0.485149,24.840839,-0.485264,0.175623,0.591958,,,,,
AL,2008,969.0,314.5,369.4,268.0,654.5,71.8,150.5,165.2,126.5,0.324561,-0.732888,0.276574,-0.740079,0.266915,-1.006993,21.0,59303000000.0,0.487075,24.805926,-0.634261,0.098627,0.49102,,,,,
AL,2009,848.0,266.5,320.9,208.0,581.5,60.2,129.4,128.8,104.6,0.314269,-0.780237,0.245283,-0.765236,0.208117,-0.973353,21.0,61299674561.1,0.495471,24.83904,-0.832985,-0.052749,0.324521,,,,,
AL,2010,862.0,263.6,303.3,216.0,598.4,55.2,129.3,137.8,114.7,0.3058,-0.819827,0.25058,-0.851172,0.183483,-1.034656,21.0,64165148637.89,0.476411,24.884726,-0.889612,-0.069786,0.29521,,,,,
AL,2011,895.0,260.8,309.2,195.0,634.2,61.5,111.2,141.5,133.8,0.291397,-0.888611,0.217877,-0.592293,0.055954,-0.648247,21.0,64914372367.72,0.467661,24.896335,-0.9119,-0.02329,0.32117,,,,,
AL,2012,865.0,240.1,298.0,210.0,624.9,46.3,125.9,123.7,143.1,0.277572,-0.956536,0.242775,-1.000346,-0.145684,-0.854662,21.0,64959172058.18,0.464674,24.897025,-0.995289,-0.038752,0.286385,,,,,
AL,2013,853.0,259.0,307.6,199.0,594.0,47.9,149.7,127.1,110.3,0.303634,-0.830051,0.233294,-1.139518,0.14177,-1.281288,21.0,65046483927.59,0.465871,24.898368,-0.920859,-0.090808,0.271072,,,,,
AL,2014,820.0,265.1,309.5,231.0,554.9,68.1,118.4,119.9,117.6,0.323293,-0.738681,0.281707,-0.553092,0.019369,-0.572461,21.0,65666604326.37,0.42111,24.907856,-0.907068,-0.168388,0.222129,,,,,
AL,2015,849.0,246.8,285.5,198.0,602.2,56.2,112.2,137.8,122.8,0.290695,-0.892011,0.233216,-0.691366,0.115246,-0.806613,21.0,67257004645.16,0.420519,24.931787,-1.002528,-0.110517,0.232953,,,,,
AL,2016,1083.0,297.8,362.6,240.0,785.2,57.7,135.4,157.3,168.6,0.274977,-0.969516,0.221607,-0.852976,-0.069374,-0.783602,21.0,69226970805.47,0.420865,24.960656,-0.843554,0.125963,0.447515,,,,,
AL,2017,948.0,265.8,318.2,219.0,682.2,58.8,131.3,169.2,147.7,0.28038,-0.942579,0.231013,-0.803343,0.135898,-0.939241,21.0,70677248198.3,0.40583,24.98139,-0.977965,-0.035386,0.293646,,,,,
AL,2018,953.0,250.0,300.0,195.0,703.0,59.7,109.7,160.3,137.3,0.262329,-1.033896,0.204617,-0.608417,0.154879,-0.763296,21.0,71167206753.88,0.404516,24.988298,-1.046156,-0.01226,0.291998,,,,,
AL,2019,930.0,271.5,320.6,203.0,658.5,52.5,127.1,139.5,149.9,0.291935,-0.886002,0.21828,-0.884161,-0.071904,-0.812257,21.0,71734627810.52,0.404426,24.996239,-0.971597,-0.085594,0.259626,,,,,
AL,2020,934.0,231.2,283.3,199.0,702.8,53.1,99.0,169.9,151.0,0.247537,-1.111789,0.213062,-0.622943,0.11793,-0.740873,21.0,67921496840.0,0.409496,24.941618,-1.077655,0.034135,0.318539,,,,,
AL,2021,983.0,281.7,329.6,211.0,701.3,77.2,113.7,170.8,161.3,0.286572,-0.912093,0.214649,-0.387164,0.057227,-0.444391,21.0,71892031390.0,0.40567,24.998431,-0.936908,-0.024815,0.312859,,,,,
AL,2022,988.0,275.6,320.7,215.0,712.4,60.4,129.3,153.6,167.7,0.278947,-0.949689,0.217611,-0.761146,-0.087825,-0.673321,21.0,71630539150.0,0.406817,24.994787,-0.955156,-0.005467,0.321576,,,,,
AL,2023,974.0,274.1,325.7,226.0,699.9,48.9,153.2,149.1,175.8,0.281417,-0.937444,0.232033,-1.141967,-0.16473,-0.977237,21.0,72288612190.0,0.404354,25.003932,-0.969759,-0.032314,0.29816,,,,,
AL,2024,962.0,276.7,329.0,217.0,685.3,74.0,106.6,167.0,150.4,0.28763,-0.906923,0.225572,-0.365018,0.104695,-0.469714,21.0,72903931810.0,0.400526,25.012408,-0.968794,-0.061871,0.277287,,,,,
AR,1982,550.0,284.4,318.3,149.0,265.6,58.7,128.3,57.3,56.7,0.517091,0.06839,0.270909,-0.781932,0.010526,-0.792458,21.0,16630000000.0,0.663019,23.534474,0.536588,0.468198,1.196125,,,,,
AR,1983,557.0,267.0,295.3,122.0,290.0,55.4,122.2,67.6,52.8,0.479354,-0.082632,0.219031,-0.791079,0.247097,-1.038176,21.0,16684000000.0,0.659135,23.537716,0.470213,0.552846,1.20553,0.0,0.0,0.0,0.0,9.134215
AR,1984,525.0,248.8,290.8,138.0,276.2,61.5,103.1,54.5,56.9,0.473905,-0.104476,0.262857,-0.516662,-0.043095,-0.473568,21.0,16621000000.0,0.657963,23.533933,0.403397,0.507873,1.150146,0.0,0.0,0.0,0.0,9.2363
AR,1985,534.0,249.8,281.7,109.0,284.2,47.4,107.9,66.6,41.1,0.46779,-0.129018,0.20412,-0.822583,0.482696,-1.305279,21.0,17112000000.0,0.648668,23.563046,0.378296,0.507313,1.138031,0.0,0.0,0.0,0.0,9.29826
AR,1986,603.0,298.1,340.5,169.0,304.9,64.3,121.5,59.7,69.5,0.494362,-0.022555,0.280265,-0.636355,-0.151995,-0.48436,21.0,17555000000.0,0.646653,23.588605,0.529505,0.55206,1.233993,0.0,0.0,0.0,0.0,9.342158
AR,1987,639.0,287.6,345.1,155.0,351.4,53.4,132.8,64.6,60.2,0.450078,-0.200355,0.242567,-0.911033,0.070542,-0.981576,21.0,18306000000.0,0.646182,23.630495,0.451757,0.652111,1.25009,0.0,0.0,1.0,0.0,9.379408
AR,1988,610.0,306.8,351.1,147.0,303.2,63.1,123.7,77.9,61.3,0.502951,0.011803,0.240984,-0.673139,0.239646,-0.912785,21.0,19219000000.0,0.636662,23.679165,0.467712,0.455908,1.154974,0.0,0.0,1.0,0.0,9.444384
AR,1989,647.0,322.5,362.9,160.0,324.5,67.1,130.7,62.9,65.3,0.498454,-0.006182,0.247295,-0.666721,-0.037446,-0.629275,21.0,20414000000.0,0.63623,23.739487,0.457297,0.46348,1.15354,0.0,0.0,1.0,0.0,9.499496
AR,1990,604.0,275.5,318.8,135.0,328.5,50.0,120.3,66.0,70.7,0.456126,-0.175949,0.22351,-0.877966,-0.068791,-0.809175,21.0,21011000000.0,0.638427,23.768312,0.270956,0.446906,1.055943,0.0,0.0,1.0,0.0,9.548597
AR,1991,608.0,286.3,345.3,143.0,321.7,57.0,135.4,75.0,63.6,0.470888,-0.116579,0.235197,-0.865182,0.164875,-1.030057,21.0,21934000000.0,0.64188,23.811304,0.266417,0.382996,1.019552,0.0,1.0,1.0,0.0,9.600083
AR,1992,588.0,226.3,266.7,161.0,361.7,50.6,113.1,78.4,67.9,0.384864,-0.468954,0.27381,-0.804321,0.143788,-0.948109,21.0,23081000000.0,0.651965,23.862276,-0.019733,0.44922,0.935132,0.0,1.0,1.0,0.0,9.668208
AR,1993,583.0,186.3,226.3,135.0,396.7,42.1,87.5,75.9,71.5,0.319554,-0.755822,0.231561,-0.731591,0.059719,-0.79131,21.0,23995000000.0,0.651636,23.901111,-0.253072,0.50275,0.887757,0.0,1.0,1.0,0.0,9.703816
AR,1994,609.0,169.4,211.0,119.0,439.6,29.1,82.4,107.9,67.6,0.278161,-0.953602,0.195402,-1.040847,0.467597,-1.508444,21.0,24948000000.0,0.646264,23.940059,-0.387116,0.566486,0.89244,0.0,1.0,1.0,0.0,9.746249
AR,1995,631.0,167.4,230.0,143.0,463.6,37.4,76.9,106.6,97.1,0.265293,-1.018636,0.226624,-0.720835,0.093342,-0.814177,21.0,26653000000.0,0.662252,24.006168,-0.465101,0.553535,0.861819,0.0,1.0,1.0,0.0,9.794454
AR,1996,615.0,187.7,229.5,143.0,427.3,34.9,91.5,98.1,67.5,0.305203,-0.822641,0.23252,-0.963852,0.37386,-1.337712,21.0,27809000000.0,0.667086,24.048626,-0.3931,0.429542,0.793677,0.0,1.0,1.0,0.0,9.842038
AR,1997,660.0,165.5,202.3,135.0,494.5,35.2,69.6,101.8,80.4,0.250758,-1.094576,0.204545,-0.681718,0.235996,-0.917714,21.0,28076000000.0,0.659139,24.058181,-0.528529,0.566047,0.85474,0.0,1.0,1.0,0.0,9.88303
AR,1998,625.0,167.5,204.4,105.0,457.5,37.8,71.6,123.2,60.4,0.268,-1.004794,0.168,-0.638786,0.71282,-1.351606,21.0,28346000000.0,0.64898,24.067752,-0.526088,0.478706,0.790681,,,,,
AR,1999,604.0,160.8,201.8,150.0,443.2,33.6,82.9,94.4,91.1,0.266225,-1.01386,0.248344,-0.903109,0.035583,-0.938692,21.0,29247000000.0,0.649024,24.099043,-0.598201,0.415659,0.725212,,,,,
AR,2000,652.0,161.7,206.8,136.0,490.3,44.1,70.2,97.9,77.8,0.248006,-1.109275,0.208589,-0.464889,0.229805,-0.694694,21.0,29167000000.0,0.64237,24.096304,-0.58988,0.519394,0.804422,,,,,
AR,2001,611.0,140.5,180.4,145.0,470.5,31.1,68.8,106.9,81.2,0.229951,-1.208588,0.237316,-0.793996,0.274979,-1.068974,21.0,29433000000.0,0.644447,24.105382,-0.739494,0.469094,0.730395,,,,,
AR,2002,640.0,195.4,228.6,140.0,444.6,44.9,96.5,86.1,72.5,0.305312,-0.822126,0.21875,-0.765105,0.171923,-0.937028,21.0,30080000000.0,0.640924,24.127126,-0.431397,0.390729,0.755023,,,,,
AR,2003,640.0,190.6,239.1,142.0,449.4,39.2,92.5,100.8,77.5,0.297812,-0.857736,0.221875,-0.858532,0.26286,-1.121392,21.0,30639000000.0,0.635563,24.14554,-0.474682,0.383055,0.736609,,,,,
AR,2004,703.0,200.6,247.4,129.0,502.4,52.4,87.4,111.6,88.6,0.285349,-0.918084,0.183499,-0.511589,0.230789,-0.742378,21.0,31648000000.0,0.630087,24.177941,-0.455947,0.462137,0.798097,,,,,
AR,2005,654.0,180.2,208.0,126.0,473.8,44.0,71.1,84.0,93.9,0.275535,-0.966718,0.192661,-0.479898,-0.111414,-0.368484,21.0,31972000000.0,0.627862,24.188126,-0.573378,0.39334,0.715662,,,,,
AR,2006,665.0,199.5,246.3,144.0,465.5,59.4,83.7,116.6,79.3,0.3,-0.847298,0.216541,-0.342945,0.385511,-0.728456,21.0,33007000000.0,0.614355,24.219985,-0.503491,0.343807,0.700482,,,,,
AR,2007,649.0,181.0,225.0,136.0,468.0,43.8,84.0,92.2,82.0,0.278891,-0.949971,0.209553,-0.651183,0.117241,-0.768424,21.0,33171000000.0,0.605408,24.224942,-0.605764,0.344207,0.671172,,,,,
AR,2008,600.0,171.3,207.2,138.0,428.7,22.3,84.5,104.7,79.5,0.2855,-0.917341,0.23,-1.332165,0.275342,-1.607507,21.0,33163000000.0,0.594759,24.224701,-0.660603,0.256737,0.59291,,,,,
AR,2009,596.0,173.6,216.8,131.0,422.4,41.1,66.7,102.9,81.3,0.291275,-0.889199,0.219799,-0.484197,0.235612,-0.719808,21.0,33154239128.9,0.56263,24.224436,-0.647002,0.242197,0.586485,,,,,
AR,2010,571.0,179.0,203.5,119.0,392.0,27.4,88.8,88.6,71.2,0.313485,-0.783876,0.208406,-1.175844,0.218639,-1.394483,21.0,33504425257.15,0.560867,24.234943,-0.626877,0.156999,0.533127,,,,,
AR,2011,551.0,155.3,194.8,111.0,395.7,27.3,76.2,70.7,55.8,0.281851,-0.935298,0.201452,-1.026475,0.236672,-1.263146,21.0,32952949516.55,0.559331,24.218347,-0.752307,0.18299,0.514069,,,,,
AR,2012,560.0,145.1,176.3,120.0,414.9,36.1,64.9,97.9,64.1,0.259107,-1.050614,0.214286,-0.586555,0.423502,-1.010057,21.0,33522136814.84,0.546077,24.235472,-0.837368,0.213246,0.513146,,,,,
AR,2013,498.0,122.0,160.9,114.0,376.0,37.2,46.7,83.8,72.3,0.24498,-1.125568,0.228916,-0.227435,0.147609,-0.375044,21.0,33493274313.7,0.480054,24.23461,-1.009909,0.115659,0.39667,,,,,
AR,2014,470.0,136.9,165.2,88.0,333.1,30.0,53.6,71.0,59.4,0.291277,-0.889192,0.187234,-0.580352,0.178386,-0.758737,21.0,34023960122.85,0.483129,24.250331,-0.910399,-0.021207,0.323083,,,,,
AR,2015,531.0,149.1,174.9,106.0,381.9,40.7,67.3,88.3,72.7,0.280791,-0.940542,0.199623,-0.502932,0.194399,-0.697331,21.0,34897334232.55,0.483245,24.275676,-0.850378,0.090163,0.419766,,,,,
AR,2016,561.0,130.9,165.1,107.0,430.1,38.7,49.3,112.3,76.7,0.233333,-1.189584,0.190731,-0.242084,0.381272,-0.623357,21.0,35754796895.38,0.481802,24.29995,-1.004836,0.184748,0.450451,,,,,
AR,2017,525.0,145.9,165.4,112.0,379.1,33.4,59.8,85.6,64.2,0.277905,-0.954879,0.213333,-0.58245,0.287682,-0.870132,21.0,36389325154.37,0.483379,24.317541,-0.913939,0.040939,0.366538,,,,,
AR,2018,520.0,134.5,171.2,117.0,385.5,28.3,58.2,79.7,71.8,0.258654,-1.052977,0.225,-0.721024,0.104385,-0.825409,21.0,36675309046.85,0.484995,24.32537,-1.003125,0.049852,0.34914,,,,,
AR,2019,511.0,131.3,158.5,111.0,379.7,29.2,59.5,97.8,65.5,0.256947,-1.061897,0.217221,-0.711808,0.400874,-1.112682,21.0,37099019817.95,0.483713,24.336856,-1.038691,0.023206,0.320194,,,,,
AR,2020,651.0,166.6,205.5,130.0,484.4,44.0,66.9,110.0,87.1,0.255914,-1.067315,0.199693,-0.419009,0.233423,-0.652433,21.0,33918761940.0,0.480715,24.247234,-0.710958,0.356358,0.651956,,,,,
AR,2021,692.0,183.2,231.0,136.0,508.8,37.3,79.6,124.7,93.4,0.26474,-1.021477,0.196532,-0.758021,0.28902,-1.04704,21.0,38426805790.0,0.501186,24.372021,-0.740762,0.280715,0.588246,,,,,
AR,2022,637.0,149.5,197.0,133.0,487.5,28.7,69.2,120.3,97.8,0.234694,-1.181994,0.208791,-0.880104,0.207064,-1.087168,21.0,38530472560.0,0.479843,24.374715,-0.946738,0.235256,0.502735,,,,,
AR,2023,596.0,156.5,183.5,108.0,439.5,50.0,50.2,102.0,80.8,0.262584,-1.032582,0.181208,-0.003992,0.232996,-0.236988,21.0,39100842300.0,0.482211,24.38941,-0.915673,0.116909,0.421512,,,,,
AR,2024,603.0,154.9,184.1,139.0,448.1,32.8,78.8,97.2,81.2,0.256882,-1.062237,0.230514,-0.876484,0.179855,-1.05634,21.0,39372411300.0,0.466553,24.396331,-0.932871,0.129366,0.426267,,,,,
AZ,1982,724.0,320.7,365.0,200.0,403.3,64.9,148.1,81.1,95.9,0.442956,-0.229175,0.276243,-0.82504,-0.167623,-0.657417,19.0,20400000000.0,0.516618,23.738801,0.452386,0.681561,1.266671,,,,,
AZ,1983,675.0,308.3,344.5,164.0,366.7,62.8,145.7,81.2,79.3,0.456741,-0.173471,0.242963,-0.841595,0.023677,-0.865272,19.0,20553000000.0,0.515837,23.746273,0.405481,0.578952,1.189121,0.0,0.0,0.0,0.0,9.330521
AZ,1984,869.0,357.1,412.4,208.0,511.9,83.0,165.9,121.0,114.1,0.410932,-0.360113,0.239356,-0.692545,0.058715,-0.75126,19.0,20929000000.0,0.515791,23.764402,0.534295,0.894408,1.423622,0.0,0.0,0.0,0.0,9.423434
AZ,1985,893.0,381.1,439.3,229.0,511.9,89.9,162.8,116.1,126.2,0.426764,-0.295067,0.256439,-0.593825,-0.083416,-0.510408,21.0,21580000000.0,0.518258,23.795033,0.56871,0.863777,1.420235,0.0,0.0,0.0,0.0,9.494014
AZ,1986,1007.0,444.0,520.0,251.0,563.0,92.5,216.7,135.5,122.3,0.440914,-0.237455,0.249255,-0.851305,0.102495,-0.9538,21.0,22665000000.0,0.521068,23.844088,0.672418,0.909873,1.491324,0.0,0.0,0.0,0.0,9.545383
AZ,1987,939.0,399.7,465.2,248.0,539.3,78.3,191.8,127.7,113.2,0.425666,-0.299558,0.264111,-0.895906,0.120528,-1.016433,21.0,31729000000.0,0.421287,24.180497,0.230898,0.530456,1.084999,0.0,0.0,1.0,0.0,9.590898
AZ,1988,944.0,391.4,435.3,209.0,552.6,74.3,178.0,136.7,98.0,0.414619,-0.344904,0.221398,-0.873673,0.332821,-1.206494,21.0,34247000000.0,0.398517,24.256865,0.133546,0.47845,1.013942,0.0,0.0,1.0,0.0,9.632072
AZ,1989,879.0,345.3,392.2,207.0,533.7,59.9,162.7,106.1,95.3,0.392833,-0.43542,0.235495,-0.999232,0.107352,-1.106584,21.0,34816000000.0,0.421042,24.273343,-0.008249,0.427172,0.926123,0.0,0.0,1.0,0.0,9.675269
AZ,1990,869.0,340.1,378.3,213.0,528.9,62.8,158.0,110.2,113.0,0.391369,-0.44156,0.245109,-0.92264,-0.025091,-0.897549,21.0,35455000000.0,0.416641,24.29153,-0.04161,0.39995,0.896494,0.0,0.0,1.0,0.0,9.71764
AZ,1991,816.0,337.4,374.4,177.0,478.6,68.8,151.9,102.2,91.1,0.41348,-0.349596,0.216912,-0.792019,0.114974,-0.906993,21.0,34929000000.0,0.389419,24.276583,-0.034633,0.314963,0.848512,0.0,1.0,1.0,0.0,9.739261
AZ,1992,809.0,301.6,344.4,172.0,507.4,55.9,140.2,123.1,84.8,0.372806,-0.520198,0.212608,-0.919506,0.372701,-1.292207,21.0,35047000000.0,0.393415,24.279956,-0.150173,0.370025,0.836524,0.0,1.0,1.0,0.0,9.774688
AZ,1993,801.0,295.0,341.3,220.0,506.0,52.7,159.0,112.3,104.0,0.36829,-0.539561,0.274657,-1.104289,0.076783,-1.181072,21.0,37653000000.0,0.343904,24.351678,-0.244022,0.295539,0.754863,0.0,1.0,1.0,0.0,9.813016
AZ,1994,904.0,303.4,353.2,166.0,600.6,65.7,126.5,141.3,95.5,0.335619,-0.682877,0.183628,-0.655143,0.391759,-1.046902,21.0,38774000000.0,0.35578,24.381016,-0.245283,0.437594,0.846494,0.0,1.0,1.0,0.0,9.858856
AZ,1995,1035.0,343.1,406.5,226.0,691.9,68.4,157.1,144.6,121.9,0.331498,-0.701419,0.218357,-0.83151,0.17077,-1.00228,21.0,39653000000.0,0.354324,24.403432,-0.14473,0.55669,0.959405,0.0,1.0,1.0,0.0,9.90738
AZ,1996,994.0,328.5,381.7,195.0,665.5,65.5,150.2,124.5,124.8,0.330483,-0.706002,0.196177,-0.829918,-0.002407,-0.827511,21.0,42123000000.0,0.354225,24.46386,-0.248642,0.45736,0.858558,0.0,1.0,1.0,0.0,9.955653
AZ,1997,951.0,340.6,385.1,214.0,610.4,66.8,165.6,145.2,105.4,0.358149,-0.583406,0.225026,-0.907872,0.320349,-1.228222,21.0,43491000000.0,0.354464,24.49582,-0.24443,0.338975,0.782375,0.0,1.0,1.0,0.0,9.998707
AZ,1998,980.0,317.2,382.6,196.0,662.8,55.6,139.2,136.4,116.8,0.323673,-0.736941,0.2,-0.917729,0.155129,-1.072857,21.0,45158000000.0,0.357478,24.533433,-0.35322,0.383721,0.7748,,,,,
AZ,1999,1024.0,299.9,350.7,179.0,724.1,53.1,129.1,155.9,114.9,0.292871,-0.88148,0.174805,-0.88841,0.305153,-1.193563,21.0,46924000000.0,0.354531,24.571795,-0.447665,0.433815,0.780357,,,,,
AZ,2000,1036.0,352.8,411.7,204.0,683.2,58.5,154.4,136.5,124.6,0.340541,-0.660886,0.196911,-0.97052,0.091216,-1.061736,21.0,49216000000.0,0.349561,24.619485,-0.332903,0.327984,0.744319,,,,,
AZ,2001,1051.0,355.8,413.8,209.0,695.2,70.9,176.1,167.1,126.9,0.338535,-0.669831,0.198858,-0.909782,0.275193,-1.184975,21.0,49655000000.0,0.351546,24.628365,-0.333315,0.336515,0.749813,,,,,
AZ,2002,1132.0,368.6,426.6,220.0,763.4,60.2,177.8,161.8,133.2,0.325618,-0.72807,0.194346,-1.082987,0.194509,-1.277496,21.0,52013000000.0,0.346394,24.67476,-0.344367,0.383703,0.777662,,,,,
AZ,2003,1118.0,356.0,413.9,213.0,762.0,72.2,151.9,159.8,130.1,0.318426,-0.761016,0.190519,-0.743782,0.20562,-0.949402,21.0,53896000000.0,0.307184,24.710322,-0.414711,0.346305,0.729655,,,,,
AZ,2004,1151.0,337.6,394.7,207.0,813.4,66.1,149.5,162.9,150.5,0.29331,-0.879361,0.179844,-0.816128,0.079173,-0.895301,21.0,57336000000.0,0.30316,24.772195,-0.529652,0.349709,0.696873,,,,,
AZ,2005,1179.0,377.9,438.4,251.0,801.1,74.8,162.3,187.2,158.7,0.320526,-0.751356,0.212892,-0.774629,0.165162,-0.939791,21.0,59799000000.0,0.292547,24.814255,-0.458944,0.292412,0.678848,,,,,
AZ,2006,1293.0,401.6,496.1,236.0,891.4,68.7,188.3,194.3,153.7,0.310596,-0.797337,0.182521,-1.008287,0.234401,-1.242688,21.0,62468000000.0,0.318531,24.85792,-0.441783,0.355554,0.727481,,,,,
AZ,2007,1071.0,342.9,412.1,239.0,728.1,56.0,169.2,165.0,128.8,0.320168,-0.753,0.223156,-1.10573,0.247685,-1.353414,21.0,62963000000.0,0.311072,24.865813,-0.607693,0.145306,0.531216,,,,,
AZ,2008,938.0,265.5,328.6,194.0,672.5,47.8,127.0,131.2,143.0,0.283049,-0.929387,0.206823,-0.977161,-0.086122,-0.89104,21.0,61628000000.0,0.295986,24.844382,-0.842087,0.087301,0.420049,,,,,
AZ,2009,806.0,231.8,281.4,168.0,574.2,39.1,108.1,145.9,95.9,0.287593,-0.907103,0.208437,-1.016934,0.419615,-1.43655,21.0,61628000000.0,0.295986,24.844382,-0.977826,-0.070724,0.268382,,,,,
AZ,2010,759.0,212.2,250.4,169.0,546.8,42.1,106.4,148.9,81.6,0.279578,-0.946554,0.222661,-0.927158,0.601446,-1.528604,21.0,59995158700.31,0.2887,24.81753,-1.03932,-0.092766,0.235153,,,,,
AZ,2011,826.0,217.2,267.8,176.0,608.8,42.3,105.8,157.7,111.2,0.262954,-1.030671,0.213075,-0.916763,0.349364,-1.266128,21.0,59574949203.270004,0.288363,24.810501,-1.009002,0.02167,0.326775,,,,,
AZ,2012,821.0,236.1,278.4,183.0,584.9,38.1,116.4,140.9,105.6,0.287576,-0.907185,0.222899,-1.116818,0.288392,-1.40521,21.0,60129358245.630005,0.283862,24.819764,-0.934828,-0.027642,0.31144,,,,,
AZ,2013,849.0,224.5,267.8,183.0,624.5,37.2,101.4,169.8,103.6,0.264429,-1.023076,0.215548,-1.002764,0.494084,-1.496848,21.0,60586171362.1,0.234931,24.827333,-0.992776,0.0303,0.337407,,,,,
AZ,2014,773.0,206.4,257.1,160.0,566.6,38.0,88.0,144.0,117.0,0.267012,-1.009838,0.206986,-0.839751,0.207639,-1.04739,21.0,62630735980.47,0.24814,24.860522,-1.110025,-0.100188,0.210438,,,,,
AZ,2015,893.0,279.5,330.3,199.0,613.5,43.6,121.8,144.4,118.2,0.31299,-0.786178,0.222844,-1.027323,0.200209,-1.227532,21.0,65044858066.47,0.239673,24.898343,-0.84466,-0.058482,0.316924,,,,,
AZ,2016,952.0,247.0,305.4,204.0,705.0,57.0,114.2,168.0,131.8,0.259454,-1.048809,0.214286,-0.6949,0.242678,-0.937578,21.0,65785730038.07,0.238778,24.909669,-0.9796,0.06921,0.369577,,,,,
AZ,2017,998.0,281.2,340.6,199.0,716.8,73.1,118.1,181.9,127.9,0.281764,-0.935731,0.199399,-0.479703,0.352208,-0.831912,21.0,65069578937.62,0.245872,24.898723,-0.838976,0.096755,0.427711,,,,,
AZ,2018,1011.0,302.9,355.0,235.0,708.1,69.1,118.4,180.9,152.6,0.299604,-0.849183,0.232443,-0.538514,0.170124,-0.708638,21.0,66144511205.39,0.247079,24.915108,-0.781024,0.068158,0.424268,,,,,
AZ,2019,979.0,259.4,306.9,197.0,719.6,53.5,95.3,176.5,142.7,0.264964,-1.020324,0.201226,-0.577348,0.212576,-0.789925,21.0,70280646468.28,0.237475,24.975762,-0.99671,0.023614,0.33145,,,,,
AZ,2020,1053.0,297.0,343.6,224.0,756.0,56.7,117.6,188.3,141.4,0.282051,-0.934309,0.212726,-0.729515,0.286444,-1.015959,21.0,65758279120.0,0.239786,24.909251,-0.794839,0.139471,0.470828,,,,,
AZ,2021,1192.0,437.0,501.8,250.0,755.0,103.9,186.8,177.1,182.2,0.366611,-0.546785,0.209732,-0.58661,-0.02839,-0.558219,21.0,73759955690.0,0.238877,25.024082,-0.523468,0.023317,0.479987,,,,,
AZ,2022,1320.0,456.4,528.9,283.0,863.6,100.3,174.0,195.7,193.0,0.345758,-0.63774,0.214394,-0.55089,0.013893,-0.564782,21.0,76159311560.0,0.235036,25.056093,-0.512043,0.125697,0.549975,,,,,
AZ,2023,1308.0,437.4,520.2,235.0,870.6,93.1,175.5,207.9,190.5,0.334404,-0.688335,0.179664,-0.633965,0.087405,-0.72137,21.0,75297467940.0,0.240637,25.044712,-0.543183,0.145151,0.552223,,,,,
AZ,2024,1229.0,419.1,490.2,244.0,809.9,103.3,160.4,184.7,180.6,0.341009,-0.658801,0.198535,-0.440033,0.022448,-0.462482,21.0,70451162240.0,0.262768,24.978186,-0.519395,0.139406,0.556451,,,,,
CA,1982,4615.0,2270.2,2577.5,1356.0,2344.8,519.6,1189.2,569.4,486.8,0.491918,-0.032332,0.293824,-0.827977,0.15673,-0.984707,21.0,169999000000.0,0.245819,25.859058,0.289246,0.321578,0.998689,,,,,
CA,1983,4573.0,2142.8,2455.7,1233.0,2430.2,445.8,1097.6,614.2,467.4,0.468576,-0.12586,0.269626,-0.901011,0.273135,-1.174146,21.0,182652000000.0,0.232103,25.930849,0.159701,0.285561,0.917757,0.0,0.0,0.0,0.0,9.565073
CA,1984,5020.0,2307.4,2668.2,1393.0,2712.6,465.6,1191.3,640.4,527.7,0.459641,-0.161786,0.27749,-0.939474,0.193565,-1.133039,21.0,196537000000.0,0.226731,26.004117,0.160441,0.322227,0.937749,0.0,0.0,0.0,0.0,9.654577
CA,1985,4960.0,2062.3,2407.3,1236.0,2897.7,471.2,994.9,688.8,613.1,0.415786,-0.340095,0.249194,-0.74736,0.116423,-0.863782,21.0,207600000000.0,0.222461,26.058879,-0.006621,0.333474,0.870963,0.0,0.0,0.0,0.0,9.712509
CA,1986,5253.0,2157.6,2588.8,1321.0,3095.4,484.2,1038.6,774.8,606.4,0.410737,-0.360921,0.251475,-0.763131,0.245065,-1.008196,21.0,214913000000.0,0.220317,26.093499,0.003933,0.364854,0.893736,0.0,1.0,0.0,0.0,9.755857
CA,1987,5504.0,2222.2,2692.2,1369.0,3281.8,497.5,1054.8,782.5,700.2,0.403743,-0.389894,0.248728,-0.751511,0.111128,-0.862639,21.0,226301000000.0,0.211806,26.145132,-0.018198,0.371696,0.888779,0.0,1.0,1.0,0.0,9.807802
CA,1988,5392.0,2048.7,2450.3,1367.0,3343.3,438.5,999.0,757.5,730.0,0.379952,-0.489753,0.253524,-0.823395,0.036979,-0.860374,21.0,241575000000.0,0.211429,26.210446,-0.164804,0.324949,0.802907,0.0,1.0,1.0,0.0,9.865941
CA,1989,5412.0,2107.1,2477.3,1402.0,3304.9,432.7,999.7,793.3,733.3,0.389339,-0.450094,0.259054,-0.837411,0.078647,-0.916057,21.0,251482000000.0,0.206929,26.250637,-0.176889,0.273205,0.766417,0.0,1.0,1.0,0.0,9.914724
CA,1990,5192.0,2042.8,2423.8,1362.0,3149.2,426.9,1022.7,715.1,727.3,0.393451,-0.432827,0.262327,-0.873652,-0.016917,-0.856735,21.0,258926000000.0,0.212119,26.279808,-0.237051,0.195776,0.695747,0.0,1.0,1.0,1.0,9.969416
CA,1991,4688.0,1683.4,1977.4,1157.0,3004.6,323.0,831.0,678.0,674.0,0.359087,-0.579329,0.2468,-0.944977,0.005917,-0.950895,21.0,257976000000.0,0.213563,26.276132,-0.426881,0.152448,0.59731,0.0,1.0,1.0,1.0,9.97539
CA,1992,4192.0,1463.2,1766.6,994.0,2728.8,266.8,721.0,653.2,586.0,0.349046,-0.623236,0.237118,-0.99414,0.108564,-1.102703,21.0,262548000000.0,0.198809,26.2937,-0.584638,0.038598,0.467914,0.0,1.0,1.0,1.0,10.007442
CA,1993,4164.0,1286.0,1547.0,1009.0,2878.0,287.7,614.5,650.3,612.5,0.308838,-0.805559,0.242315,-0.758891,0.059885,-0.818776,21.0,266408000000.0,0.194296,26.308295,-0.728322,0.077237,0.446617,0.0,1.0,1.0,1.0,10.018155
CA,1994,4232.0,1250.2,1504.3,923.0,2981.8,242.7,592.2,683.3,610.8,0.295416,-0.869224,0.2181,-0.892018,0.112164,-1.004183,21.0,271943000000.0,0.193875,26.328858,-0.777119,0.092105,0.442252,0.0,1.0,1.0,1.0,10.041204
CA,1995,4192.0,1222.7,1515.2,945.0,2969.3,259.6,583.2,665.4,635.8,0.291675,-0.887265,0.225429,-0.809388,0.045504,-0.854893,21.0,276371000000.0,0.192994,26.34501,-0.815512,0.071752,0.416604,0.0,1.0,1.0,1.0,10.085101
CA,1996,3989.0,1107.9,1386.0,945.0,2881.1,225.0,570.9,695.0,605.1,0.277739,-0.955706,0.236901,-0.931114,0.138518,-1.069632,21.0,278043000000.0,0.190532,26.351042,-0.920139,0.035567,0.360935,0.0,1.0,1.0,1.0,10.132295
CA,1997,3688.0,914.8,1133.4,778.0,2773.2,158.8,456.9,629.2,580.1,0.248048,-1.109052,0.210954,-1.056819,0.081249,-1.138068,21.0,279096000000.0,0.193496,26.354822,-1.115435,-0.006384,0.278699,0.0,1.0,1.0,1.0,10.177856
CA,1998,3494.0,922.3,1138.2,815.0,2571.7,190.8,460.9,585.2,527.1,0.263967,-1.025452,0.233257,-0.881955,0.104563,-0.986519,21.0,290630000000.0,0.191701,26.395317,-1.147766,-0.122314,0.184166,,,,,
CA,1999,3559.0,928.5,1148.4,847.0,2630.5,166.6,449.3,585.4,598.7,0.260888,-1.041359,0.237988,-0.992095,-0.022465,-0.96963,21.0,300066000000.0,0.194857,26.427268,-1.173017,-0.131658,0.170647,,,,,
CA,2000,3753.0,986.6,1225.2,815.0,2766.4,194.5,478.7,635.5,566.3,0.262883,-1.031037,0.21716,-0.900642,0.115288,-1.01593,21.0,306649000000.0,0.194251,26.44897,-1.134024,-0.102987,0.202022,,,,,
CA,2001,3956.0,1072.7,1343.2,869.0,2883.3,225.9,526.3,663.1,604.7,0.271158,-0.988757,0.219666,-0.845779,0.092193,-0.937972,21.0,310575000000.0,0.20217,26.461691,-1.063076,-0.07432,0.241978,,,,,
CA,2002,4088.0,1101.7,1381.0,977.0,2986.3,178.1,582.8,724.9,642.2,0.269496,-0.997181,0.238992,-1.185499,0.121134,-1.306633,21.0,321696000000.0,0.200254,26.496873,-1.071582,-0.074402,0.239619,,,,,
CA,2003,4224.0,1149.7,1380.1,915.0,3074.3,213.7,588.5,702.3,640.5,0.272183,-0.983576,0.216619,-1.013004,0.092112,-1.105115,21.0,323592000000.0,0.202418,26.502749,-1.034812,-0.051236,0.266469,,,,,
CA,2004,4120.0,1179.5,1433.1,963.0,2940.5,249.5,604.1,685.5,613.9,0.286286,-0.913489,0.233738,-0.884281,0.110316,-0.994597,21.0,328917000000.0,0.202817,26.519071,-1.025545,-0.112056,0.225218,,,,,
CA,2005,4333.0,1297.6,1543.5,1039.0,3035.4,225.1,707.1,689.9,688.9,0.299469,-0.849827,0.239788,-1.144627,0.001451,-1.146078,21.0,329267000000.0,0.189943,26.520135,-0.931182,-0.081356,0.274561,,,,,
CA,2006,4240.0,1272.2,1501.6,1003.0,2967.8,230.0,678.4,674.0,649.6,0.300047,-0.847073,0.236557,-1.081658,0.036873,-1.118531,21.0,327478000000.0,0.185386,26.514687,-0.945503,-0.09843,0.258313,,,,,
CA,2007,3995.0,1131.8,1394.6,956.0,2863.2,191.4,600.8,660.6,628.2,0.283304,-0.928131,0.239299,-1.143897,0.05029,-1.194187,21.0,328312000000.0,0.185101,26.51723,-1.064985,-0.136854,0.196249,,,,,
CA,2008,3434.0,1025.1,1189.4,873.0,2408.9,181.3,536.8,514.7,567.2,0.298515,-0.85438,0.254222,-1.085472,-0.097128,-0.988345,21.0,327286000000.0,0.178853,26.5141,-1.160874,-0.306494,0.048062,,,,,
CA,2009,3090.0,924.1,1101.4,785.0,2165.9,163.0,527.8,526.0,476.2,0.299061,-0.851771,0.254045,-1.174967,0.099463,-1.274431,21.0,324486000000.0,0.17937,26.505508,-1.256007,-0.404236,-0.048901,,,,,
CA,2010,2720.0,774.8,913.9,660.0,1945.2,136.8,424.5,462.2,422.5,0.284853,-0.920515,0.242647,-1.132392,0.089808,-1.2222,21.0,322849398212.77,0.179837,26.500452,-1.427166,-0.506651,-0.171384,,,,,
CA,2011,2816.0,774.3,892.9,713.0,2041.7,130.8,426.3,459.2,476.7,0.274964,-0.969579,0.253196,-1.181474,-0.037402,-1.144072,21.0,320783905409.31,0.175399,26.494034,-1.421393,-0.451815,-0.13028,,,,,
CA,2012,2966.0,829.4,968.8,718.0,2136.6,139.1,433.4,492.9,452.6,0.279636,-0.946269,0.242077,-1.136468,0.085298,-1.221766,21.0,326271650555.48,0.176295,26.510996,-1.369613,-0.423344,-0.095346,,,,,
CA,2013,3107.0,881.6,1042.9,776.0,2225.4,151.9,470.4,514.1,481.6,0.283746,-0.925954,0.249759,-1.130361,0.065304,-1.195665,21.0,329534133032.9,0.157273,26.520946,-1.318527,-0.392573,-0.058852,,,,,
CA,2014,3102.0,876.8,1060.9,739.0,2225.2,194.1,439.3,536.9,564.7,0.282656,-0.931323,0.238233,-0.816809,-0.050483,-0.766326,21.0,332857198285.55,0.157546,26.530979,-1.33402,-0.402697,-0.070496,,,,,
CA,2015,3176.0,915.0,1070.8,793.0,2261.0,175.4,456.2,559.6,569.8,0.288098,-0.904638,0.249685,-0.955862,-0.018063,-0.937799,21.0,335538556628.52,0.159981,26.539003,-1.299398,-0.394759,-0.054944,,,,,
CA,2016,3837.0,1114.5,1335.8,972.0,2722.5,203.1,593.9,652.9,712.1,0.290461,-0.893145,0.253323,-1.073012,-0.086794,-0.986218,21.0,340114936761.58,0.155815,26.552549,-1.115708,-0.222563,0.120577,,,,,
CA,2017,3884.0,1142.5,1351.3,928.0,2741.5,244.8,561.5,688.2,725.5,0.294156,-0.875286,0.238929,-0.83017,-0.052782,-0.777389,21.0,343862112403.28,0.15908,26.563507,-1.101852,-0.226565,0.121795,,,,,
CA,2018,3798.0,1116.2,1291.9,934.0,2681.8,233.1,554.5,650.9,696.5,0.293892,-0.876558,0.245919,-0.866599,-0.067712,-0.798887,21.0,348795713456.38,0.167526,26.577752,-1.139386,-0.262828,0.085158,,,,,
CA,2019,3719.0,968.2,1148.6,985.0,2750.8,183.3,488.9,647.7,773.1,0.260339,-1.044208,0.264856,-0.981034,-0.176981,-0.804053,21.0,340836251518.87,0.165711,26.554668,-1.258549,-0.21434,0.087223,,,,,
CA,2020,3980.0,1183.2,1406.0,1056.0,2796.8,255.6,564.8,686.4,783.2,0.297286,-0.860253,0.265327,-0.792858,-0.131928,-0.66093,21.0,299811683060.0,0.184719,26.42642,-0.929762,-0.069508,0.283297,,,,,
CA,2021,4513.0,1436.4,1720.7,1231.0,3076.6,294.2,740.3,764.8,902.7,0.318281,-0.761685,0.272768,-0.922796,-0.165776,-0.75702,21.0,310822725920.0,0.187828,26.462489,-0.771913,-0.010227,0.37291,,,,,
CA,2022,4539.0,1420.6,1684.2,1283.0,3118.4,286.7,736.9,680.3,912.1,0.312976,-0.786241,0.282661,-0.944016,-0.293216,-0.6508,21.0,315243572590.0,0.191175,26.476611,-0.797096,-0.010855,0.364531,,,,,
CA,2023,4169.0,1317.9,1577.4,1141.0,2851.1,285.9,683.1,709.1,848.9,0.316119,-0.771665,0.273687,-0.870999,-0.179945,-0.691054,21.0,316612341330.0,0.188502,26.480944,-0.876468,-0.104803,0.275168,,,,,
CA,2024,3876.0,1311.3,1526.6,1115.0,2564.7,247.3,721.5,580.7,778.5,0.338313,-0.670823,0.287668,-1.07073,-0.293135,-0.777595,21.0,325959217820.0,0.187575,26.510038,-0.910583,-0.239761,0.173202,,,,,
CO,1982,668.0,348.9,398.0,221.0,319.1,79.3,194.4,65.7,66.6,0.522305,0.089281,0.330838,-0.89668,-0.013606,-0.883074,21.0,24378000000.0,0.450693,23.916947,0.358519,0.269238,1.008022,,,,,
CO,1983,646.0,327.2,389.3,223.0,318.8,84.1,183.9,85.9,61.1,0.506502,0.026008,0.345201,-0.782386,0.340672,-1.123058,21.0,24848000000.0,0.426634,23.936043,0.275209,0.249202,0.955437,0.0,0.0,0.0,0.0,9.507478
CO,1984,608.0,290.4,351.6,192.0,317.6,75.7,153.4,74.3,52.6,0.477632,-0.089533,0.315789,-0.706271,0.345395,-1.051666,21.0,26150000000.0,0.401453,23.987115,0.104825,0.194358,0.843741,0.0,0.0,0.0,0.0,9.588571
CO,1985,579.0,261.2,297.9,156.0,317.8,55.4,138.3,69.6,47.7,0.451123,-0.196136,0.26943,-0.914846,0.377833,-1.292679,21.0,26146000000.0,0.386254,23.986962,-0.000995,0.195141,0.795021,0.0,0.0,0.0,0.0,9.630628
CO,1986,603.0,292.6,342.4,172.0,310.4,52.7,163.9,71.3,54.1,0.48524,-0.059055,0.28524,-1.134641,0.276062,-1.410703,21.0,26382000000.0,0.388106,23.995948,0.103539,0.162595,0.82665,0.0,0.0,0.0,0.0,9.653165
CO,1987,591.0,232.4,273.5,159.0,358.6,49.0,101.2,82.0,53.8,0.393232,-0.433748,0.269036,-0.725278,0.421446,-1.146724,21.0,26968000000.0,0.389239,24.017917,-0.148776,0.284971,0.78458,0.0,1.0,1.0,0.0,9.68949
CO,1988,497.0,180.3,213.6,132.0,316.7,31.6,105.8,67.4,48.2,0.362777,-0.563333,0.265594,-1.208393,0.335286,-1.543679,21.0,27665000000.0,0.39606,24.043434,-0.428131,0.135202,0.585837,0.0,1.0,1.0,0.0,9.740086
CO,1989,527.0,205.6,228.7,143.0,321.4,48.6,101.6,55.4,50.4,0.390133,-0.446754,0.271347,-0.73742,0.094588,-0.832008,21.0,27577000000.0,0.43025,24.040248,-0.293635,0.153119,0.647633,0.0,1.0,1.0,0.0,9.80422
CO,1990,544.0,201.4,243.9,147.0,342.6,39.7,110.3,74.3,42.7,0.370221,-0.531271,0.270221,-1.021853,0.553912,-1.575765,21.0,27178000000.0,0.430826,24.025674,-0.2997,0.231571,0.693956,0.0,1.0,1.0,0.0,9.867342
CO,1991,543.0,232.9,265.0,149.0,310.1,46.3,134.6,62.7,47.4,0.428913,-0.286286,0.274401,-1.067165,0.279739,-1.346905,21.0,27744000000.0,0.413026,24.046285,-0.174996,0.11129,0.671505,0.0,1.0,1.0,0.0,9.908425
CO,1992,522.0,209.2,245.4,153.0,312.8,43.3,120.7,74.7,61.3,0.400766,-0.402273,0.293103,-1.025155,0.1977,-1.222856,21.0,30808000000.0,0.408141,24.15104,-0.387069,0.015205,0.527308,0.0,1.0,1.0,0.0,9.952516
CO,1993,559.0,190.4,215.3,142.0,368.6,44.8,94.9,82.2,50.1,0.340608,-0.660585,0.254025,-0.750616,0.495134,-1.24575,21.0,32718000000.0,0.39923,24.211191,-0.541383,0.119202,0.535639,0.0,1.0,1.0,0.0,10.004102
CO,1994,586.0,217.3,263.7,142.0,368.7,51.2,103.3,98.8,52.7,0.370819,-0.528704,0.242321,-0.701898,0.628482,-1.33038,21.0,33705000000.0,0.402344,24.240912,-0.438952,0.089752,0.553089,0.0,1.0,1.0,0.0,10.044075
CO,1995,645.0,234.3,279.9,182.0,410.7,48.8,121.6,91.2,80.4,0.363256,-0.561261,0.282171,-0.913007,0.126041,-1.039047,21.0,35058000000.0,0.399994,24.28027,-0.402987,0.158274,0.609661,0.0,1.0,1.0,0.0,10.098396
CO,1996,617.0,196.5,227.8,141.0,420.5,51.6,88.7,91.4,62.3,0.318476,-0.760782,0.228525,-0.541738,0.383284,-0.925022,21.0,36141000000.0,0.410116,24.310694,-0.609351,0.151431,0.534856,0.0,1.0,1.0,0.0,10.151402
CO,1997,613.0,176.4,208.2,160.0,436.6,23.8,104.0,108.2,69.0,0.287765,-0.906263,0.261011,-1.474705,0.449875,-1.92458,21.0,37746000000.0,0.403725,24.354145,-0.76071,0.145553,0.4849,0.0,1.0,1.0,0.0,10.204148
CO,1998,628.0,186.7,219.4,138.0,441.3,33.0,105.7,107.0,73.3,0.297293,-0.860222,0.219745,-1.164097,0.378268,-1.542366,21.0,39283000000.0,0.405824,24.394058,-0.743874,0.116348,0.469163,,,,,
CO,1999,626.0,169.5,203.9,128.0,456.5,36.8,76.6,84.2,59.4,0.270767,-0.990736,0.204473,-0.733099,0.348901,-1.082,21.0,40732000000.0,0.398164,24.43028,-0.876746,0.11399,0.429751,,,,,
CO,2000,681.0,192.4,236.6,129.0,488.6,44.5,87.7,117.5,67.3,0.282526,-0.931968,0.189427,-0.678433,0.557278,-1.235711,21.0,41771000000.0,0.394532,24.455468,-0.775211,0.156757,0.488775,,,,,
CO,2001,741.0,253.7,301.9,184.0,487.3,40.7,134.1,110.3,94.9,0.342375,-0.652727,0.248313,-1.192358,0.15038,-1.342738,21.0,42955000000.0,0.390176,24.483419,-0.526586,0.126142,0.545262,,,,,
CO,2002,743.0,245.8,279.8,190.0,497.2,39.1,141.6,125.9,84.4,0.330821,-0.704474,0.25572,-1.286884,0.399921,-1.686804,21.0,43545000000.0,0.398094,24.497061,-0.571862,0.132612,0.534316,,,,,
CO,2003,642.0,205.0,228.2,136.0,437.0,27.8,116.4,103.2,60.6,0.319315,-0.756923,0.211838,-1.431997,0.532374,-1.96437,21.0,43379000000.0,0.321238,24.493241,-0.749551,0.007373,0.392028,,,,,
CO,2004,667.0,199.8,235.5,154.0,467.2,36.4,110.5,101.6,75.5,0.29955,-0.849441,0.230885,-1.110447,0.296911,-1.407358,21.0,45891000000.0,0.3249,24.549535,-0.831537,0.017903,0.373936,,,,,
CO,2005,606.0,206.0,235.8,159.0,400.0,35.2,117.8,92.8,76.2,0.339934,-0.663588,0.262376,-1.207942,0.197085,-1.405027,21.0,47962000000.0,0.311934,24.593675,-0.845118,-0.18153,0.233886,,,,,
CO,2006,535.0,180.0,209.5,127.0,355.0,42.7,97.0,78.3,58.0,0.336449,-0.679161,0.237383,-0.820512,0.300105,-1.120617,21.0,48641000000.0,0.317222,24.607733,-0.994095,-0.314934,0.095215,,,,,
CO,2007,554.0,167.4,197.5,132.0,386.6,26.5,94.1,86.5,55.9,0.302166,-0.837004,0.238267,-1.267213,0.43658,-1.703793,21.0,48713000000.0,0.321269,24.609212,-1.068145,-0.23114,0.128634,,,,,
CO,2008,548.0,176.1,204.3,114.0,371.9,26.8,89.8,83.2,58.2,0.32135,-0.747573,0.208029,-1.209183,0.357362,-1.566545,21.0,47860000000.0,0.326473,24.591546,-0.999813,-0.25224,0.13541,,,,,
CO,2009,465.0,158.1,178.2,105.0,306.9,32.0,73.8,77.0,53.2,0.34,-0.663294,0.225806,-0.835623,0.369747,-1.20537,21.0,46230347017.7,0.314876,24.556902,-1.072994,-0.4097,0.005816,,,,,
CO,2010,450.0,119.9,139.0,101.0,330.1,25.7,64.9,68.3,60.1,0.266444,-1.012738,0.224444,-0.926357,0.1279,-1.054257,21.0,46939927289.8,0.31359,24.572134,-1.364796,-0.352058,-0.042206,,,,,
CO,2011,447.0,159.8,173.2,102.0,287.2,31.6,76.4,78.4,43.6,0.357494,-0.586256,0.228188,-0.882826,0.586767,-1.469592,21.0,46606263729.7,0.31885,24.565001,-1.070397,-0.484141,-0.041761,,,,,
CO,2012,474.0,133.5,170.3,112.0,340.5,27.1,59.7,70.9,51.3,0.281646,-0.936314,0.236287,-0.789798,0.32358,-1.113378,21.0,46768771094.28,0.319502,24.568482,-1.253699,-0.317386,0.013407,,,,,
CO,2013,482.0,140.3,170.9,104.0,341.7,21.5,72.8,77.5,52.2,0.291079,-0.89015,0.215768,-1.219663,0.395195,-1.614858,21.0,46968084743.95,0.316052,24.572734,-1.20827,-0.31812,0.025891,,,,,
CO,2014,488.0,159.7,185.2,126.0,328.3,30.6,67.0,87.4,45.0,0.327254,-0.720631,0.258197,-0.783693,0.663833,-1.447525,21.0,48985141184.9,0.294305,24.614783,-1.120805,-0.400174,-0.003787,,,,,
CO,2015,546.0,151.3,178.3,115.0,394.7,38.0,65.5,89.0,63.5,0.277106,-0.958861,0.210623,-0.544464,0.337596,-0.88206,21.0,50437338346.3,0.291592,24.643998,-1.204052,-0.245191,0.079302,,,,,
CO,2016,608.0,164.1,199.2,121.0,443.9,35.4,80.1,96.6,72.9,0.269901,-0.995123,0.199013,-0.816564,0.28149,-1.098054,21.0,52151611114.5,0.292939,24.677421,-1.156264,-0.161141,0.153435,,,,,
CO,2017,648.0,176.6,210.3,127.0,471.4,52.8,61.3,107.2,92.7,0.272531,-0.98182,0.195988,-0.149269,0.145328,-0.294596,21.0,53382102720.3,0.294522,24.700741,-1.106173,-0.124354,0.19383,,,,,
CO,2018,632.0,191.7,222.3,126.0,440.3,47.2,82.4,94.8,76.6,0.303323,-0.831525,0.199367,-0.557192,0.213172,-0.770364,21.0,53953607503.75,0.294591,24.71139,-1.034778,-0.203253,0.15818,,,,,
CO,2019,597.0,159.8,198.7,116.0,437.2,37.0,68.3,105.0,80.7,0.267672,-1.006468,0.194305,-0.612992,0.263222,-0.876214,21.0,54633554509.9,0.296813,24.723914,-1.22931,-0.222843,0.088684,,,,,
CO,2020,622.0,186.5,213.6,128.0,435.5,41.0,85.4,132.0,66.6,0.299839,-0.848064,0.205788,-0.733774,0.684097,-1.417871,21.0,48642046600.0,0.309201,24.607754,-0.958642,-0.110579,0.245867,,,,,
CO,2021,691.0,213.3,254.1,144.0,477.7,56.2,97.3,122.8,86.7,0.308683,-0.806283,0.208394,-0.548882,0.348103,-0.896985,21.0,53839706250.0,0.310609,24.709277,-0.925897,-0.119613,0.249544,,,,,
CO,2022,764.0,258.6,312.6,165.0,505.4,52.0,127.8,124.0,111.2,0.338482,-0.670068,0.215969,-0.899223,0.108951,-1.008174,21.0,53935286550.0,0.311749,24.711051,-0.735088,-0.06502,0.348198,,,,,
CO,2023,720.0,213.9,253.1,191.0,506.1,39.1,109.9,121.9,92.1,0.297083,-0.861226,0.265278,-1.033448,0.280326,-1.313774,21.0,54654269450.0,0.313988,24.724293,-0.938104,-0.076878,0.275639,,,,,
CO,2024,689.0,203.8,241.8,149.0,485.2,40.1,102.5,98.9,101.5,0.295791,-0.867422,0.216255,-0.938486,-0.02595,-0.912537,21.0,55067986280.0,0.293259,24.731834,-0.994015,-0.126592,0.224088,,,,,
CT,1982,515.0,298.8,336.5,179.0,216.2,32.4,210.1,49.6,51.9,0.580194,0.323571,0.347573,-1.869425,-0.045328,-1.824097,18.5,20138000000.0,0.249032,23.725874,0.394581,0.07101,0.938973,,,,,
CT,1983,438.0,242.7,269.7,152.0,195.3,44.6,152.0,36.4,54.0,0.55411,0.217289,0.347032,-1.226147,-0.394415,-0.831731,19.25,20630000000.0,0.238633,23.750012,0.162495,-0.054795,0.752887,0.0,0.0,0.0,0.0,9.656307
CT,1984,469.0,252.0,287.5,160.0,217.0,38.9,153.4,54.1,52.6,0.537313,0.149532,0.341151,-1.372055,0.028118,-1.400173,20.0,21076000000.0,0.236715,23.771401,0.178709,0.029177,0.799883,0.0,0.0,0.0,0.0,9.761924
CT,1985,448.0,221.3,252.4,152.0,226.7,40.5,129.5,49.5,48.5,0.493973,-0.024108,0.339286,-1.162379,0.020409,-1.182788,20.33,22390000000.0,0.242028,23.83188,-0.01168,0.012428,0.693594,0.0,0.0,0.0,0.0,9.8272
CT,1986,455.0,211.4,246.5,137.0,243.6,35.1,132.1,60.9,52.9,0.464615,-0.141775,0.301099,-1.325358,0.14083,-1.466188,21.0,24067000000.0,0.240371,23.904107,-0.129675,0.012101,0.636871,1.0,0.0,0.0,0.0,9.894195
CT,1987,449.0,221.5,254.5,135.0,227.5,45.1,134.8,61.9,48.2,0.493318,-0.026728,0.300668,-1.09491,0.250161,-1.345071,21.0,24998000000.0,0.24518,23.942062,-0.120958,-0.094231,0.585642,1.0,0.0,0.0,0.0,9.979893
CT,1988,484.0,208.3,240.6,143.0,275.7,43.2,114.6,73.8,42.4,0.430372,-0.280334,0.295455,-0.975607,0.55421,-1.529818,21.0,26062000000.0,0.251247,23.983744,-0.224084,0.05625,0.619021,1.0,0.0,0.0,0.0,10.073188
CT,1989,406.0,179.5,196.4,128.0,226.5,24.6,113.8,55.4,46.2,0.442118,-0.23257,0.315271,-1.531696,0.1816,-1.713296,21.0,26183000000.0,0.251919,23.988376,-0.37752,-0.14495,0.438658,1.0,0.0,0.0,0.0,10.14278
CT,1990,385.0,179.0,199.8,127.0,206.0,32.9,111.9,45.1,46.1,0.464935,-0.14049,0.32987,-1.224133,-0.021931,-1.202202,21.0,26303000000.0,0.250808,23.992949,-0.384882,-0.244392,0.380975,1.0,0.0,0.0,0.0,10.183125
CT,1991,310.0,134.0,158.8,92.0,176.0,21.5,88.8,39.5,36.2,0.432258,-0.272644,0.296774,-1.418334,0.087242,-1.505575,21.0,26628000000.0,0.252178,24.005229,-0.686709,-0.414064,0.152024,1.0,0.0,1.0,0.0,10.193205
CT,1992,296.0,117.2,134.4,92.0,178.8,23.1,72.9,45.9,33.1,0.395946,-0.422386,0.310811,-1.149256,0.326932,-1.476188,21.0,26459000000.0,0.229336,23.998862,-0.8143,-0.391914,0.112178,1.0,0.0,0.0,0.0,10.252206
CT,1993,342.0,131.5,145.7,100.0,210.5,24.3,80.3,52.7,37.7,0.384503,-0.470479,0.292398,-1.195293,0.334955,-1.530249,21.0,27019000000.0,0.243347,24.019806,-0.720119,-0.24964,0.235685,1.0,0.0,0.0,0.0,10.283019
CT,1994,310.0,116.7,135.9,88.0,193.3,19.8,74.7,39.2,39.3,0.376452,-0.504637,0.283871,-1.327798,-0.002548,-1.32525,21.0,27139000000.0,0.233981,24.024238,-0.84395,-0.339314,0.133015,1.0,0.0,0.0,0.0,10.319233
CT,1995,317.0,130.8,142.0,94.0,186.2,21.7,75.1,41.3,33.9,0.412618,-0.353152,0.29653,-1.241508,0.197447,-1.438956,21.0,28044000000.0,0.238803,24.057041,-0.76269,-0.409538,0.122542,1.0,0.0,0.0,0.0,10.37577
CT,1996,310.0,119.4,140.1,78.0,190.6,27.0,64.5,43.0,37.5,0.385161,-0.467698,0.251613,-0.870828,0.136859,-1.007688,21.0,28135000000.0,0.245211,24.06028,-0.85712,-0.389422,0.096973,1.0,0.0,0.0,0.0,10.433498
CT,1997,339.0,119.6,140.3,104.0,219.4,14.4,72.4,58.6,47.6,0.352802,-0.606744,0.306785,-1.614978,0.207902,-1.82288,21.0,28552000000.0,0.246673,24.074993,-0.870159,-0.263416,0.171688,1.0,0.0,0.0,0.0,10.487461
CT,1998,329.0,121.0,133.3,75.0,208.0,17.0,71.3,47.0,37.7,0.367781,-0.541748,0.227964,-1.433683,0.220488,-1.65417,21.0,29322000000.0,0.251006,24.101604,-0.885133,-0.343385,0.115135,,,,,
CT,1999,301.0,107.6,125.3,68.0,193.4,23.2,54.1,54.8,30.9,0.357475,-0.58634,0.225914,-0.846682,0.572934,-1.419616,21.0,29929000000.0,0.248388,24.122094,-1.022992,-0.436652,0.005697,,,,,
CT,2000,341.0,127.1,146.6,97.0,213.9,27.5,70.1,53.5,48.9,0.372727,-0.520534,0.284457,-0.935737,0.089904,-1.025641,21.0,30756000000.0,0.25065,24.149351,-0.883696,-0.363162,0.103212,,,,,
CT,2001,318.0,134.3,153.5,90.0,183.7,20.4,76.3,37.6,39.7,0.422327,-0.313228,0.283019,-1.319138,-0.054347,-1.264791,21.0,30844000000.0,0.249157,24.152208,-0.831451,-0.518223,0.030524,,,,,
CT,2002,325.0,111.1,128.9,89.0,213.9,19.1,70.1,66.9,36.9,0.341846,-0.655078,0.273846,-1.300234,0.594987,-1.895222,21.0,31205000000.0,0.124051,24.163844,-1.032733,-0.377655,0.040662,,,,,
CT,2003,298.0,116.2,132.9,94.0,181.8,24.6,71.2,39.4,50.8,0.389933,-0.447594,0.315436,-1.062746,-0.254131,-0.808616,21.0,31432000000.0,0.126304,24.171092,-0.995099,-0.547504,-0.053318,,,,,
CT,2004,294.0,112.2,125.3,88.0,181.8,20.8,63.1,44.2,30.9,0.381633,-0.482624,0.29932,-1.109768,0.357969,-1.467736,21.0,31608000000.0,0.125569,24.176676,-1.035712,-0.553088,-0.072416,,,,,
CT,2005,278.0,97.9,119.4,88.0,180.1,17.9,58.4,43.1,36.6,0.352158,-0.609566,0.316547,-1.182515,0.163475,-1.34599,21.0,31675000000.0,0.12502,24.178794,-1.174166,-0.564601,-0.130492,,,,,
CT,2006,311.0,112.8,128.7,98.0,198.2,18.1,76.4,51.9,44.6,0.362701,-0.56366,0.315113,-1.440071,0.151585,-1.591656,21.0,31743000000.0,0.122862,24.180938,-1.034641,-0.470981,-0.020464,,,,,
CT,2007,296.0,110.7,129.0,83.0,185.3,16.8,68.7,46.2,33.3,0.373986,-0.515152,0.280405,-1.40837,0.327422,-1.735793,21.0,32053000000.0,0.124606,24.190657,-1.063152,-0.548,-0.079616,,,,,
CT,2008,302.0,94.8,117.8,93.0,207.2,19.0,51.9,47.0,46.1,0.313907,-0.781915,0.307947,-1.00488,0.019335,-1.024214,21.0,31737000000.0,0.125185,24.180749,-1.208299,-0.426384,-0.049641,,,,,
CT,2009,224.0,97.1,113.2,67.0,126.9,13.4,60.4,24.6,27.6,0.433482,-0.267658,0.299107,-1.505734,-0.115069,-1.390665,21.0,31420000000.0,0.126384,24.17071,-1.174288,-0.90663,-0.338384,,,,,
CT,2010,320.0,119.1,136.8,98.0,200.9,17.8,81.3,45.2,42.7,0.372188,-0.522844,0.30625,-1.518948,0.056898,-1.575846,21.0,31294416647.0,0.124681,24.166706,-0.966061,-0.443218,0.022296,,,,,
CT,2011,221.0,93.9,100.4,68.0,127.1,21.5,60.1,30.5,21.9,0.424887,-0.302744,0.307692,-1.027957,0.33124,-1.359197,21.0,31197246858.0,0.1253,24.163596,-1.200685,-0.897941,-0.344752,,,,,
CT,2012,264.0,100.8,113.7,69.0,163.2,11.4,62.4,34.6,30.6,0.381818,-0.481838,0.261364,-1.699952,0.122854,-1.822806,21.0,31269363724.0,0.124065,24.165905,-1.132086,-0.650247,-0.169275,,,,,
CT,2013,286.0,125.6,143.3,92.0,160.4,15.7,75.6,24.3,33.4,0.439161,-0.244568,0.321678,-1.571796,-0.31808,-1.253716,21.0,30941185597.5,0.123356,24.155354,-0.901571,-0.657003,-0.078681,,,,,
CT,2014,248.0,96.6,112.9,59.0,151.4,22.2,43.2,35.8,30.8,0.389516,-0.449347,0.237903,-0.665748,0.150433,-0.816181,21.0,31190314089.5,0.100018,24.163373,-1.172114,-0.722767,-0.229264,,,,,
CT,2015,266.0,102.9,116.6,72.0,163.1,15.3,57.3,32.7,42.7,0.386842,-0.460606,0.270677,-1.320448,-0.266824,-1.053624,21.0,31591793664.5,0.099969,24.176163,-1.121725,-0.661119,-0.171986,,,,,
CT,2016,304.0,113.7,130.7,81.0,190.3,23.6,59.6,41.4,38.4,0.374013,-0.515038,0.266447,-0.926409,0.075223,-1.001632,21.0,31638569003.6,0.099908,24.177643,-1.023399,-0.50836,-0.039934,,,,,
CT,2017,281.0,121.9,133.8,69.0,159.1,24.1,57.5,45.9,25.5,0.433808,-0.266332,0.245552,-0.869573,0.587787,-1.45736,21.0,31500061536.0,0.09981,24.173255,-0.949374,-0.683042,-0.11422,,,,,
CT,2018,293.0,119.8,136.7,80.0,173.2,24.3,67.3,51.7,35.7,0.408874,-0.368623,0.273038,-1.018684,0.370307,-1.388991,21.0,31595705328.0,0.099981,24.176287,-0.969783,-0.601159,-0.075434,,,,,
CT,2019,249.0,98.1,111.9,58.0,150.9,22.9,47.2,40.1,19.8,0.393976,-0.43063,0.232932,-0.723257,0.705694,-1.428951,21.0,31600848355.5,0.100905,24.17645,-1.169782,-0.739152,-0.238316,,,,,
CT,2020,299.0,122.6,140.8,67.0,176.4,29.3,51.9,46.7,34.1,0.410033,-0.363827,0.22408,-0.571731,0.314447,-0.886178,21.0,29844938260.0,0.098392,24.119281,-0.889673,-0.525846,0.001843,,,,,
CT,2021,303.0,117.7,139.9,77.0,185.3,24.2,57.7,42.8,45.3,0.388449,-0.453837,0.254125,-0.868905,-0.056769,-0.812136,21.0,28988542640.0,0.098597,24.090167,-0.901347,-0.44751,0.044247,,,,,
CT,2022,366.0,129.0,154.2,86.0,237.0,23.2,76.8,57.8,47.2,0.352459,-0.608248,0.234973,-1.197052,0.202595,-1.399647,21.0,29666314340.0,0.101384,24.113278,-0.832785,-0.224537,0.210036,,,,,
CT,2023,308.0,112.5,134.9,70.0,195.5,28.9,54.7,56.1,49.3,0.36526,-0.552607,0.227273,-0.638022,0.129212,-0.767234,21.0,30502583670.0,0.102065,24.141077,-0.997443,-0.444836,0.009703,,,,,
CT,2024,310.0,104.9,129.3,82.0,205.1,25.5,58.0,42.5,41.0,0.338387,-0.67049,0.264516,-0.821765,0.035932,-0.857697,21.0,30946866380.0,0.10304,24.155538,-1.081849,-0.411359,0.001715,,,,,
DC,1982,35.0,14.8,19.1,12.0,20.2,4.5,7.2,6.5,7.8,0.422857,-0.311055,0.342857,-0.470004,-0.182322,-0.287682,,3380000000.0,0.0,21.941142,-0.825834,-0.514778,0.034887,,,,,
DC,1983,66.0,26.1,30.5,16.0,39.9,6.1,12.0,11.9,11.0,0.395455,-0.424441,0.242424,-0.676618,0.078643,-0.755261,,3099000000.0,0.0,21.854345,-0.171729,0.252712,0.75599,0.0,0.0,0.0,0.0,9.633449
DC,1984,64.0,29.9,30.2,16.0,34.1,4.2,13.2,6.8,8.8,0.467188,-0.131439,0.25,-1.145132,-0.257829,-0.887303,,3214000000.0,0.0,21.890782,-0.072243,0.059196,0.688782,0.0,0.0,0.0,0.0,9.718362
DC,1985,60.0,21.0,21.8,24.0,39.0,1.1,12.7,8.9,9.3,0.35,-0.619039,0.4,-2.446292,-0.043963,-2.402329,,3223000000.0,0.0,21.893578,-0.428375,0.190664,0.621447,0.0,0.0,0.0,0.0,9.771726
DC,1986,44.0,12.5,14.2,9.0,31.5,2.6,5.5,8.4,5.5,0.284091,-0.924259,0.204545,-0.749237,0.423484,-1.17272,,3287000000.0,0.0,21.913241,-0.966832,-0.042573,0.291629,0.0,1.0,0.0,0.0,9.816567
DC,1987,53.0,9.5,17.1,17.0,43.5,1.8,7.3,12.2,11.7,0.179245,-1.521469,0.320755,-1.400088,0.041847,-1.441935,,3368000000.0,0.0,21.937585,-1.265612,0.255857,0.453388,0.0,1.0,1.0,0.0,9.881549
DC,1988,61.0,16.6,19.5,19.0,44.4,1.3,12.9,7.7,13.1,0.272131,-0.983837,0.311475,-2.294863,-0.531392,-1.763471,,3405000000.0,0.0,21.948511,-0.718427,0.265409,0.583044,0.0,1.0,1.0,0.0,9.988839
DC,1989,72.0,21.1,25.7,26.0,50.9,3.5,15.0,8.5,15.0,0.293056,-0.88059,0.361111,-1.455287,-0.567984,-0.887303,21.0,3414000000.0,0.0,21.95115,-0.481197,0.399393,0.746196,0.0,1.0,1.0,0.0,10.062114
DC,1990,48.0,18.9,26.0,16.0,29.1,2.6,14.0,7.4,10.0,0.39375,-0.431576,0.333333,-1.683546,-0.301105,-1.382441,21.0,3407000000.0,0.0,21.949098,-0.589255,-0.157679,0.342784,0.0,1.0,1.0,0.0,10.152143
DC,1991,63.0,16.3,19.0,15.0,46.7,4.2,6.4,14.8,10.6,0.25873,-1.052579,0.238095,-0.421213,0.333773,-0.754987,21.0,3430000000.0,0.0,21.955826,-0.74398,0.308599,0.607989,0.0,1.0,1.0,0.0,10.204629
DC,1992,50.0,13.4,16.1,16.0,36.6,2.5,10.0,9.5,13.0,0.268,-1.004794,0.32,-1.386294,-0.313658,-1.072637,21.0,3562000000.0,0.0,21.993588,-0.977653,0.027141,0.339116,0.0,1.0,1.0,0.0,10.261057
DC,1993,57.0,14.1,17.8,12.0,42.9,3.0,4.4,9.0,9.6,0.247368,-1.112697,0.210526,-0.382992,-0.064539,-0.318454,21.0,3485000000.0,0.0,21.971734,-0.904878,0.207819,0.491998,0.0,1.0,1.0,0.0,10.306015
DC,1994,69.0,24.4,28.1,22.0,44.6,2.3,16.1,7.7,13.9,0.353623,-0.603151,0.318841,-1.94591,-0.590669,-1.355242,21.0,3448000000.0,0.0,21.96106,-0.345796,0.257354,0.693727,0.0,1.0,1.0,0.0,10.348558
DC,1995,58.0,26.1,28.4,18.0,31.9,5.0,18.7,13.0,10.3,0.45,-0.200671,0.310345,-1.319086,0.232805,-1.551891,21.0,3465000000.0,0.0,21.965978,-0.283362,-0.082692,0.515145,0.0,1.0,1.0,0.0,10.385852
DC,1996,62.0,20.4,23.4,19.0,41.6,2.4,16.2,5.6,15.8,0.329032,-0.712565,0.306452,-1.909543,-1.037243,-0.872299,21.0,3889000000.0,0.0,22.081418,-0.645202,0.067363,0.466397,0.0,1.0,1.0,0.0,10.440361
DC,1997,60.0,23.9,27.3,15.0,36.1,5.7,11.4,9.3,12.6,0.398333,-0.412414,0.25,-0.693147,-0.303682,-0.389465,21.0,3326000000.0,0.0,21.925036,-0.330477,0.081937,0.589989,0.0,1.0,1.0,0.0,10.483018
DC,1998,54.0,19.6,24.8,14.0,34.4,0.5,15.8,5.5,13.2,0.362963,-0.562527,0.259259,-3.453157,-0.875469,-2.577688,21.0,3307000000.0,0.0,21.919307,-0.523097,0.03943,0.490358,,,,,
DC,1999,41.0,15.5,19.2,11.0,25.5,1.2,12.3,3.8,7.7,0.378049,-0.497838,0.268293,-2.327278,-0.706219,-1.621058,21.0,3462000000.0,0.0,21.965112,-0.803592,-0.305753,0.169141,,,,,
DC,2000,48.0,14.6,16.8,14.0,33.4,1.3,10.1,4.7,6.9,0.304167,-0.827534,0.291667,-2.050171,-0.383959,-1.666212,21.0,3498000000.0,0.0,21.975457,-0.873755,-0.046221,0.316425,,,,,
DC,2001,68.0,23.8,30.6,15.0,44.2,2.2,15.6,5.8,19.4,0.35,-0.619039,0.220588,-1.958814,-1.207415,-0.751398,21.0,3750000000.0,0.0,22.045022,-0.454655,0.164384,0.595167,,,,,
DC,2002,47.0,20.0,21.7,11.0,27.0,2.2,15.4,5.8,7.6,0.425532,-0.300105,0.234043,-1.94591,-0.27029,-1.67562,21.0,3547000000.0,0.0,21.989368,-0.572955,-0.27285,0.28146,,,,,
DC,2003,67.0,25.3,29.2,22.0,41.7,3.9,17.6,14.1,13.4,0.377612,-0.499697,0.328358,-1.506922,0.05092,-1.557842,21.0,3588000000.0,0.0,22.000861,-0.349376,0.150321,0.624513,,,,,
DC,2004,43.0,12.9,17.5,11.0,30.1,3.1,8.2,7.9,10.8,0.3,-0.847298,0.255814,-0.972732,-0.312683,-0.660049,21.0,3742000000.0,0.0,22.042886,-1.064978,-0.21768,0.138995,,,,,
DC,2005,48.0,18.9,24.0,21.0,29.1,0.7,16.4,6.3,12.6,0.39375,-0.431576,0.4375,-3.153956,-0.693147,-2.460809,21.0,3713000000.0,0.0,22.035106,-0.675263,-0.243687,0.256776,,,,,
DC,2006,37.0,12.6,14.4,14.0,24.4,0.8,11.3,7.2,5.7,0.340541,-0.660886,0.378378,-2.647946,0.233615,-2.881561,21.0,3623000000.0,0.0,22.010568,-1.056191,-0.395304,0.02103,,,,,
DC,2007,44.0,16.4,18.3,13.0,27.6,2.0,12.9,11.0,6.1,0.372727,-0.520534,0.295455,-1.86408,0.589607,-2.453687,21.0,3609000000.0,0.0,22.006697,-0.788734,-0.2682,0.198174,,,,,
DC,2008,34.0,8.6,13.0,13.0,25.4,1.5,5.6,5.5,8.4,0.252941,-1.082987,0.382353,-1.317301,-0.423484,-0.893818,21.0,3611000000.0,0.0,22.007251,-1.434808,-0.351821,-0.060209,,,,,
DC,2009,29.0,10.5,11.9,9.0,18.5,0.0,9.0,4.0,6.0,0.362069,-0.566395,0.310345,,-0.405465,,21.0,3608000000.0,0.0,22.006419,-1.234363,-0.667968,-0.218443,,,,,
DC,2010,24.0,6.5,9.5,12.0,17.5,1.5,5.0,6.5,6.0,0.270833,-0.990399,0.5,-1.203973,0.080043,-1.284016,21.0,3590818443.75,0.0,22.001646,-1.709163,-0.718764,-0.402911,,,,,
DC,2011,27.0,7.8,13.4,9.0,19.2,0.1,7.7,2.9,10.3,0.288889,-0.900787,0.333333,-4.343805,-1.267433,-3.076372,21.0,3568115083.87,0.0,21.995303,-1.520499,-0.619712,-0.278786,,,,,
DC,2012,15.0,3.1,3.6,3.0,11.9,1.3,0.9,2.7,4.1,0.206667,-1.345136,0.2,0.367725,-0.417735,0.78546,21.0,3571830110.02,0.0,21.996344,-2.444261,-1.099125,-0.867613,,,,,
DC,2013,20.0,7.1,7.3,7.0,12.9,2.6,3.3,2.4,3.7,0.355,-0.597133,0.35,-0.238411,-0.432864,0.194453,21.0,3527268919.37,0.0,21.98379,-1.603014,-1.005882,-0.567377,,,,,
DC,2014,23.0,5.2,6.5,6.0,17.8,1.2,2.8,2.8,6.2,0.226087,-1.23054,0.26087,-0.847298,-0.79493,-0.052368,21.0,3527588204.84,0.0,21.98388,-1.914541,-0.684001,-0.427705,,,,,
DC,2015,23.0,6.0,8.9,6.0,17.0,1.0,3.3,6.0,2.7,0.26087,-1.041454,0.26087,-1.193922,0.798508,-1.99243,21.0,3557192653.3,0.0,21.992237,-1.779797,-0.738343,-0.436063,,,,,
DC,2016,27.0,10.4,13.5,13.0,16.6,1.7,8.3,2.3,9.7,0.385185,-0.467597,0.481481,-1.585627,-1.439217,-0.146411,21.0,3621959298.08,0.0,22.010281,-1.247794,-0.780198,-0.293763,,,,,
DC,2017,31.0,15.7,16.2,16.0,15.3,1.4,13.3,3.6,4.7,0.506452,0.025808,0.516129,-2.251292,-0.266629,-1.984663,21.0,3715864584.87,0.0,22.035877,-0.861536,-0.887344,-0.181209,,,,,
DC,2018,31.0,8.1,9.9,12.0,22.9,0.9,5.1,8.1,5.9,0.26129,-1.039273,0.387097,-1.734601,0.316912,-2.051513,21.0,3690677970.94,0.0,22.029076,-1.516531,-0.477258,-0.174408,,,,,
DC,2019,23.0,6.9,8.2,8.0,16.1,1.2,5.1,3.8,5.9,0.3,-0.847298,0.347826,-1.446919,-0.439951,-1.006968,21.0,3756069754.72,0.0,22.046639,-1.694437,-0.847139,-0.490464,,,,,
DC,2020,36.0,7.8,11.9,8.0,28.2,0.7,4.2,4.3,10.8,0.216667,-1.285198,0.222222,-1.791759,-0.920931,-0.870828,21.0,3030473970.0,0.0,21.831985,-1.35718,-0.071982,0.172215,,,,,
DC,2021,41.0,13.4,15.8,11.0,27.6,2.0,9.7,8.0,6.3,0.326829,-0.722561,0.268293,-1.578979,0.238892,-1.817871,21.0,3247775430.0,0.0,21.901236,-0.885301,-0.16274,0.233017,,,,,
DC,2022,32.0,10.0,11.8,8.0,22.0,3.4,5.4,5.6,7.6,0.3125,-0.788457,0.25,-0.462624,-0.305382,-0.157242,21.0,3420731300.0,0.0,21.95312,-1.229854,-0.441397,-0.066704,,,,,
DC,2023,44.0,17.0,21.7,23.0,27.0,1.3,13.1,5.7,11.9,0.386364,-0.462624,0.522727,-2.310248,-0.736072,-1.574176,21.0,3480736330.0,0.0,21.97051,-0.716616,-0.253992,0.234361,,,,,
DC,2024,47.0,13.6,16.5,19.0,33.4,2.3,9.7,6.7,17.3,0.289362,-0.898486,0.404255,-1.439217,-0.948599,-0.490618,21.0,3539345090.0,0.0,21.987208,-0.956457,-0.057971,0.283621,,,,,
DE,1982,122.0,65.8,74.9,42.0,56.2,10.6,40.9,21.4,10.1,0.539344,0.157703,0.344262,-1.350276,0.750855,-2.101132,20.0,4591000000.0,0.513614,22.247364,0.359937,0.202234,0.977338,,,,,
DE,1983,110.0,54.9,67.7,33.0,55.1,7.0,33.9,8.0,18.1,0.499091,-0.003636,0.3,-1.577505,-0.81647,-0.761034,20.0,4886000000.0,0.440647,22.30964,0.116554,0.120191,0.811521,0.0,0.0,0.0,0.0,9.484861
DE,1984,130.0,44.0,57.5,34.0,86.0,7.5,26.3,17.5,16.7,0.338462,-0.670158,0.261538,-1.254666,0.046792,-1.301458,21.0,5138000000.0,0.449786,22.35993,-0.155059,0.515098,0.928285,0.0,0.0,0.0,0.0,9.567385
DE,1985,104.0,56.9,68.3,34.0,47.1,14.9,34.9,13.1,10.1,0.547115,0.189022,0.326923,-0.851126,0.260077,-1.111202,21.0,5365000000.0,0.453308,22.403162,0.058814,-0.130208,0.661909,0.0,0.0,0.0,0.0,9.645429
DE,1986,136.0,60.9,73.2,47.0,75.1,9.1,39.7,16.9,22.3,0.447794,-0.209587,0.345588,-1.473077,-0.277273,-1.195804,21.0,5762000000.0,0.451232,22.47455,0.055363,0.264951,0.858785,0.0,0.0,0.0,0.0,9.696279
DE,1987,146.0,61.2,72.8,44.0,84.8,13.2,36.9,23.8,19.1,0.419178,-0.326148,0.30137,-1.027995,0.219997,-1.247992,21.0,6086000000.0,0.456293,22.529257,0.005571,0.331719,0.87503,0.0,0.0,1.0,0.0,9.765546
DE,1988,160.0,54.4,72.1,36.0,105.6,13.5,29.3,23.5,27.7,0.34,-0.663294,0.225,-0.774898,-0.164432,-0.610466,21.0,6404000000.0,0.453467,22.580189,-0.163144,0.50015,0.915666,0.0,0.0,1.0,0.0,9.845753
DE,1989,116.0,50.8,56.2,41.0,65.2,5.0,35.2,12.0,19.8,0.437931,-0.249563,0.353448,-1.951608,-0.500775,-1.450833,21.0,6477000000.0,0.447738,22.591523,-0.242946,0.006617,0.582748,0.0,0.0,1.0,0.0,9.931249
DE,1990,138.0,63.7,74.1,46.0,74.3,13.1,38.3,22.9,19.7,0.461594,-0.153926,0.333333,-1.072838,0.150518,-1.223356,21.0,6548000000.0,0.446549,22.602425,-0.02756,0.126366,0.745509,0.0,0.0,1.0,0.0,9.979986
DE,1991,102.0,40.0,44.3,27.0,62.0,7.5,24.7,11.5,13.3,0.392157,-0.438255,0.264706,-1.1919,-0.145417,-1.046483,21.0,6721000000.0,0.428508,22.628503,-0.518943,-0.080688,0.417151,0.0,0.0,1.0,0.0,10.009693
DE,1992,140.0,46.0,52.4,36.0,94.0,12.2,29.9,17.8,22.1,0.328571,-0.714653,0.257143,-0.896423,-0.216379,-0.680043,21.0,6892000000.0,0.389582,22.653627,-0.404305,0.310348,0.708696,0.0,1.0,1.0,0.0,10.043423
DE,1993,110.0,42.8,48.1,25.0,67.2,13.3,17.1,17.7,16.9,0.389091,-0.451135,0.227273,-0.251314,0.046251,-0.297565,21.0,6895000000.0,0.389848,22.654062,-0.476844,-0.025708,0.467099,0.0,1.0,1.0,0.0,10.066541
DE,1994,112.0,44.5,54.6,37.0,67.5,6.4,25.8,19.6,12.2,0.397321,-0.416638,0.330357,-1.394077,0.474094,-1.86817,21.0,7025000000.0,0.380356,22.672741,-0.456571,-0.039933,0.466439,0.0,1.0,1.0,0.0,10.104999
DE,1995,121.0,33.5,40.1,27.0,87.5,11.1,13.5,17.9,21.5,0.27686,-0.960093,0.22314,-0.195745,-0.183252,-0.012492,21.0,7515000000.0,0.393081,22.740167,-0.807941,0.152153,0.476304,0.0,1.0,1.0,0.0,10.150465
DE,1996,116.0,31.7,42.0,19.0,84.3,2.5,21.2,15.5,12.8,0.273276,-0.978065,0.163793,-2.13771,0.191395,-2.329105,21.0,7666000000.0,0.381033,22.760061,-0.883063,0.095002,0.41421,0.0,1.0,1.0,0.0,10.208211
DE,1997,143.0,44.1,57.8,41.0,98.9,7.7,28.2,20.3,28.8,0.308392,-0.807649,0.286713,-1.298102,-0.349755,-0.948347,21.0,8008000000.0,0.390859,22.803707,-0.596566,0.211083,0.579818,0.0,1.0,1.0,0.0,10.257414
DE,1998,115.0,31.8,36.8,24.0,83.2,2.1,21.0,17.9,11.0,0.276522,-0.961781,0.208696,-2.302585,0.486905,-2.789491,21.0,8204000000.0,0.398098,22.827888,-0.947741,0.01404,0.337725,,,,,
DE,1999,100.0,29.9,34.2,23.0,70.1,5.9,15.5,19.1,14.5,0.299,-0.852064,0.23,-0.965888,0.27554,-1.241427,21.0,8483000000.0,0.407757,22.86133,-1.042791,-0.190726,0.164521,,,,,
DE,2000,123.0,43.9,53.7,40.0,79.1,9.6,24.8,20.4,18.2,0.356911,-0.588799,0.325203,-0.949081,0.114113,-1.063194,21.0,8240000000.0,0.396481,22.832266,-0.629671,-0.040873,0.400599,,,,,
DE,2001,136.0,52.1,59.6,40.0,83.9,20.5,22.8,26.5,11.2,0.383088,-0.476461,0.294118,-0.106336,0.861231,-0.967567,21.0,8615000000.0,0.410911,22.876771,-0.502925,-0.026464,0.456565,,,,,
DE,2002,124.0,33.4,40.8,33.0,90.6,7.2,16.9,19.8,19.1,0.269355,-0.997898,0.266129,-0.853233,0.035994,-0.889226,21.0,8875000000.0,0.426028,22.906504,-0.977268,0.020631,0.334458,,,,,
DE,2003,142.0,45.6,54.2,45.0,96.4,5.7,24.2,12.3,34.8,0.321127,-0.748598,0.316901,-1.445886,-1.040018,-0.405868,21.0,9044000000.0,0.424701,22.925367,-0.684779,0.06382,0.45114,,,,,
DE,2004,134.0,39.2,43.0,36.0,94.8,5.7,24.6,23.3,15.4,0.292537,-0.883093,0.268657,-1.46228,0.414086,-1.876366,21.0,9301000000.0,0.289646,22.953388,-0.86403,0.019062,0.365133,,,,,
DE,2005,133.0,51.4,57.4,31.0,81.6,7.2,26.4,13.8,14.6,0.386466,-0.462191,0.233083,-1.299283,-0.056353,-1.24293,21.0,9508000000.0,0.295961,22.975399,-0.61508,-0.152889,0.33563,,,,,
DE,2006,148.0,42.7,48.7,32.0,105.3,10.4,17.3,25.6,17.7,0.288514,-0.902614,0.216216,-0.508901,0.369028,-0.877928,21.0,9442000000.0,0.292205,22.968434,-0.793554,0.109061,0.449459,,,,,
DE,2007,117.0,47.4,57.0,31.0,69.6,12.4,28.2,24.6,12.8,0.405128,-0.384142,0.264957,-0.821626,0.653301,-1.474927,21.0,9483000000.0,0.296214,22.972767,-0.693464,-0.309321,0.210088,,,,,
DE,2008,121.0,44.1,47.9,38.0,76.9,6.1,21.6,11.9,16.4,0.364463,-0.556046,0.31405,-1.264405,-0.320743,-0.943662,21.0,8976000000.0,0.301471,22.91782,-0.71068,-0.154634,0.298651,,,,,
DE,2009,116.0,45.0,47.9,33.0,71.0,13.1,18.9,17.9,11.1,0.387931,-0.456017,0.284483,-0.36655,0.477856,-0.844405,21.0,9080000000.0,0.301982,22.92934,-0.701997,-0.245979,0.244931,,,,,
DE,2010,101.0,37.1,43.4,21.0,63.9,10.9,16.3,15.1,11.7,0.367327,-0.543702,0.207921,-0.402402,0.255106,-0.657508,21.0,8947671320.0,0.310569,22.914659,-0.880361,-0.336659,0.121142,,,,,
DE,2011,99.0,40.7,44.1,26.0,58.3,10.0,21.0,17.0,9.0,0.411111,-0.359374,0.262626,-0.741937,0.635989,-1.377926,21.0,9028172588.3,0.321383,22.923616,-0.796707,-0.437333,0.092185,,,,,
DE,2012,114.0,35.4,47.0,39.0,78.6,10.5,17.2,23.5,20.8,0.310526,-0.79766,0.342105,-0.493534,0.122047,-0.615582,21.0,9185738056.0,0.323297,22.940918,-0.953525,-0.155865,0.215961,,,,,
DE,2013,99.0,37.6,41.9,25.0,61.4,6.2,19.8,12.8,12.2,0.379798,-0.490406,0.252525,-1.161133,0.048009,-1.209142,21.0,9307810020.05,0.328042,22.95412,-0.906435,-0.416029,0.061681,,,,,
DE,2014,124.0,51.7,53.7,33.0,72.3,12.1,30.6,16.9,11.4,0.416935,-0.335366,0.266129,-0.927795,0.3937,-1.321495,21.0,9596403612.8,0.299382,22.984654,-0.618516,-0.283149,0.256308,,,,,
DE,2015,126.0,41.4,45.2,42.0,84.6,9.0,22.7,15.0,26.3,0.328571,-0.714653,0.333333,-0.92514,-0.561519,-0.363622,21.0,9930610378.2,0.302104,23.018888,-0.874926,-0.160273,0.238075,,,,,
DE,2016,119.0,37.3,44.0,37.0,81.7,5.4,23.2,26.6,11.8,0.313445,-0.784061,0.310924,-1.457753,0.812812,-2.270565,21.0,10177585228.72,0.294767,23.043454,-1.00378,-0.219719,0.156351,,,,,
DE,2017,119.0,30.8,35.6,38.0,88.2,8.8,16.8,19.2,19.2,0.258824,-1.052092,0.319328,-0.646627,0.0,-0.646627,21.0,10466906999.8,0.249629,23.071484,-1.223289,-0.171197,0.12832,,,,,
DE,2018,111.0,28.0,35.2,27.0,83.0,6.1,16.9,19.9,14.1,0.252252,-1.086636,0.243243,-1.019025,0.344545,-1.36357,21.0,10179383806.449999,0.242608,23.04363,-1.290745,-0.204109,0.086581,,,,,
DE,2019,132.0,31.7,36.0,39.0,100.3,7.6,17.9,25.4,22.1,0.240152,-1.151849,0.295455,-0.856652,0.139172,-0.995824,21.0,10245158916.15,0.246678,23.050071,-1.173074,-0.021225,0.253412,,,,,
DE,2020,116.0,30.9,33.5,26.0,85.1,9.9,13.9,20.1,19.1,0.266379,-1.013071,0.224138,-0.339354,0.051031,-0.390386,21.0,8345229610.0,0.242179,22.844956,-0.993519,0.019552,0.329315,,,,,
DE,2021,136.0,34.3,38.1,28.0,101.7,8.6,12.7,30.4,22.3,0.252206,-1.086882,0.205882,-0.38984,0.309856,-0.699696,21.0,10152424460.0,0.279237,23.040978,-1.085152,0.00173,0.292357,,,,,
DE,2022,162.0,51.1,60.6,33.0,110.9,10.8,24.5,22.2,25.5,0.315432,-0.774844,0.203704,-0.819127,-0.138586,-0.680541,21.0,9872399430.0,0.265733,23.013009,-0.658544,0.116301,0.495268,,,,,
DE,2023,135.0,38.3,47.6,45.0,96.7,9.9,18.4,30.1,24.6,0.283704,-0.926164,0.333333,-0.619816,0.201779,-0.821595,21.0,9717742770.0,0.25986,22.997219,-0.931089,-0.004925,0.328736,,,,,
DE,2024,126.0,32.3,40.4,38.0,93.7,7.4,18.8,33.6,25.2,0.256349,-1.065031,0.301587,-0.932377,0.287682,-1.220059,21.0,9936552650.0,0.273679,23.019486,-1.123738,-0.058707,0.237477,,,,,
FL,1982,2653.0,1061.5,1226.1,779.0,1591.5,201.4,577.3,382.6,440.7,0.400113,-0.404994,0.29363,-1.053069,-0.141374,-0.911695,19.0,79498000000.0,0.342726,25.098998,0.289121,0.694115,1.205129,,,,,
FL,1983,2686.0,1191.3,1343.9,752.0,1494.7,253.9,623.8,358.1,368.2,0.443522,-0.22688,0.27997,-0.898889,-0.027814,-0.871075,19.0,81776000000.0,0.332787,25.12725,0.376232,0.603112,1.189239,0.0,0.0,0.0,0.0,9.431001
FL,1984,2814.0,1165.6,1342.2,761.0,1648.4,223.3,645.6,361.7,374.4,0.414215,-0.346569,0.270434,-1.061664,-0.03451,-1.027154,19.0,85475000000.0,0.327452,25.17149,0.310182,0.656751,1.191553,0.0,0.0,0.0,0.0,9.508666
FL,1985,2832.0,1050.9,1282.8,708.0,1781.1,237.3,547.8,420.7,403.2,0.371081,-0.527584,0.25,-0.836585,0.042487,-0.879072,20.0,88056000000.0,0.325225,25.201239,0.176844,0.704428,1.16818,0.0,0.0,0.0,0.0,9.572689
FL,1986,2831.0,1166.6,1371.3,760.0,1664.4,243.6,611.4,404.4,354.6,0.412081,-0.355371,0.268456,-0.920224,0.131414,-1.051638,21.0,87436000000.0,0.302736,25.194173,0.288357,0.643728,1.174893,0.0,0.0,0.0,0.0,9.622582
FL,1987,2839.0,1119.5,1302.9,691.0,1719.5,219.7,611.7,443.3,353.3,0.394329,-0.429151,0.243396,-1.023979,0.226929,-1.250908,21.0,92864000000.0,0.315364,25.254402,0.186916,0.616068,1.117486,0.0,1.0,1.0,0.0,9.680406
FL,1988,3078.0,1136.1,1341.5,809.0,1941.9,215.2,638.3,411.8,448.7,0.369103,-0.536066,0.262833,-1.087241,-0.085817,-1.001424,21.0,105511000000.0,0.278767,25.382081,0.073956,0.610022,1.070635,0.0,1.0,1.0,0.0,9.746366
FL,1989,2984.0,1075.6,1262.4,782.0,1908.4,210.6,624.1,430.4,445.9,0.360456,-0.573387,0.262064,-1.08635,-0.03538,-1.05097,21.0,108877000000.0,0.288261,25.413485,-0.01217,0.561217,1.008216,0.0,1.0,1.0,0.0,9.820378
FL,1990,2891.0,1120.2,1296.1,737.0,1770.8,211.5,606.5,395.5,403.5,0.387478,-0.457924,0.254929,-1.05348,-0.020026,-1.033454,21.0,109997000000.0,0.290626,25.423719,0.018224,0.476149,0.96632,0.0,1.0,1.0,0.0,9.858856
FL,1991,2463.0,917.1,1055.3,631.0,1545.9,159.7,516.1,360.3,325.9,0.372351,-0.522145,0.256192,-1.173003,0.100346,-1.27335,21.0,113319000000.0,0.289766,25.453473,-0.211575,0.31057,0.776343,0.0,1.0,1.0,0.0,9.875654
FL,1992,2427.0,821.6,961.6,588.0,1605.4,170.3,425.8,421.7,321.2,0.338525,-0.669875,0.242274,-0.916408,0.27223,-1.188638,21.0,119868000000.0,0.291996,25.509657,-0.377723,0.292152,0.705435,0.0,1.0,1.0,0.0,9.898977
FL,1993,2636.0,885.2,1020.6,647.0,1750.8,152.0,505.1,418.0,351.9,0.335812,-0.682014,0.245448,-1.200876,0.172134,-1.37301,21.0,120467000000.0,0.284841,25.514642,-0.308147,0.373867,0.783057,0.0,1.0,1.0,0.0,9.95608
FL,1994,2687.0,817.6,950.1,644.0,1869.4,145.8,477.2,432.2,393.8,0.30428,-0.827,0.239672,-1.1857,0.093045,-1.278745,21.0,121989000000.0,0.260081,25.527197,-0.400143,0.426857,0.789665,0.0,1.0,1.0,1.0,9.987875
FL,1995,2805.0,803.1,956.9,682.0,2001.9,159.7,449.6,504.3,426.4,0.28631,-0.913373,0.243137,-1.035061,0.167793,-1.202855,21.0,127809000000.0,0.253589,25.573803,-0.464643,0.44873,0.786037,0.0,1.0,1.0,1.0,10.029062
FL,1996,2753.0,749.2,892.9,659.0,2003.8,144.2,430.3,496.8,407.7,0.272139,-0.983795,0.239375,-1.093281,0.197656,-1.290937,21.0,130004000000.0,0.257684,25.590831,-0.551144,0.43265,0.750296,0.0,1.0,1.0,1.0,10.078868
FL,1997,2785.0,701.9,812.4,630.0,2083.1,131.4,394.2,483.6,444.8,0.252029,-1.087822,0.226212,-1.098612,0.083633,-1.182246,21.0,134027000000.0,0.257463,25.621307,-0.646835,0.440986,0.731377,0.0,1.0,1.0,1.0,10.118559
FL,1998,2825.0,696.2,848.7,618.0,2128.8,123.1,376.7,552.9,440.3,0.246442,-1.117677,0.218761,-1.118452,0.227721,-1.346173,21.0,137543000000.0,0.259148,25.647202,-0.680885,0.436792,0.719742,,,,,
FL,1999,2920.0,774.3,919.6,620.0,2145.7,139.8,426.3,532.2,426.7,0.265171,-1.019262,0.212329,-1.11493,0.220938,-1.335869,21.0,141982000000.0,0.263252,25.678966,-0.606326,0.412936,0.721054,,,,,
FL,2000,2999.0,891.2,1069.2,736.0,2107.8,168.4,493.9,477.6,425.1,0.297166,-0.860831,0.245415,-1.075991,0.116449,-1.19244,21.0,150945000000.0,0.25241,25.740181,-0.526932,0.333899,0.686534,,,,,
FL,2001,3012.0,885.6,1055.8,688.0,2126.4,149.3,504.2,492.7,430.8,0.294024,-0.87592,0.22842,-1.217015,0.134257,-1.351272,21.0,170587000000.0,0.257124,25.862511,-0.655565,0.220355,0.568529,,,,,
FL,2002,3136.0,909.4,1068.7,714.0,2226.6,163.4,490.8,550.6,486.2,0.289987,-0.895446,0.227679,-1.099836,0.124389,-1.224224,21.0,178367000000.0,0.26067,25.907109,-0.673643,0.221803,0.564275,,,,,
FL,2003,3169.0,907.4,1077.1,743.0,2261.6,131.7,518.7,531.3,467.3,0.286336,-0.913244,0.234459,-1.370799,0.128355,-1.499154,21.0,185511000000.0,0.266836,25.94638,-0.715116,0.198129,0.535472,,,,,
FL,2004,3244.0,886.2,1053.1,743.0,2357.8,167.0,476.6,561.0,492.4,0.273181,-0.978542,0.229038,-1.048684,0.13043,-1.179113,21.0,196444000000.0,0.18477,26.003643,-0.79602,0.182522,0.5016,,,,,
FL,2005,3518.0,1109.4,1314.0,861.0,2408.6,170.7,612.7,514.3,503.3,0.31535,-0.775226,0.244741,-1.277968,0.02162,-1.299588,21.0,201531000000.0,0.183034,26.029209,-0.596954,0.178273,0.55712,,,,,
FL,2006,3357.0,931.8,1112.1,845.0,2425.2,167.1,500.4,540.9,556.6,0.277569,-0.956551,0.251713,-1.096815,-0.028612,-1.068203,21.0,203741000000.0,0.184951,26.040115,-0.782316,0.174235,0.499368,,,,,
FL,2007,3213.0,926.4,1119.9,827.0,2286.6,136.8,547.2,550.2,534.8,0.288329,-0.903515,0.257392,-1.386294,0.028389,-1.414683,21.0,206121000000.0,0.184571,26.051729,-0.799742,0.103773,0.443912,,,,,
FL,2008,2980.0,892.1,1056.0,814.0,2087.9,144.9,520.3,508.1,500.7,0.299362,-0.850336,0.273154,-1.278362,0.014671,-1.293033,21.0,198616000000.0,0.181476,26.014639,-0.80038,0.049956,0.40572,,,,,
FL,2009,2560.0,777.1,913.3,733.0,1782.9,110.0,468.6,436.0,421.4,0.303555,-0.830427,0.286328,-1.449269,0.03406,-1.483329,21.0,196379370122.71,0.181343,26.003314,-0.927064,-0.096637,0.265129,,,,,
FL,2010,2444.0,680.3,782.3,627.0,1763.7,123.3,406.6,446.7,385.4,0.278355,-0.952635,0.256547,-1.193209,0.147605,-1.340815,21.0,195754713285.16998,0.180852,26.000128,-1.056914,-0.104278,0.221944,,,,,
FL,2011,2400.0,699.3,848.5,669.0,1700.7,116.1,417.4,380.9,388.6,0.291375,-0.888715,0.27875,-1.279593,-0.020014,-1.259579,21.0,191854954931.91998,0.181451,25.980005,-1.009245,-0.12053,0.223899,,,,,
FL,2012,2431.0,711.8,833.5,644.0,1719.2,92.9,419.3,408.1,409.7,0.292801,-0.881817,0.264912,-1.507063,-0.003913,-1.50315,21.0,191373770471.79,0.1803,25.977494,-0.989017,-0.107199,0.239244,,,,,
FL,2013,2403.0,675.8,790.4,657.0,1727.2,134.7,397.7,441.3,394.3,0.281232,-0.93836,0.273408,-1.082648,0.112613,-1.195261,21.0,192701815669.36,0.180247,25.98441,-1.047832,-0.109472,0.220744,,,,,
FL,2014,2494.0,694.0,824.0,679.0,1800.0,136.0,383.6,456.0,425.4,0.278268,-0.95307,0.272253,-1.036945,0.069463,-1.106408,21.0,201040403879.49,0.158202,26.026772,-1.063619,-0.110549,0.215552,,,,,
FL,2015,2939.0,802.6,946.5,775.0,2136.4,156.9,448.9,517.1,520.1,0.273086,-0.979021,0.263695,-1.051191,-0.005785,-1.045407,21.0,206982464203.62,0.160064,26.0559,-0.947363,0.031658,0.350605,,,,,
FL,2016,3176.0,904.1,1022.5,825.0,2271.9,179.7,523.0,560.3,580.0,0.284666,-0.921432,0.259761,-1.068293,-0.034556,-1.033737,21.0,215550749348.14,0.162711,26.096462,-0.868841,0.05259,0.387596,,,,,
FL,2017,3116.0,837.4,976.3,782.0,2278.6,167.2,448.5,561.8,562.5,0.268742,-1.001015,0.250963,-0.986718,-0.001245,-0.985473,21.0,218825803410.24997,0.16411,26.111542,-0.960559,0.040455,0.353444,,,,,
FL,2018,3135.0,823.7,965.8,758.0,2311.3,164.6,433.8,576.4,557.2,0.262743,-1.031759,0.241786,-0.969065,0.033878,-1.002943,21.0,221815740655.32,0.165642,26.125113,-0.990626,0.041133,0.345952,,,,,
FL,2019,3185.0,779.1,908.7,760.0,2405.9,175.0,389.7,587.0,598.3,0.244615,-1.12754,0.238619,-0.800591,-0.019067,-0.781524,21.0,226514416127.45,0.165689,26.146074,-1.067254,0.060286,0.340814,,,,,
FL,2020,3329.0,890.3,1053.6,834.0,2438.7,192.6,462.9,641.4,583.1,0.267438,-1.007662,0.250526,-0.876896,0.095295,-0.97219,21.0,208075918880.0,0.169366,26.061169,-0.84893,0.158732,0.469939,,,,,
FL,2021,3741.0,1030.2,1193.9,930.0,2710.8,206.4,586.5,677.6,706.5,0.275381,-0.967491,0.248597,-1.044357,-0.041766,-1.002591,21.0,217566376920.0,0.173467,26.10577,-0.747581,0.21991,0.542019,,,,,
FL,2022,3548.0,932.2,1083.3,850.0,2615.8,202.1,496.8,625.9,676.2,0.26274,-1.031778,0.239572,-0.899425,-0.077298,-0.822127,21.0,227757137460.0,0.175819,26.151546,-0.893318,0.13846,0.443274,,,,,
FL,2023,3375.0,848.3,988.7,820.0,2526.7,177.3,426.5,648.7,656.5,0.251348,-1.091435,0.242963,-0.877769,-0.011952,-0.865817,21.0,239188190250.0,0.175157,26.200516,-1.036601,0.054834,0.344315,,,,,
FL,2024,3138.0,769.0,916.5,748.0,2369.0,166.1,410.2,611.9,636.8,0.245061,-1.125132,0.238368,-0.904055,-0.039887,-0.864168,21.0,249474050240.0,0.164296,26.242621,-1.176849,-0.051717,0.229401,,,,,
GA,1982,1229.0,601.6,700.7,323.0,627.4,118.2,299.2,173.8,123.8,0.489504,-0.041992,0.262815,-0.928734,0.339238,-1.267972,19.0,48781000000.0,0.553802,24.610607,0.209667,0.251658,0.92403,,,,,
GA,1983,1296.0,545.4,651.9,352.0,750.6,87.1,290.2,167.9,148.8,0.420833,-0.319353,0.271605,-1.203513,0.120765,-1.324279,19.0,48837000000.0,0.498986,24.611754,0.110446,0.4298,0.975965,0.0,0.0,0.0,0.0,9.281917
GA,1984,1410.0,586.0,706.9,401.0,824.0,99.4,312.0,191.6,173.0,0.415603,-0.340851,0.284397,-1.143851,0.102118,-1.245969,19.0,50486000000.0,0.49182,24.644962,0.149039,0.489889,1.027064,0.0,0.0,0.0,0.0,9.394993
GA,1985,1361.0,511.8,619.1,357.0,849.2,97.9,248.5,234.1,148.5,0.376047,-0.506361,0.262307,-0.931496,0.455163,-1.38666,19.25,53713000000.0,0.474652,24.706921,-0.048306,0.458055,0.929735,0.0,0.0,0.0,0.0,9.467151
GA,1986,1530.0,615.2,738.5,387.0,914.8,122.7,306.2,231.3,160.8,0.402092,-0.396758,0.252941,-0.914496,0.363554,-1.27805,20.25,56833000000.0,0.456495,24.763383,0.079245,0.476003,0.990321,0.0,0.0,0.0,0.0,9.530102
GA,1987,1599.0,610.0,725.2,392.0,989.0,126.5,307.2,258.5,173.8,0.381488,-0.483235,0.245153,-0.887257,0.39699,-1.284247,21.0,60293000000.0,0.458577,24.822482,0.011658,0.494893,0.975333,0.0,0.0,0.0,0.0,9.586171
GA,1988,1654.0,607.3,712.2,434.0,1046.7,129.2,295.7,235.8,234.3,0.36717,-0.544375,0.262394,-0.827984,0.006382,-0.834365,21.0,62262000000.0,0.471026,24.854617,-0.024913,0.519461,0.977015,0.0,1.0,1.0,0.0,9.654449
GA,1989,1632.0,604.9,696.3,420.0,1027.1,135.2,302.2,260.8,199.8,0.37065,-0.529431,0.257353,-0.804334,0.266437,-1.070771,21.0,68069000000.0,0.466923,24.943788,-0.118044,0.411388,0.874455,0.0,1.0,1.0,0.0,9.709053
GA,1990,1562.0,572.9,672.8,373.0,989.1,118.9,281.5,242.1,182.5,0.366773,-0.546084,0.238796,-0.86185,0.282601,-1.14445,21.0,70222000000.0,0.452607,24.974927,-0.203536,0.342549,0.799476,0.0,1.0,1.0,0.0,9.763363
GA,1991,1389.0,498.3,595.0,383.0,890.7,106.9,278.2,223.1,156.8,0.358747,-0.580805,0.275738,-0.956446,0.352649,-1.309095,21.0,73005000000.0,0.471858,25.013794,-0.381911,0.198895,0.643226,0.0,1.0,1.0,0.0,9.794231
GA,1992,1315.0,402.2,466.9,304.0,912.8,87.6,197.8,222.4,141.2,0.305856,-0.819567,0.231179,-0.814475,0.4543,-1.268776,21.0,77904000000.0,0.41297,25.078743,-0.661113,0.158454,0.52353,0.0,1.0,1.0,0.0,9.846282
GA,1993,1394.0,405.3,481.0,300.0,988.7,79.6,185.8,220.4,163.2,0.290746,-0.891763,0.215208,-0.847657,0.300468,-1.148124,21.0,78426000000.0,0.408512,25.085421,-0.660113,0.23165,0.575192,0.0,1.0,1.0,0.0,9.886748
GA,1994,1425.0,378.0,475.9,298.0,1047.0,83.7,180.5,249.3,173.5,0.265263,-1.01879,0.209123,-0.768492,0.362479,-1.130971,21.0,82822000000.0,0.409372,25.13996,-0.784385,0.234405,0.542648,0.0,1.0,1.0,0.0,9.934599
GA,1995,1488.0,394.4,468.9,314.0,1093.6,88.7,196.0,268.3,191.0,0.265054,-1.019865,0.211022,-0.792855,0.339832,-1.132687,21.0,85384000000.0,0.416495,25.170425,-0.772378,0.247486,0.555444,0.0,1.0,1.0,0.0,9.984883
GA,1996,1573.0,429.2,522.7,357.0,1143.8,95.7,217.6,275.3,214.4,0.272854,-0.980188,0.226955,-0.82144,0.250018,-1.071458,21.0,89132000000.0,0.413847,25.213384,-0.73078,0.249408,0.568036,0.0,1.0,1.0,0.0,10.038892
GA,1997,1577.0,412.0,511.6,320.0,1165.0,83.7,204.3,291.3,200.7,0.261256,-1.039453,0.202917,-0.892351,0.372542,-1.264893,21.0,93530000000.0,0.423875,25.261548,-0.819844,0.219609,0.522412,0.0,1.0,1.0,1.0,10.08088
GA,1998,1568.0,376.2,462.4,336.0,1191.8,69.8,176.4,269.2,194.6,0.239923,-1.153099,0.214286,-0.92712,0.324508,-1.251629,21.0,96433000000.0,0.421204,25.292114,-0.941313,0.211786,0.486123,,,,,
GA,1999,1508.0,385.8,462.0,319.0,1122.2,60.0,189.5,263.0,206.5,0.255836,-1.067727,0.211538,-1.150044,0.241854,-1.391898,21.0,99304000000.0,0.432037,25.321452,-0.945452,0.122275,0.417769,,,,,
GA,2000,1541.0,435.1,526.9,346.0,1105.9,98.7,214.2,251.3,212.8,0.282349,-0.932839,0.22453,-0.774825,0.166295,-0.94112,21.0,105010000000.0,0.452557,25.377321,-0.881065,0.051774,0.383546,,,,,
GA,2001,1647.0,408.9,495.1,345.0,1238.1,84.7,192.4,285.3,228.6,0.24827,-1.107863,0.209472,-0.820461,0.221568,-1.042028,21.0,107897000000.0,0.460532,25.404443,-0.970292,0.137571,0.422949,,,,,
GA,2002,1524.0,384.2,464.9,330.0,1139.8,55.0,193.3,253.0,219.7,0.2521,-1.087445,0.216535,-1.25691,0.141127,-1.398037,21.0,108321000000.0,0.459422,25.408365,-1.036521,0.050924,0.34141,,,,,
GA,2003,1603.0,355.4,420.8,317.0,1247.6,71.5,173.6,301.5,231.4,0.221709,-1.255733,0.197754,-0.887056,0.264622,-1.151679,21.0,109246000000.0,0.463395,25.416868,-1.122943,0.13279,0.383445,,,,,
GA,2004,1634.0,403.0,471.5,333.0,1231.0,72.9,210.0,284.1,225.0,0.246634,-1.116646,0.203794,-1.058019,0.233226,-1.291245,21.0,113618000000.0,0.387826,25.456108,-1.03649,0.080155,0.363359,,,,,
GA,2005,1729.0,432.7,512.0,358.0,1296.3,93.3,216.5,302.7,234.5,0.25026,-1.097225,0.207056,-0.84177,0.255287,-1.097057,21.0,113509000000.0,0.367213,25.455148,-0.964423,0.132802,0.420831,,,,,
GA,2006,1693.0,456.4,545.7,385.0,1236.6,95.4,224.8,293.6,259.2,0.269581,-0.996751,0.227407,-0.857133,0.124618,-0.981751,21.0,113532000000.0,0.367051,25.455351,-0.9113,0.085451,0.399588,,,,,
GA,2007,1641.0,446.2,524.6,371.0,1194.8,93.9,226.5,244.1,229.5,0.271907,-0.984967,0.226082,-0.880515,0.061675,-0.94219,21.0,112541000000.0,0.36783,25.446583,-0.925135,0.059831,0.377158,,,,,
GA,2008,1495.0,408.3,478.1,336.0,1086.7,87.1,198.1,240.9,181.9,0.27311,-0.978899,0.224749,-0.821715,0.280925,-1.10264,21.0,109057000000.0,0.352944,25.415137,-0.982454,-0.003555,0.315426,,,,,
GA,2009,1292.0,334.8,398.0,291.0,957.2,70.4,175.0,215.6,175.0,0.259133,-1.050479,0.225232,-0.910593,0.208639,-1.119232,21.0,109258000000.0,0.354034,25.416978,-1.182764,-0.132285,0.16765,,,,,
GA,2010,1247.0,299.8,348.4,291.0,947.2,64.4,142.7,238.6,161.3,0.240417,-1.150395,0.23336,-0.795631,0.391523,-1.187153,21.0,111722466994.55,0.329118,25.439284,-1.315487,-0.165093,0.109893,,,,,
GA,2011,1226.0,271.1,315.4,264.0,954.9,43.2,140.5,227.8,180.5,0.221126,-1.259119,0.215334,-1.179367,0.232737,-1.412104,21.0,108453502733.0,0.333445,25.409587,-1.386419,-0.1273,0.122605,,,,,
GA,2012,1192.0,295.4,352.8,283.0,896.6,54.4,150.7,217.6,196.3,0.247819,-1.110279,0.237416,-1.018927,0.103014,-1.121941,21.0,107488497177.98,0.326646,25.40065,-1.291639,-0.181359,0.103419,,,,,
GA,2013,1180.0,297.5,349.7,280.0,882.5,49.6,160.5,205.4,155.5,0.252119,-1.087345,0.237288,-1.174303,0.278314,-1.452617,21.0,109354511912.5,0.234035,25.417861,-1.301766,-0.214421,0.07609,,,,,
GA,2014,1164.0,279.8,325.6,259.0,884.2,57.6,133.4,179.4,183.6,0.240378,-1.150608,0.222509,-0.83983,-0.023142,-0.816688,21.0,111534893447.5,0.231458,25.437603,-1.382848,-0.232239,0.042695,,,,,
GA,2015,1430.0,365.7,419.4,307.0,1064.3,82.3,174.3,245.7,222.7,0.255734,-1.068259,0.214685,-0.750407,0.098286,-0.848693,21.0,118106561075.05,0.242066,25.494853,-1.172359,-0.1041,0.191257,,,,,
GA,2016,1556.0,379.0,442.1,339.0,1177.0,67.0,205.6,265.0,236.4,0.243573,-1.133188,0.217866,-1.12124,0.114205,-1.235444,21.0,122802185880.8,0.244655,25.533841,-1.175624,-0.042436,0.236714,,,,,
GA,2017,1540.0,357.9,424.1,330.0,1182.1,76.9,172.3,264.1,233.7,0.232403,-1.194794,0.214286,-0.806731,0.12229,-0.929021,21.0,124733394362.32,0.238638,25.549444,-1.24851,-0.053716,0.210774,,,,,
GA,2018,1505.0,379.3,450.4,357.0,1125.7,77.3,176.2,245.7,258.8,0.252027,-1.087833,0.237209,-0.823926,-0.051944,-0.771981,21.0,131455532775.38,0.249883,25.601934,-1.242926,-0.155093,0.135294,,,,,
GA,2019,1492.0,355.6,427.7,290.0,1136.4,85.1,148.9,266.9,260.1,0.238338,-1.161814,0.19437,-0.559448,0.025808,-0.585256,21.0,133127658222.56,0.238943,25.614574,-1.320087,-0.158273,0.113979,,,,,
GA,2020,1658.0,370.8,442.4,373.0,1287.2,80.3,178.0,302.7,323.0,0.223643,-1.244562,0.22497,-0.796014,-0.06491,-0.731104,21.0,115966826610.0,0.249932,25.47657,-1.140226,0.104335,0.357478,,,,,
GA,2021,1809.0,471.5,556.4,421.0,1337.5,110.3,216.8,340.7,308.2,0.260641,-1.042638,0.232725,-0.675771,0.100253,-0.776025,21.0,120685224070.0,0.250577,25.516452,-0.939852,0.102787,0.404759,,,,,
GA,2022,1796.0,508.6,600.1,478.0,1287.4,108.3,257.4,289.7,341.6,0.283185,-0.928718,0.266147,-0.865726,-0.164795,-0.700932,21.0,128871055700.0,0.337895,25.582078,-0.929736,-0.001017,0.33192,,,,,
GA,2023,1610.0,426.8,520.3,388.0,1183.2,83.3,209.6,266.7,334.4,0.265093,-1.019662,0.240994,-0.922752,-0.226213,-0.696539,21.0,126339079930.0,0.2528,25.562235,-1.085239,-0.065577,0.242435,,,,,
GA,2024,1403.0,325.4,392.2,337.0,1077.6,68.3,168.2,261.7,267.8,0.231932,-1.197436,0.2402,-0.901244,-0.023042,-0.878202,21.0,122215657160.0,0.305236,25.529053,-1.323317,-0.125881,0.137996,,,,,
HI,1982,163.0,89.4,98.5,44.0,73.6,16.9,48.8,14.1,13.2,0.548466,0.194476,0.269939,-1.060417,0.065958,-1.126375,,6048000000.0,0.301918,22.522993,0.390808,0.196332,0.991437,,,,,
HI,1983,141.0,85.9,93.8,56.0,55.1,15.7,60.2,14.3,16.8,0.60922,0.444034,0.397163,-1.344012,-0.161119,-1.182892,,5873000000.0,0.28946,22.493631,0.380233,-0.063801,0.875809,0.0,0.0,0.0,0.0,9.474856
HI,1984,138.0,76.0,85.4,46.0,62.0,17.0,44.9,16.0,14.1,0.550725,0.203599,0.333333,-0.971224,0.126414,-1.097638,,6505000000.0,0.303305,22.595837,0.155577,-0.048022,0.752097,0.0,0.0,0.0,0.0,9.528067
HI,1985,126.0,63.8,76.3,49.0,62.2,15.0,34.8,14.0,16.2,0.506349,0.025398,0.388889,-0.841567,-0.145954,-0.695613,,6762000000.0,0.335699,22.634585,-0.058151,-0.083549,0.622378,0.0,0.0,0.0,0.0,9.58149
HI,1986,120.0,53.9,65.9,29.0,66.1,11.2,23.7,13.8,14.3,0.449167,-0.204038,0.241667,-0.749561,-0.035591,-0.71397,,6971000000.0,0.308994,22.665025,-0.257213,-0.053175,0.543148,1.0,0.0,0.0,0.0,9.637241
HI,1987,139.0,72.7,82.0,46.0,66.3,12.2,38.9,10.8,18.1,0.523022,0.092151,0.330935,-1.159558,-0.516366,-0.643192,,7218000000.0,0.305071,22.699844,0.007178,-0.084973,0.655311,1.0,0.0,0.0,0.0,9.696586
HI,1988,148.0,73.7,82.2,43.0,74.3,15.7,39.7,11.3,23.3,0.497973,-0.008108,0.290541,-0.92769,-0.723651,-0.20404,,7419000000.0,0.314058,22.72731,-0.006627,0.001482,0.690583,1.0,0.0,0.0,0.0,9.787796
HI,1989,149.0,70.2,81.8,40.0,78.8,9.6,35.1,16.4,15.9,0.471141,-0.115565,0.268456,-1.296438,0.030962,-1.3274,21.0,7750000000.0,0.315484,22.770959,-0.09893,0.016635,0.653668,1.0,0.0,0.0,0.0,9.872771
HI,1990,177.0,68.7,86.1,46.0,108.3,18.3,35.7,16.7,28.3,0.388136,-0.455156,0.259887,-0.66825,-0.527453,-0.140797,21.0,8066000000.0,0.348376,22.810924,-0.160494,0.294662,0.785907,1.0,0.0,0.0,0.0,9.977156
HI,1991,135.0,65.0,72.7,35.0,70.0,16.9,31.7,11.1,12.3,0.481481,-0.074108,0.259259,-0.629003,-0.102654,-0.526349,21.0,8143000000.0,0.352941,22.820424,-0.225356,-0.151249,0.505531,1.0,0.0,0.0,0.0,10.00654
HI,1992,129.0,55.4,61.5,36.0,73.6,11.5,29.1,18.5,17.9,0.429457,-0.284065,0.27907,-0.928391,0.03297,-0.961361,21.0,8066000000.0,0.266303,22.810924,-0.375663,-0.091598,0.46957,1.0,0.0,0.0,0.0,10.039154
HI,1993,134.0,56.6,72.7,26.0,77.4,15.6,23.4,13.4,17.6,0.422388,-0.312978,0.19403,-0.405465,-0.272644,-0.132821,21.0,7935000000.0,0.259609,22.794549,-0.337859,-0.024882,0.523971,1.0,0.0,0.0,0.0,10.070611
HI,1994,122.0,44.7,52.8,31.0,77.3,4.4,35.6,17.6,11.4,0.366393,-0.54772,0.254098,-2.090741,0.434286,-2.525027,21.0,7924000000.0,0.260348,22.793162,-0.572508,-0.024787,0.43154,1.0,0.0,0.0,0.0,10.089552
HI,1995,130.0,43.1,62.7,43.0,86.9,11.3,24.1,14.7,24.9,0.331538,-0.701235,0.330769,-0.757409,-0.52702,-0.230389,21.0,7945000000.0,0.264065,22.795809,-0.611605,0.08963,0.492407,1.0,0.0,0.0,0.0,10.120533
HI,1996,148.0,45.9,61.6,36.0,102.1,6.2,26.4,15.8,24.6,0.310135,-0.799488,0.243243,-1.448815,-0.442737,-1.006078,21.0,8030000000.0,0.268742,22.80645,-0.559305,0.240183,0.611443,1.0,0.0,0.0,0.0,10.130065
HI,1997,131.0,47.7,55.5,22.0,83.3,10.3,27.1,14.7,15.9,0.364122,-0.557517,0.167939,-0.96739,-0.078472,-0.888918,21.0,7947000000.0,0.268277,22.79606,-0.510448,0.047069,0.499818,1.0,0.0,0.0,1.0,10.15027
HI,1998,120.0,43.5,54.2,31.0,76.5,9.2,25.2,19.8,16.8,0.3625,-0.56453,0.258333,-1.007641,0.164303,-1.171944,21.0,7987000000.0,0.279579,22.801081,-0.607639,-0.04311,0.407091,,,,,
HI,1999,98.0,33.5,40.1,19.0,64.5,7.1,21.1,11.9,9.9,0.341837,-0.65512,0.193878,-1.089178,0.184004,-1.273182,21.0,8117000000.0,0.299002,22.817226,-0.885,-0.22988,0.188422,,,,,
HI,2000,132.0,41.9,49.9,33.0,90.1,12.8,24.1,16.2,25.9,0.317424,-0.765634,0.25,-0.632767,-0.469232,-0.163535,21.0,8543000000.0,0.286902,22.868378,-0.712412,0.053223,0.435105,,,,,
HI,2001,140.0,45.2,54.9,33.0,94.8,12.0,23.1,20.0,27.9,0.322857,-0.740672,0.235714,-0.654926,-0.332894,-0.322032,21.0,8694000000.0,0.286634,22.885899,-0.654121,0.086551,0.476424,,,,,
HI,2002,119.0,35.7,42.9,28.0,83.3,6.8,20.9,22.2,19.1,0.3,-0.847298,0.235294,-1.122827,0.150404,-1.273231,21.0,8886000000.0,0.290119,22.907743,-0.911911,-0.064614,0.292061,,,,,
HI,2003,133.0,48.4,65.9,43.0,84.6,4.9,29.5,22.1,18.5,0.36391,-0.558434,0.323308,-1.795155,0.177807,-1.972962,21.0,9312000000.0,0.297573,22.95457,-0.654389,-0.095955,0.35646,,,,,
HI,2004,142.0,44.1,54.0,36.0,97.9,11.2,24.9,18.8,23.1,0.310563,-0.797487,0.253521,-0.798954,-0.205976,-0.592978,21.0,9725000000.0,0.292442,22.997966,-0.790825,0.006662,0.378542,,,,,
HI,2005,140.0,54.3,66.6,36.0,85.7,7.7,34.3,22.3,13.7,0.387857,-0.456329,0.257143,-1.493925,0.487191,-1.981116,21.0,10083000000.0,0.241793,23.034117,-0.618912,-0.162583,0.328206,,,,,
HI,2006,161.0,59.6,74.9,45.0,101.4,9.3,38.4,13.7,31.6,0.370186,-0.531418,0.279503,-1.418043,-0.835761,-0.582282,21.0,10182000000.0,0.241897,23.043887,-0.535551,-0.004133,0.458198,,,,,
HI,2007,138.0,44.0,64.3,41.0,94.0,3.7,32.8,13.3,21.2,0.318841,-0.759105,0.297101,-2.182096,-0.466237,-1.715859,21.0,10345000000.0,0.240406,23.059769,-0.854899,-0.095794,0.288165,,,,,
HI,2008,107.0,41.8,49.1,30.0,65.2,7.0,26.5,15.0,17.5,0.390654,-0.444563,0.280374,-1.331235,-0.154151,-1.177084,21.0,10278000000.0,0.243724,23.053272,-0.899694,-0.455131,0.040238,,,,,
HI,2009,109.0,52.4,58.3,38.0,56.6,7.2,34.4,13.8,9.6,0.480734,-0.077102,0.348624,-1.563976,0.362905,-1.926881,21.0,9973000000.0,0.242956,23.023147,-0.64356,-0.566458,0.088881,,,,,
HI,2010,113.0,42.7,48.3,31.0,70.3,5.5,24.1,17.5,18.9,0.377876,-0.498573,0.274336,-1.477464,-0.076961,-1.400503,21.0,9994649304.779999,0.242492,23.025316,-0.850436,-0.351863,0.122753,,,,,
HI,2011,100.0,45.0,50.4,34.0,55.0,10.2,25.1,9.8,13.9,0.45,-0.200671,0.34,-0.90048,-0.349506,-0.550974,21.0,10066379314.66,0.238232,23.032467,-0.805124,-0.604453,-0.006616,,,,,
HI,2012,125.0,46.9,57.5,24.0,78.1,5.1,20.7,17.9,15.3,0.3752,-0.509972,0.192,-1.400893,0.156948,-1.557841,21.0,10049663456.61,0.23954,23.030805,-0.762107,-0.252134,0.218189,,,,,
HI,2013,102.0,34.3,46.0,32.0,67.7,6.8,16.6,10.2,17.4,0.336275,-0.679941,0.313725,-0.89248,-0.534082,-0.358398,21.0,10099350593.21,0.177737,23.035737,-1.079911,-0.39997,0.009917,,,,,
HI,2014,95.0,29.6,33.6,25.0,65.4,6.3,17.3,12.7,14.7,0.311579,-0.792748,0.263158,-1.010157,-0.146246,-0.863911,21.0,10174346345.0,0.168413,23.043135,-1.23468,-0.441932,-0.068578,,,,,
HI,2015,94.0,33.3,39.2,24.0,60.7,8.6,16.6,10.4,17.4,0.354255,-0.600386,0.255319,-0.65764,-0.514664,-0.142976,21.0,10300529880.81,0.172166,23.055461,-1.129223,-0.528837,-0.091486,,,,,
HI,2016,120.0,36.5,43.3,36.0,83.5,7.0,18.6,15.0,16.4,0.304167,-0.827534,0.3,-0.977251,-0.089231,-0.88802,21.0,10635428443.08,0.171001,23.087457,-1.069464,-0.241929,0.120716,,,,,
HI,2017,107.0,41.9,49.0,20.0,65.1,11.2,13.3,10.8,9.7,0.391589,-0.440639,0.186916,-0.17185,0.10742,-0.279271,21.0,10748619469.23,0.17335,23.098043,-0.942077,-0.501438,-0.004534,,,,,
HI,2018,117.0,37.6,48.1,29.0,79.4,6.5,16.5,18.5,25.5,0.321368,-0.747494,0.247863,-0.931558,-0.320908,-0.61065,21.0,10886767746.8,0.16949,23.110814,-1.063129,-0.315635,0.072041,,,,,
HI,2019,108.0,35.9,44.9,35.0,72.1,6.5,17.3,12.5,20.7,0.332407,-0.697317,0.324074,-0.978904,-0.504405,-0.474499,21.0,11024004901.48,0.170235,23.123341,-1.121923,-0.424606,-0.020529,,,,,
HI,2020,85.0,28.3,36.7,26.0,56.7,5.8,16.3,10.2,18.7,0.332941,-0.694912,0.305882,-1.033307,-0.606136,-0.427171,21.0,8785366530.0,0.166951,22.896353,-1.132811,-0.437898,-0.033021,,,,,
HI,2021,94.0,27.6,37.0,26.0,66.4,8.0,11.2,12.0,18.8,0.293617,-0.877881,0.276596,-0.336472,-0.44895,0.112478,21.0,9971963750.0,0.174064,23.023043,-1.284547,-0.406666,-0.059068,,,,,
HI,2022,116.0,36.4,46.1,33.0,79.6,9.5,14.1,18.5,20.9,0.313793,-0.782445,0.284483,-0.394883,-0.121978,-0.272905,21.0,10289075700.0,0.177237,23.054349,-1.039099,-0.256654,0.119922,,,,,
HI,2023,93.0,38.0,43.1,38.0,55.0,5.6,23.5,15.4,17.5,0.408602,-0.369747,0.408602,-1.434234,-0.127833,-1.3064,21.0,10435356670.0,0.176193,23.068466,-1.010199,-0.640452,-0.115185,,,,,
HI,2024,102.0,34.4,37.8,29.0,67.6,9.8,13.5,16.2,17.5,0.337255,-0.675551,0.284314,-0.320307,-0.07719,-0.243118,21.0,10647275760.0,0.178478,23.08857,-1.129833,-0.454281,-0.042916,,,,,
IA,1982,480.0,211.0,241.5,116.0,269.0,40.3,118.8,58.7,45.2,0.439583,-0.242853,0.241667,-1.08109,0.261343,-1.342433,19.0,19341000000.0,0.64521,23.685493,0.087046,0.329899,0.908974,,,,,
IA,1983,514.0,256.0,298.4,146.0,258.0,43.0,145.3,46.0,51.7,0.498054,-0.007782,0.284047,-1.2176,-0.116816,-1.100784,19.0,19661000000.0,0.642439,23.701903,0.263955,0.271738,0.961001,0.0,0.0,0.0,0.0,9.325275
IA,1984,420.0,194.8,228.8,105.0,225.2,28.9,110.6,41.1,39.4,0.46381,-0.145016,0.25,-1.342078,0.042242,-1.384321,19.0,20497000000.0,0.64307,23.743544,-0.05089,0.094125,0.717391,0.0,0.0,0.0,0.0,9.430279
IA,1985,474.0,208.9,247.1,119.0,265.1,37.1,122.7,49.9,38.3,0.440717,-0.238251,0.251055,-1.196125,0.264571,-1.460696,19.0,20191000000.0,0.638354,23.728503,0.034034,0.272285,0.853385,0.0,0.0,0.0,0.0,9.47593
IA,1986,441.0,188.3,219.0,122.0,252.7,37.0,108.3,54.0,35.7,0.426984,-0.294167,0.276644,-1.073987,0.413833,-1.487821,20.0,20413000000.0,0.635967,23.739438,-0.080721,0.213446,0.770288,1.0,0.0,0.0,0.0,9.524275
IA,1987,491.0,208.7,246.5,116.0,282.3,34.7,122.2,71.3,41.8,0.425051,-0.302073,0.236253,-1.258919,0.534,-1.792919,21.0,20808000000.0,0.63514,23.758603,0.002975,0.305048,0.858522,1.0,0.0,1.0,0.0,9.582662
IA,1988,557.0,232.1,271.0,155.0,324.9,37.7,138.7,80.3,45.3,0.416697,-0.336349,0.278276,-1.302653,0.572463,-1.875116,21.0,21907000000.0,0.639065,23.810072,0.057777,0.394126,0.933174,1.0,0.0,1.0,0.0,9.607908
IA,1989,514.0,183.3,217.7,127.0,330.7,27.9,106.5,80.1,59.5,0.356615,-0.590087,0.247082,-1.339518,0.2973,-1.636818,21.0,22571000000.0,0.642639,23.839932,-0.208127,0.381961,0.822972,1.0,0.0,1.0,0.0,9.683962
IA,1990,465.0,190.4,224.4,110.0,274.6,36.2,101.0,53.8,43.0,0.409462,-0.366188,0.236559,-1.026061,0.224073,-1.250135,21.0,22993000000.0,0.644848,23.858456,-0.188648,0.177541,0.704262,1.0,0.0,1.0,0.0,9.734181
IA,1991,488.0,162.7,194.8,106.0,325.3,34.1,82.5,69.9,43.5,0.333402,-0.69284,0.217213,-0.883501,0.474305,-1.357806,21.0,23020000000.0,0.652737,23.859629,-0.34704,0.345799,0.751367,1.0,0.0,1.0,0.0,9.758693
IA,1992,437.0,126.7,163.7,88.0,310.3,29.4,65.5,62.6,55.5,0.289931,-0.895717,0.201373,-0.801055,0.120382,-0.921438,21.0,23926000000.0,0.642147,23.898232,-0.635729,0.259989,0.602382,1.0,0.0,1.0,0.0,9.818365
IA,1993,459.0,166.5,199.9,102.0,292.5,33.6,86.0,58.4,44.0,0.362745,-0.563469,0.222222,-0.939821,0.283126,-1.222947,21.0,25118000000.0,0.638307,23.946851,-0.411175,0.152295,0.60288,1.0,0.0,1.0,0.0,9.823416
IA,1994,478.0,164.4,205.3,104.0,313.6,30.9,81.4,62.1,49.6,0.343933,-0.645816,0.217573,-0.968619,0.224755,-1.193374,21.0,25737000000.0,0.639896,23.971195,-0.448212,0.197604,0.619096,1.0,0.0,1.0,0.0,9.901686
IA,1995,527.0,182.6,214.9,107.0,344.4,39.1,88.5,81.9,45.5,0.34649,-0.634506,0.203036,-0.81688,0.587787,-1.404667,21.0,25987000000.0,0.63678,23.980862,-0.352884,0.281622,0.707019,1.0,0.0,1.0,0.0,9.923878
IA,1996,465.0,170.4,191.9,109.0,294.6,23.8,94.4,75.2,41.6,0.366452,-0.54747,0.234409,-1.377855,0.592051,-1.969907,21.0,26880000000.0,0.636198,24.014648,-0.455819,0.091651,0.54807,1.0,0.0,1.0,0.0,10.000251
IA,1997,468.0,134.0,168.2,94.0,334.0,25.1,62.8,71.9,39.2,0.286325,-0.913301,0.200855,-0.917087,0.6066,-1.523687,21.0,27984000000.0,0.639437,24.054899,-0.736378,0.176923,0.51425,1.0,0.0,1.0,0.0,10.048453
IA,1998,449.0,132.7,156.3,83.0,316.3,21.9,66.9,64.1,48.1,0.295546,-0.8686,0.184855,-1.116712,0.287162,-1.403875,21.0,28911000000.0,0.643077,24.087488,-0.778716,0.089884,0.440216,,,,,
IA,1999,490.0,134.0,164.0,88.0,356.0,28.5,72.9,74.5,58.1,0.273469,-0.977091,0.179592,-0.939185,0.248633,-1.187818,21.0,29140000000.0,0.643102,24.095378,-0.776857,0.200234,0.519708,,,,,
IA,2000,445.0,113.6,135.0,81.0,331.4,17.3,73.4,79.7,40.6,0.255281,-1.070643,0.182022,-1.445217,0.674502,-2.119719,21.0,29433000000.0,0.638263,24.105382,-0.952018,0.118625,0.413373,,,,,
IA,2001,446.0,115.2,144.7,91.0,330.8,16.3,71.3,66.7,52.7,0.258296,-1.054844,0.204036,-1.475731,0.235589,-1.711321,21.0,30016000000.0,0.637393,24.124996,-0.957646,0.097198,0.396003,,,,,
IA,2002,405.0,105.0,132.3,96.0,300.0,18.7,61.9,58.3,53.1,0.259259,-1.049822,0.237037,-1.196997,0.093425,-1.290422,21.0,30847000000.0,0.63494,24.152305,-1.077664,-0.027842,0.272262,,,,,
IA,2003,443.0,113.5,139.5,101.0,329.5,20.8,59.8,73.2,52.2,0.256208,-1.065774,0.227991,-1.056053,0.338113,-1.394166,21.0,31108000000.0,0.617012,24.160731,-1.008247,0.057526,0.35352,,,,,
IA,2004,388.0,86.8,105.6,86.0,301.2,9.6,54.0,69.4,49.0,0.223711,-1.244168,0.221649,-1.727221,0.348067,-2.075288,21.0,31538000000.0,0.608631,24.174459,-1.290172,-0.046004,0.207227,,,,,
IA,2005,450.0,94.3,111.5,96.0,355.7,19.5,51.7,74.5,58.3,0.209556,-1.327606,0.213333,-0.975043,0.245197,-1.22024,21.0,31060000000.0,0.603091,24.159187,-1.192025,0.135582,0.370742,,,,,
IA,2006,439.0,118.7,138.5,94.0,320.3,12.3,68.0,62.7,54.0,0.270387,-0.992659,0.214123,-1.709908,0.149377,-1.859286,21.0,31355000000.0,0.603253,24.16864,-0.97136,0.021299,0.336541,,,,,
IA,2007,446.0,107.5,139.0,117.0,338.5,17.3,69.8,71.7,57.2,0.241031,-1.147033,0.262332,-1.394928,0.225937,-1.620864,21.0,31253000000.0,0.603206,24.165381,-1.06721,0.079824,0.355618,,,,,
IA,2008,412.0,89.2,111.0,97.0,322.8,17.8,48.9,66.2,64.1,0.216505,-1.286152,0.235437,-1.010579,0.032236,-1.042815,21.0,30713000000.0,0.603458,24.147952,-1.23639,0.049762,0.293752,,,,,
IA,2009,371.0,98.1,118.6,88.0,272.9,18.7,56.3,59.3,46.7,0.26442,-1.023118,0.237197,-1.102171,0.238865,-1.341036,21.0,31065000000.0,0.603702,24.159348,-1.15268,-0.129561,0.177535,,,,,
IA,2010,390.0,85.4,102.9,80.0,304.6,14.7,51.9,67.3,44.1,0.218974,-1.271653,0.205128,-1.261471,0.4227,-1.684172,21.0,31388615609.76,0.605921,24.169711,-1.301684,-0.030031,0.217116,,,,,
IA,2011,360.0,83.1,98.3,85.0,276.9,10.3,54.2,57.7,50.8,0.230833,-1.203612,0.236111,-1.660537,0.127361,-1.787898,21.0,31274311137.02,0.608175,24.166063,-1.325337,-0.121726,0.140722,,,,,
IA,2012,365.0,96.2,108.2,75.0,268.8,16.4,46.1,43.6,37.9,0.263562,-1.027538,0.205479,-1.033532,0.140106,-1.173638,21.0,31596240472.83,0.604469,24.176304,-1.189194,-0.161656,0.144274,,,,,
IA,2013,317.0,100.8,113.0,82.0,216.2,27.6,48.3,54.4,40.7,0.317981,-0.763066,0.258675,-0.559616,0.290136,-0.849752,21.0,31641001662.27,0.575154,24.17772,-1.143901,-0.380835,0.001863,,,,,
IA,2014,322.0,91.5,104.0,62.0,230.5,20.8,46.0,62.2,25.0,0.284161,-0.923912,0.192547,-0.793688,0.911479,-1.705168,21.0,31413674466.5,0.588405,24.170509,-1.233489,-0.309578,0.024723,,,,,
IA,2015,320.0,78.3,94.0,69.0,241.7,17.9,38.3,58.1,38.7,0.244688,-1.12715,0.215625,-0.760649,0.406326,-1.166975,21.0,33160975734.29,0.58168,24.22464,-1.443411,-0.316262,-0.035638,,,,,
IA,2016,402.0,108.5,128.6,75.0,293.5,18.8,57.3,74.2,42.7,0.2699,-0.995127,0.186567,-1.114444,0.552565,-1.667009,21.0,33336972029.71,0.588684,24.229933,-1.122502,-0.127375,0.1872,,,,,
IA,2017,330.0,90.9,106.1,66.0,239.1,10.8,47.2,48.2,49.8,0.275455,-0.967122,0.2,-1.474848,-0.032656,-1.442192,21.0,33482087686.77,0.591452,24.234276,-1.303836,-0.336714,-0.014503,,,,,
IA,2018,319.0,90.6,104.1,59.0,228.4,26.5,39.0,59.5,35.0,0.284013,-0.924644,0.184953,-0.386417,0.530628,-0.917045,21.0,33282400039.239998,0.592412,24.228295,-1.30116,-0.376515,-0.042423,,,,,
IA,2019,336.0,101.5,123.8,80.0,234.5,17.9,42.0,50.1,45.0,0.302083,-0.837397,0.238095,-0.852869,0.107359,-0.960227,21.0,33537019038.27,0.595049,24.235916,-1.195176,-0.357779,0.001876,,,,,
IA,2020,343.0,117.0,139.8,61.0,226.0,22.4,42.7,51.6,45.3,0.341108,-0.658361,0.177843,-0.645138,0.130215,-0.775353,21.0,29751496750.0,0.600887,24.116145,-0.933291,-0.27493,0.142266,,,,,
IA,2021,356.0,121.4,146.3,77.0,234.6,30.9,44.6,52.1,41.4,0.341011,-0.658791,0.216292,-0.366978,0.229884,-0.596862,21.0,33039277650.0,0.603934,24.220963,-1.001191,-0.3424,0.074649,,,,,
IA,2022,336.0,115.1,139.2,69.0,220.9,25.4,49.7,60.6,40.3,0.34256,-0.651909,0.205357,-0.671256,0.407943,-1.079199,21.0,32712075290.0,0.603676,24.21101,-1.044528,-0.392619,0.026782,,,,,
IA,2023,379.0,137.3,166.7,73.0,241.7,34.1,57.0,58.9,30.0,0.362269,-0.565529,0.192612,-0.513754,0.674644,-1.188398,21.0,33254018700.0,0.604618,24.227441,-0.884592,-0.319063,0.130775,,,,,
IA,2024,356.0,119.7,145.5,73.0,236.3,28.3,44.1,50.7,42.9,0.336236,-0.680114,0.205056,-0.443598,0.167054,-0.610652,21.0,33816667970.0,0.586996,24.24422,-1.03855,-0.358437,0.051392,,,,,
ID,1982,256.0,106.8,129.7,75.0,149.2,18.8,52.6,37.2,28.4,0.417188,-0.33433,0.292969,-1.028859,0.26992,-1.298779,19.0,7857000000.0,0.690722,22.784671,0.306968,0.641298,1.181187,,,,,
ID,1983,263.0,109.0,124.5,64.0,154.0,29.3,54.5,31.7,27.5,0.414449,-0.345605,0.243346,-0.620613,0.142131,-0.762744,19.0,8287000000.0,0.672982,22.837954,0.274075,0.619679,1.154881,0.0,0.0,0.0,0.0,9.222467
ID,1984,242.0,93.7,111.5,68.0,148.3,25.9,39.1,38.1,26.9,0.38719,-0.459139,0.280992,-0.411879,0.348088,-0.759967,19.0,7768000000.0,0.717817,22.773279,0.1875,0.646639,1.13634,0.0,0.0,0.0,0.0,9.285448
ID,1985,255.0,112.6,134.1,66.0,142.4,28.9,63.2,34.1,22.8,0.441569,-0.234798,0.258824,-0.782463,0.402537,-1.185,19.0,7710000000.0,0.702464,22.765784,0.378738,0.613537,1.19616,0.0,0.0,0.0,0.0,9.335298
ID,1986,258.0,115.4,142.1,79.0,142.6,34.0,55.8,24.0,28.2,0.447287,-0.211639,0.306202,-0.495413,-0.161268,-0.334145,19.0,7781000000.0,0.699653,22.774951,0.394134,0.605774,1.19869,0.0,1.0,0.0,0.0,9.364177
ID,1987,260.0,116.3,130.7,70.0,143.7,16.3,70.6,46.7,21.4,0.447308,-0.211555,0.269231,-1.465865,0.780353,-2.246218,20.5,8119000000.0,0.698608,22.817473,0.359381,0.570936,1.16389,0.0,1.0,1.0,0.0,9.414505
ID,1988,257.0,95.9,116.0,65.0,161.1,22.6,39.1,30.4,23.9,0.373152,-0.518719,0.252918,-0.548173,0.240564,-0.788737,21.0,8127000000.0,0.689307,22.818458,0.165529,0.684248,1.151299,0.0,1.0,1.0,0.0,9.480978
ID,1989,238.0,90.6,104.2,62.0,147.4,28.8,36.7,35.2,27.3,0.380672,-0.486696,0.260504,-0.242401,0.254159,-0.496561,21.0,8422000000.0,0.68143,22.854113,0.073022,0.559718,1.038838,0.0,1.0,1.0,0.0,9.566825
ID,1990,244.0,110.4,130.8,57.0,133.6,23.7,49.2,37.3,24.8,0.452459,-0.19074,0.233607,-0.730419,0.40815,-1.138568,21.0,9849000000.0,0.693573,23.010636,0.114155,0.304895,0.907213,0.0,1.0,1.0,0.0,9.63861
ID,1991,264.0,107.4,123.0,68.0,156.6,30.0,49.6,30.0,30.4,0.406818,-0.377135,0.257576,-0.502793,-0.013245,-0.489548,21.0,10318000000.0,0.689184,23.057156,0.040085,0.41722,0.939474,0.0,1.0,1.0,0.0,9.65912
ID,1992,243.0,91.1,102.7,50.0,151.9,20.0,42.6,28.0,22.4,0.374897,-0.511265,0.205761,-0.756122,0.223144,-0.979266,21.0,10764000000.0,0.669547,23.099473,-0.166835,0.34443,0.814269,0.0,1.0,1.0,0.0,9.71758
ID,1993,230.0,98.1,108.9,55.0,131.9,22.7,39.1,33.3,11.9,0.426522,-0.296057,0.23913,-0.543758,1.029019,-1.572777,21.0,11293000000.0,0.669973,23.147449,-0.140781,0.155276,0.711311,0.0,1.0,1.0,0.0,9.781263
ID,1994,250.0,83.6,92.6,50.0,166.4,20.4,42.0,37.6,15.0,0.3344,-0.688351,0.2,-0.722135,0.918954,-1.641089,21.0,11652000000.0,0.669156,23.178744,-0.332019,0.356332,0.763398,0.0,1.0,1.0,0.0,9.808407
ID,1995,262.0,74.0,85.7,57.0,188.0,18.8,30.8,56.2,19.2,0.282443,-0.932377,0.217557,-0.493658,1.074006,-1.567664,21.0,12296000000.0,0.670218,23.23254,-0.507794,0.424583,0.756485,0.0,1.0,1.0,0.0,9.85014
ID,1996,258.0,78.5,91.9,51.0,179.5,21.1,31.8,37.9,27.2,0.304264,-0.827077,0.197674,-0.410193,0.331734,-0.741927,21.0,12961000000.0,0.669393,23.285211,-0.501431,0.325645,0.68843,0.0,1.0,1.0,0.0,9.890453
ID,1997,259.0,85.0,99.4,73.0,174.0,24.8,41.4,46.2,26.6,0.328185,-0.716404,0.281853,-0.512437,0.552069,-1.064506,21.0,12880000000.0,0.652562,23.278942,-0.41561,0.300794,0.698567,0.0,1.0,1.0,1.0,9.922898
ID,1998,265.0,81.4,95.8,61.0,183.6,22.7,33.4,32.3,31.6,0.30717,-0.813384,0.230189,-0.386191,0.02191,-0.408101,21.0,13428000000.0,0.6444,23.320608,-0.500552,0.312832,0.679803,,,,,
ID,1999,278.0,83.9,99.5,53.0,194.1,22.9,30.2,56.1,29.8,0.301799,-0.838748,0.190647,-0.276705,0.632627,-0.909332,21.0,13975000000.0,0.642433,23.360536,-0.510229,0.328518,0.687766,,,,,
ID,2000,276.0,88.3,117.6,67.0,187.7,16.3,43.5,46.7,19.5,0.319928,-0.754105,0.242754,-0.981596,0.87333,-1.854926,21.0,13534000000.0,0.631668,23.328471,-0.42705,0.327055,0.712611,,,,,
ID,2001,259.0,73.7,84.9,50.0,185.3,18.0,31.9,41.0,17.1,0.284556,-0.921973,0.19305,-0.572234,0.874494,-1.446728,21.0,14078000000.0,0.630061,23.367879,-0.647196,0.274778,0.60963,,,,,
ID,2002,264.0,69.8,84.9,53.0,194.2,24.5,24.4,59.5,25.6,0.264394,-1.023255,0.200758,0.00409,0.843384,-0.839294,21.0,14167000000.0,0.622574,23.374181,-0.707866,0.315388,0.622449,,,,,
ID,2003,293.0,85.0,100.7,64.0,208.0,18.4,35.2,40.6,37.8,0.290102,-0.894887,0.21843,-0.648695,0.071459,-0.720154,21.0,14290000000.0,0.622743,23.382826,-0.519494,0.375393,0.718028,,,,,
ID,2004,260.0,76.4,87.8,61.0,183.6,12.6,46.4,34.4,26.6,0.293846,-0.876777,0.234615,-1.303603,0.257145,-1.560748,21.0,14729000000.0,0.609206,23.413084,-0.656421,0.220356,0.568278,,,,,
ID,2005,275.0,82.9,87.1,58.0,192.1,13.8,45.7,40.2,23.3,0.301455,-0.840381,0.210909,-1.19743,0.545414,-1.742843,21.0,14866000000.0,0.601036,23.422343,-0.584027,0.256354,0.615109,,,,,
ID,2006,267.0,85.5,101.1,77.0,181.5,14.9,51.6,43.1,24.4,0.320225,-0.752739,0.28839,-1.24216,0.56894,-1.8111,21.0,15198000000.0,0.600342,23.44443,-0.575233,0.177507,0.5635,,,,,
ID,2007,252.0,72.6,90.5,59.0,179.4,13.4,35.0,40.6,26.0,0.288095,-0.904653,0.234127,-0.960093,0.445672,-1.405765,21.0,15782000000.0,0.603155,23.482136,-0.77649,0.128163,0.467974,,,,,
ID,2008,232.0,78.0,92.7,53.0,154.0,20.0,37.8,34.0,25.2,0.336207,-0.680244,0.228448,-0.636577,0.299517,-0.936093,21.0,15251000000.0,0.597928,23.447911,-0.670521,0.009722,0.419507,,,,,
ID,2009,226.0,59.8,66.1,43.0,166.2,16.9,17.6,37.1,17.4,0.264602,-1.022186,0.190265,-0.040585,0.757147,-0.797732,21.0,15531000000.0,0.609298,23.466104,-0.954417,0.067769,0.375112,,,,,
ID,2010,209.0,71.6,82.3,40.0,137.4,19.2,24.1,29.8,15.9,0.342584,-0.651801,0.191388,-0.227302,0.628189,-0.855491,21.0,15801206278.33,0.584238,23.483352,-0.791576,-0.139775,0.279663,,,,,
ID,2011,167.0,50.2,55.2,45.0,116.8,11.7,26.2,30.3,15.8,0.300599,-0.844448,0.269461,-0.806171,0.651138,-1.457308,21.0,15936599320.66,0.581499,23.491884,-1.155188,-0.31074,0.04679,,,,,
ID,2012,184.0,52.4,58.3,45.0,131.6,13.7,26.8,40.3,16.2,0.284783,-0.92086,0.244565,-0.671006,0.91134,-1.582346,21.0,16314571640.46,0.583035,23.515325,-1.135737,-0.214877,0.120292,,,,,
ID,2013,214.0,57.8,74.0,54.0,156.2,14.1,20.6,37.9,29.4,0.270093,-0.994148,0.252336,-0.379116,0.253956,-0.633073,21.0,15980106372.39,0.58144,23.49461,-1.016941,-0.022792,0.292046,,,,,
ID,2014,186.0,53.3,60.2,44.0,132.7,10.2,21.7,25.8,20.3,0.286559,-0.912155,0.236559,-0.754925,0.239754,-0.994678,21.0,16154040016.2,0.58126,23.505436,-1.108819,-0.196664,0.140991,,,,,
ID,2015,216.0,69.6,79.9,40.0,146.4,10.0,28.9,31.0,23.1,0.322222,-0.743578,0.185185,-1.061257,0.294155,-1.355411,21.0,16661949707.2,0.572409,23.536393,-0.872948,-0.12937,0.259566,,,,,
ID,2016,253.0,75.5,82.7,63.0,177.5,18.6,37.6,47.4,34.4,0.298419,-0.854838,0.249012,-0.703842,0.320566,-1.024408,21.0,17198715356.79,0.576035,23.568101,-0.823287,0.031551,0.38597,,,,,
ID,2017,245.0,63.8,78.5,46.0,181.2,14.5,25.0,43.5,28.0,0.260408,-1.043848,0.187755,-0.544727,0.440556,-0.985284,21.0,17300371938.2,0.575519,23.573994,-0.99756,0.046288,0.347945,,,,,
ID,2018,234.0,56.2,65.0,43.0,177.8,7.3,26.6,37.7,41.4,0.240171,-1.151743,0.183761,-1.293037,-0.093621,-1.199416,21.0,17709145774.0,0.574864,23.597347,-1.14775,0.003993,0.278655,,,,,
ID,2019,224.0,68.9,82.1,33.0,155.1,18.0,24.6,44.0,10.4,0.307589,-0.811414,0.147321,-0.312375,1.442384,-1.754759,21.0,18057661576.0,0.559823,23.616836,-0.963499,-0.152085,0.215491,,,,,
ID,2020,214.0,61.2,75.3,34.0,152.8,13.1,29.1,35.9,25.9,0.285981,-0.914983,0.158879,-0.798126,0.326494,-1.12462,21.0,17406417620.0,0.575515,23.580105,-1.045277,-0.130294,0.206552,,,,,
ID,2021,273.0,85.5,91.3,47.0,187.5,17.4,32.9,42.6,24.1,0.313187,-0.785262,0.172161,-0.637002,0.569642,-1.206645,21.0,19308170100.0,0.581341,23.683794,-0.814597,-0.029335,0.346358,,,,,
ID,2022,215.0,68.6,77.8,37.0,146.4,22.3,23.7,36.7,24.3,0.31907,-0.75805,0.172093,-0.060888,0.4123,-0.473189,21.0,19157403860.0,0.577701,23.675955,-1.026982,-0.268932,0.115364,,,,,
ID,2023,275.0,62.1,75.1,46.0,212.9,11.4,19.5,40.6,23.5,0.225818,-1.232077,0.167273,-0.536801,0.546768,-1.083569,21.0,19718292060.0,0.581026,23.704813,-1.155386,0.076691,0.332639,,,,,
ID,2024,238.0,71.5,90.1,40.0,166.5,15.7,30.8,24.3,30.2,0.30042,-0.845298,0.168067,-0.673854,-0.217366,-0.456488,21.0,20046412920.0,0.567904,23.721316,-1.030938,-0.18564,0.171635,,,,,
IL,1982,1651.0,789.2,919.0,517.0,861.8,150.1,499.5,214.9,219.5,0.478013,-0.088003,0.313144,-1.202306,-0.021179,-1.181126,21.0,65835000000.0,0.330432,24.910417,0.181283,0.269287,0.9194,,,,,
IL,1983,1526.0,749.2,841.1,434.0,776.8,129.3,444.5,178.7,162.5,0.490957,-0.036177,0.284404,-1.234815,0.09503,-1.329845,21.0,67370000000.0,0.319133,24.933466,0.106221,0.142398,0.81762,0.0,0.0,0.0,0.0,9.486456
IL,1984,1547.0,696.9,804.0,465.0,850.1,104.3,414.8,197.7,205.2,0.450485,-0.198712,0.300582,-1.380525,-0.037234,-1.343291,21.0,69910000000.0,0.317637,24.970475,-0.003152,0.19556,0.794279,0.0,0.0,0.0,0.0,9.58514
IL,1985,1534.0,645.5,743.4,400.0,888.5,131.1,371.8,224.9,165.2,0.420795,-0.319509,0.260756,-1.042396,0.308499,-1.350895,21.0,70844000000.0,0.314522,24.983746,-0.09304,0.226469,0.772569,0.0,0.0,0.0,0.0,9.637045
IL,1986,1596.0,674.0,789.9,445.0,922.0,112.9,417.8,188.1,227.2,0.422306,-0.313315,0.278822,-1.3085,-0.188857,-1.119643,21.0,74144000000.0,0.314172,25.029275,-0.095364,0.217951,0.766662,0.0,1.0,0.0,0.0,9.686947
IL,1987,1654.0,667.2,761.1,447.0,986.8,96.0,394.3,205.0,234.7,0.403386,-0.391378,0.270254,-1.412764,-0.135298,-1.277466,21.0,75756000000.0,0.313757,25.050783,-0.127013,0.264365,0.780849,0.0,1.0,1.0,0.0,9.744843
IL,1988,1837.0,746.0,862.8,488.0,1091.0,130.7,456.4,262.3,201.6,0.406097,-0.380124,0.265651,-1.250465,0.263203,-1.513668,21.0,78483000000.0,0.313928,25.086148,-0.050742,0.329383,0.850422,0.0,1.0,1.0,0.0,9.809836
IL,1989,1748.0,704.1,819.9,478.0,1043.9,120.5,415.6,262.5,234.4,0.402803,-0.393799,0.273455,-1.238074,0.113222,-1.351296,21.0,81297000000.0,0.313394,25.121375,-0.143774,0.250025,0.765533,0.0,1.0,1.0,0.0,9.874419
IL,1990,1589.0,635.4,750.1,398.0,953.6,106.9,373.1,207.1,193.9,0.399874,-0.40599,0.250472,-1.249953,0.065859,-1.315812,21.0,83334000000.0,0.313665,25.146122,-0.271187,0.134803,0.645418,0.0,1.0,1.0,0.0,9.927887
IL,1991,1448.0,581.5,681.5,395.0,866.5,90.9,351.2,202.1,171.8,0.401588,-0.398851,0.27279,-1.351596,0.162432,-1.514027,21.0,85430000000.0,0.315217,25.170963,-0.384671,0.01418,0.527656,0.0,1.0,1.0,0.0,9.950657
IL,1992,1384.0,512.8,607.3,371.0,871.2,80.0,314.3,182.0,183.7,0.37052,-0.529986,0.268064,-1.368321,-0.009297,-1.359024,21.0,87642000000.0,0.32238,25.196526,-0.53596,-0.005974,0.456888,0.0,1.0,1.0,0.0,10.008253
IL,1993,1392.0,497.0,573.5,357.0,895.0,81.0,306.3,213.0,168.7,0.35704,-0.588234,0.256466,-1.330116,0.23317,-1.563286,21.0,89693000000.0,0.288807,25.219659,-0.590388,-0.002154,0.439519,0.0,1.0,1.0,0.0,10.038674
IL,1994,1554.0,552.7,634.2,396.0,1001.3,84.8,344.6,227.2,196.4,0.355663,-0.594239,0.254826,-1.402089,0.145677,-1.547766,21.0,92316000000.0,0.291835,25.248483,-0.512987,0.081252,0.520785,0.0,1.0,1.0,0.0,10.083974
IL,1995,1586.0,549.2,632.0,399.0,1036.8,83.2,328.9,233.8,189.1,0.34628,-0.635432,0.251576,-1.374506,0.21219,-1.586696,21.0,94189000000.0,0.294249,25.268569,-0.539426,0.096006,0.521082,0.0,1.0,1.0,0.0,10.132017
IL,1996,1477.0,533.8,618.4,372.0,943.2,71.3,325.2,207.7,214.8,0.361408,-0.569257,0.251862,-1.517544,-0.033613,-1.483931,21.0,96385000000.0,0.292732,25.291616,-0.590914,-0.021657,0.426833,0.0,1.0,1.0,0.0,10.180854
IL,1997,1397.0,453.9,540.4,357.0,943.1,69.2,287.8,221.8,199.2,0.324911,-0.731295,0.255548,-1.425265,0.107467,-1.532732,21.0,99319000000.0,0.297778,25.321603,-0.783045,-0.05175,0.34116,0.0,1.0,1.0,1.0,10.228754
IL,1998,1393.0,475.5,562.1,351.0,917.5,66.8,306.2,176.2,196.8,0.34135,-0.657286,0.251974,-1.522535,-0.110568,-1.411967,21.0,101273000000.0,0.302934,25.341086,-0.756038,-0.098752,0.31881,,,,,
IL,1999,1456.0,487.6,589.8,368.0,968.4,64.5,313.1,232.5,203.9,0.33489,-0.68615,0.252747,-1.579857,0.131261,-1.711118,21.0,102397000000.0,0.305126,25.352123,-0.741947,-0.055797,0.352006,,,,,
IL,2000,1418.0,488.4,575.0,357.0,929.6,73.4,284.9,186.6,179.1,0.344429,-0.64362,0.251763,-1.356214,0.041023,-1.397237,21.0,102866000000.0,0.304299,25.356693,-0.744878,-0.101258,0.32099,,,,,
IL,2001,1414.0,486.5,563.9,337.0,927.5,74.9,295.4,187.1,169.6,0.344059,-0.645256,0.238331,-1.372176,0.098201,-1.470377,21.0,103038000000.0,0.29856,25.358364,-0.750446,-0.10519,0.316495,,,,,
IL,2002,1420.0,502.3,596.0,373.0,917.7,58.6,327.8,223.4,190.2,0.353732,-0.602673,0.262676,-1.721669,0.160888,-1.882557,21.0,105401000000.0,0.295215,25.381038,-0.74116,-0.138487,0.298055,,,,,
IL,2003,1454.0,488.7,580.4,362.0,965.3,82.3,297.1,217.7,184.9,0.336107,-0.68069,0.248968,-1.283698,0.163303,-1.447001,21.0,106536000000.0,0.299748,25.391749,-0.779319,-0.098629,0.311006,,,,,
IL,2004,1355.0,475.0,561.1,355.0,880.0,59.8,314.8,191.2,182.2,0.350554,-0.616607,0.261993,-1.660932,0.048215,-1.709147,21.0,109135000000.0,0.289989,25.415851,-0.831856,-0.215249,0.216386,,,,,
IL,2005,1363.0,458.1,553.1,343.0,904.9,63.4,284.2,205.6,188.8,0.336097,-0.680737,0.251651,-1.500214,0.085244,-1.585459,21.0,107706000000.0,0.282092,25.402671,-0.854903,-0.174166,0.235453,,,,,
IL,2006,1254.0,445.5,549.3,365.0,808.5,62.8,271.0,177.2,188.0,0.355263,-0.595983,0.291069,-1.462164,-0.059163,-1.403001,21.0,106869000000.0,0.264436,25.39487,-0.874992,-0.279008,0.159905,,,,,
IL,2007,1248.0,439.2,514.3,343.0,808.8,66.2,272.0,170.8,177.0,0.351923,-0.610597,0.27484,-1.413122,-0.035656,-1.377465,21.0,107483000000.0,0.262051,25.400599,-0.894963,-0.284366,0.14938,,,,,
IL,2008,1043.0,355.7,426.7,291.0,687.3,47.4,219.2,136.6,150.8,0.341035,-0.658683,0.279003,-1.531362,-0.098898,-1.432465,21.0,106079000000.0,0.257412,25.38745,-1.092682,-0.433998,-0.016913,,,,,
IL,2009,911.0,312.8,379.9,221.0,598.2,33.8,204.4,120.2,102.6,0.343359,-0.648361,0.242591,-1.799618,0.158319,-1.957937,21.0,105846000000.0,0.255853,25.385251,-1.219006,-0.570645,-0.150027,,,,,
IL,2010,927.0,292.4,367.1,226.0,634.6,43.6,177.4,162.4,116.6,0.315426,-0.774872,0.243797,-1.40335,0.331313,-1.734663,21.0,105787852446.45,0.253592,25.384702,-1.285898,-0.511026,-0.132067,,,,,
IL,2011,918.0,278.4,321.9,226.0,639.6,48.3,163.1,158.7,114.9,0.303268,-0.831784,0.246187,-1.216932,0.322953,-1.539885,21.0,103234016884.05,0.255783,25.360264,-1.310525,-0.478741,-0.117386,,,,,
IL,2012,956.0,321.9,389.6,238.0,634.1,43.6,184.7,156.4,119.3,0.336715,-0.677966,0.248954,-1.443676,0.270775,-1.714451,21.0,104578407000.36,0.252359,25.373203,-1.178281,-0.500316,-0.089764,,,,,
IL,2013,991.0,329.6,396.3,273.0,661.4,44.8,215.5,120.2,140.5,0.332593,-0.696479,0.275479,-1.570753,-0.15605,-1.414702,21.0,105297104106.45,0.24083,25.380052,-1.161491,-0.465012,-0.060656,,,,,
IL,2014,924.0,303.2,355.4,232.0,620.8,50.9,164.5,145.1,131.5,0.328139,-0.716616,0.251082,-1.173048,0.098416,-1.271464,21.0,104905506395.85,0.235485,25.376326,-1.241252,-0.524636,-0.126933,,,,,
IL,2015,998.0,307.3,363.1,225.0,690.7,51.7,163.8,150.3,139.2,0.307916,-0.809881,0.225451,-1.153188,0.076722,-1.22991,21.0,105223406019.75,0.237879,25.379352,-1.230846,-0.420965,-0.052918,,,,,
IL,2016,1078.0,336.4,396.6,233.0,741.6,52.2,187.7,153.8,135.3,0.312059,-0.790509,0.216141,-1.279762,0.128159,-1.407921,21.0,107314102714.04,0.238031,25.399026,-1.160044,-0.369535,0.004518,,,,,
IL,2017,1090.0,357.1,423.2,231.0,732.9,61.3,193.1,173.7,141.9,0.327615,-0.718993,0.211927,-1.147428,0.202207,-1.349635,21.0,108011255298.7,0.238617,25.405501,-1.106805,-0.387811,0.009112,,,,,
IL,2018,1035.0,325.0,389.7,238.0,710.0,65.2,174.3,172.8,157.7,0.31401,-0.78144,0.229952,-0.983318,0.09144,-1.074759,21.0,107954253923.0,0.237623,25.404973,-1.200467,-0.419028,-0.042136,,,,,
IL,2019,1009.0,311.3,363.2,232.0,697.7,57.6,155.2,134.4,132.8,0.308523,-0.807032,0.229931,-0.991192,0.011976,-1.003168,21.0,107524644466.35,0.235998,25.400986,-1.239548,-0.432516,-0.06359,,,,,
IL,2020,1193.0,383.1,448.5,302.0,809.9,77.4,203.9,187.6,197.1,0.321123,-0.748615,0.253143,-0.968643,-0.049399,-0.919244,21.0,94120597360.0,0.24783,25.267843,-0.898866,-0.150251,0.237064,,,,,
IL,2021,1334.0,457.6,545.8,310.0,876.4,78.4,250.5,213.6,206.5,0.343028,-0.649827,0.232384,-1.161635,0.033805,-1.19544,21.0,97529583000.0,0.221489,25.303422,-0.756745,-0.106918,0.313196,,,,,
IL,2022,1268.0,422.3,492.6,313.0,845.7,75.1,235.8,179.9,177.2,0.333044,-0.694449,0.246845,-1.144163,0.015122,-1.159286,21.0,103752186890.0,0.241156,25.365271,-0.898874,-0.204426,0.200606,,,,,
IL,2023,1241.0,402.4,459.9,287.0,838.6,87.0,203.0,188.0,196.0,0.324255,-0.734287,0.231265,-0.847298,-0.041673,-0.805625,21.0,102870785180.0,0.241377,25.35674,-0.938612,-0.204325,0.187614,,,,,
IL,2024,1177.0,338.1,403.9,278.0,838.9,54.8,182.3,201.2,188.7,0.287256,-0.90875,0.236194,-1.201963,0.064141,-1.266104,21.0,104290170980.0,0.239094,25.370443,-1.126421,-0.217671,0.120962,,,,,
IN,1982,961.0,410.7,478.4,286.0,550.3,86.9,240.4,122.1,143.6,0.427367,-0.292601,0.297607,-1.017546,-0.162191,-0.855355,21.0,39203000000.0,0.507359,24.392019,0.046525,0.339125,0.896636,,,,,
IN,1983,1016.0,429.6,483.1,264.0,586.4,78.3,263.3,137.7,116.7,0.422835,-0.311148,0.259843,-1.212746,0.165471,-1.378217,21.0,39837000000.0,0.507669,24.408062,0.075473,0.386621,0.936247,0.0,0.0,0.0,0.0,9.305741
IN,1984,925.0,389.8,447.2,252.0,535.2,65.0,221.6,131.0,109.4,0.421405,-0.317007,0.272432,-1.226487,0.180186,-1.406673,21.0,41074000000.0,0.511759,24.438641,-0.052327,0.26468,0.811833,0.0,0.0,0.0,0.0,9.409109
IN,1985,974.0,354.9,419.5,219.0,619.1,68.8,197.0,161.2,124.0,0.364374,-0.556431,0.224846,-1.052,0.262364,-1.314364,21.0,40782000000.0,0.513903,24.431507,-0.13899,0.417441,0.870585,0.0,0.0,0.0,0.0,9.460632
IN,1986,1038.0,429.2,511.6,266.0,608.8,83.4,248.3,165.6,98.7,0.413487,-0.349567,0.256262,-1.090989,0.51749,-1.60848,21.0,40780000000.0,0.514566,24.431458,0.051146,0.400713,0.934274,0.0,0.0,0.0,0.0,9.511407
IN,1987,1055.0,361.1,438.4,265.0,693.9,61.3,215.8,170.7,133.2,0.342275,-0.653173,0.251185,-1.258572,0.248056,-1.506628,21.0,43643000000.0,0.496231,24.499309,-0.189473,0.4637,0.882668,0.0,1.0,1.0,0.0,9.569692
IN,1988,1099.0,432.7,503.0,253.0,666.3,77.7,252.5,140.3,126.5,0.393722,-0.431695,0.230209,-1.178556,0.103541,-1.282097,21.0,51124000000.0,0.557703,24.65752,-0.166795,0.264901,0.765317,0.0,1.0,1.0,0.0,9.631088
IN,1989,971.0,363.8,424.1,201.0,607.2,67.1,210.0,137.9,86.0,0.374665,-0.512254,0.207003,-1.140923,0.472181,-1.613105,21.0,56192000000.0,0.571078,24.75204,-0.434755,0.077499,0.546967,0.0,1.0,1.0,0.0,9.698675
IN,1990,1049.0,401.4,453.7,252.0,647.6,77.7,230.5,136.3,113.5,0.38265,-0.478315,0.240229,-1.087396,0.183056,-1.270451,21.0,53697000000.0,0.547349,24.706623,-0.290984,0.187331,0.66965,0.0,1.0,1.0,0.0,9.750744
IN,1991,1022.0,413.5,466.6,258.0,608.5,93.8,224.0,132.2,105.0,0.404599,-0.386339,0.252446,-0.870481,0.230356,-1.100837,21.0,54266000000.0,0.543582,24.717164,-0.271825,0.114514,0.633034,0.0,1.0,1.0,0.0,9.777017
IN,1992,901.0,288.6,356.4,185.0,612.4,53.0,153.3,136.0,108.7,0.320311,-0.752344,0.205327,-1.062105,0.224063,-1.286168,21.0,57072000000.0,0.512546,24.767579,-0.681857,0.070487,0.456607,0.0,1.0,1.0,0.0,9.839642
IN,1993,901.0,265.6,326.5,171.0,635.4,45.1,152.1,127.9,84.9,0.294784,-0.872263,0.189789,-1.215656,0.409775,-1.625431,21.0,60461000000.0,0.506574,24.825264,-0.822592,0.049671,0.398922,0.0,1.0,1.0,0.0,9.885782
IN,1994,971.0,289.8,336.4,209.0,681.2,49.0,159.6,169.0,98.4,0.298455,-0.854665,0.215242,-1.18085,0.540858,-1.721708,21.0,61136000000.0,0.513413,24.836367,-0.746495,0.10817,0.46264,0.0,1.0,1.0,0.0,9.93953
IN,1995,960.0,281.7,329.7,197.0,678.3,65.8,154.1,157.2,107.9,0.293437,-0.878747,0.205208,-0.850982,0.376314,-1.227296,21.0,64552000000.0,0.512564,24.890737,-0.829214,0.049533,0.396877,0.0,1.0,1.0,0.0,9.972407
IN,1996,984.0,270.1,323.7,202.0,713.9,53.7,144.2,157.3,131.8,0.274492,-0.971951,0.205285,-0.987788,0.176869,-1.164657,21.0,66220000000.0,0.515554,24.916248,-0.896775,0.075175,0.396058,0.0,1.0,1.0,0.0,10.009378
IN,1997,935.0,273.3,306.2,213.0,661.7,44.6,156.4,131.4,116.6,0.292299,-0.884242,0.227807,-1.254683,0.119497,-1.37418,21.0,68633000000.0,0.503154,24.952039,-0.920788,-0.036546,0.309188,0.0,1.0,1.0,0.0,10.051994
IN,1998,982.0,322.1,379.2,223.0,659.9,73.3,156.4,164.7,105.6,0.328004,-0.717226,0.227088,-0.757856,0.444467,-1.202323,21.0,69129000000.0,0.509381,24.95924,-0.763697,-0.046471,0.351032,,,,,
IN,1999,1020.0,300.3,361.9,209.0,719.7,45.3,161.7,157.7,117.3,0.294412,-0.874052,0.204902,-1.272436,0.29596,-1.568395,21.0,70040000000.0,0.513507,24.972332,-0.84687,0.027183,0.375906,,,,,
IN,2000,886.0,230.3,287.0,171.0,655.7,41.2,129.0,144.8,115.0,0.259932,-1.046321,0.193002,-1.141374,0.230421,-1.371795,21.0,70862000000.0,0.507578,24.984,-1.123937,-0.077616,0.223398,,,,,
IN,2001,909.0,249.1,304.6,170.0,659.9,42.9,125.6,131.1,100.4,0.274037,-0.974234,0.187019,-1.07423,0.266798,-1.341029,21.0,71802000000.0,0.510209,24.997178,-1.058643,-0.084409,0.235848,,,,,
IN,2002,792.0,208.7,253.5,155.0,583.3,38.2,114.6,114.8,103.4,0.26351,-1.027804,0.195707,-1.098612,0.104587,-1.203199,21.0,72523000000.0,0.506074,25.00717,-1.245591,-0.217787,0.088073,,,,,
IN,2003,833.0,204.2,241.7,153.0,628.8,49.2,99.2,136.8,112.8,0.245138,-1.124713,0.183673,-0.701244,0.192904,-0.894148,21.0,72511000000.0,0.510736,25.007004,-1.267223,-0.14251,0.13871,,,,,
IN,2004,947.0,240.7,281.1,221.0,706.3,38.2,136.2,179.8,122.8,0.254171,-1.076489,0.233369,-1.271289,0.381288,-1.652577,21.0,72791000000.0,0.515902,25.010858,-1.106626,-0.030137,0.263122,,,,,
IN,2005,938.0,255.9,306.2,195.0,682.1,52.8,131.3,148.2,127.7,0.272814,-0.98039,0.207889,-0.910974,0.148879,-1.059853,21.0,71799000000.0,0.516135,24.997136,-1.031669,-0.051279,0.267294,,,,,
IN,2006,902.0,246.1,292.3,228.0,655.9,38.9,145.7,146.1,145.3,0.272838,-0.98027,0.252772,-1.320555,0.005491,-1.326046,21.0,71215000000.0,0.514442,24.988969,-1.062551,-0.08228,0.236326,,,,,
IN,2007,898.0,224.2,261.4,203.0,673.8,31.0,138.0,150.0,113.0,0.249666,-1.100395,0.226058,-1.493266,0.283247,-1.776514,21.0,72780000000.0,0.44166,25.010707,-1.177488,-0.077093,0.210144,,,,,
IN,2008,820.0,205.7,247.9,194.0,614.3,38.2,116.1,140.8,111.9,0.250854,-1.094065,0.236585,-1.111616,0.229735,-1.341351,21.0,73992000000.0,0.397394,25.027223,-1.280123,-0.186059,0.102762,,,,,
IN,2009,693.0,206.9,248.1,182.0,486.1,35.4,125.9,101.6,92.1,0.298557,-0.854179,0.262626,-1.268776,0.098169,-1.366945,21.0,76628000000.0,0.372892,25.062228,-1.309312,-0.455133,-0.100518,,,,,
IN,2010,754.0,194.4,220.7,162.0,559.6,31.8,112.7,131.2,88.3,0.257825,-1.057304,0.214854,-1.265263,0.395983,-1.661246,21.0,75760509840.91,0.374369,25.050843,-1.360244,-0.30294,-0.00477,,,,,
IN,2011,751.0,206.6,242.1,148.0,544.4,37.0,114.0,135.0,87.0,0.2751,-0.9689,0.197071,-1.125281,0.439367,-1.564647,21.0,76485230880.23001,0.376407,25.060363,-1.308898,-0.339998,-0.018277,,,,,
IN,2012,781.0,231.9,264.2,179.0,549.1,44.0,125.7,145.0,85.3,0.296927,-0.861974,0.229193,-1.049708,0.530559,-1.580268,21.0,78922579990.61,0.372946,25.091733,-1.224746,-0.362772,-0.010477,,,,,
IN,2013,784.0,199.5,244.6,184.0,584.5,29.5,113.5,128.5,107.5,0.254464,-1.074943,0.234694,-1.347413,0.178438,-1.525851,21.0,78311294406.28,0.372454,25.083958,-1.367463,-0.29252,0.001132,,,,,
IN,2014,745.0,160.4,188.9,179.0,584.6,33.3,84.6,134.7,124.4,0.215302,-1.293257,0.240268,-0.932377,0.079548,-1.011925,21.0,79203629503.28,0.369569,25.095288,-1.596937,-0.303679,-0.061223,,,,,
IN,2015,821.0,177.8,211.4,183.0,643.2,41.6,88.6,145.4,141.4,0.216565,-1.285796,0.222899,-0.756032,0.027896,-0.783928,21.0,78818672611.07,0.35807,25.090416,-1.489076,-0.203279,0.040788,,,,,
IN,2016,829.0,211.5,241.8,177.0,617.5,44.8,102.8,141.2,126.2,0.255127,-1.071454,0.21351,-0.830577,0.112309,-0.942887,21.0,83182775677.44,0.390774,25.144306,-1.3694,-0.297946,-0.003405,,,,,
IN,2017,916.0,259.2,302.9,177.0,656.8,50.7,116.3,145.3,126.7,0.282969,-0.92978,0.193231,-0.830247,0.136978,-0.967226,21.0,81751856767.94,0.358506,25.126954,-1.148674,-0.218894,0.113743,,,,,
IN,2018,860.0,214.0,256.8,181.0,646.0,51.0,100.6,140.0,143.4,0.248837,-1.104823,0.210465,-0.679327,-0.023996,-0.655331,21.0,81528811802.17,0.364182,25.124222,-1.337566,-0.232742,0.053391,,,,,
IN,2019,810.0,199.8,227.1,165.0,610.2,43.9,92.8,154.1,114.2,0.246667,-1.11647,0.203704,-0.748532,0.29965,-1.048183,21.0,82719122994.12,0.363955,25.138717,-1.420719,-0.304249,-0.021002,,,,,
IN,2020,897.0,249.9,281.8,204.0,647.1,52.4,105.6,165.6,131.4,0.278595,-0.95144,0.227425,-0.700752,0.231329,-0.932081,21.0,76607740490.0,0.361989,25.061964,-1.120222,-0.168782,0.157773,,,,,
IN,2021,932.0,234.6,284.0,202.0,697.4,49.6,116.1,151.4,154.9,0.251717,-1.089477,0.216738,-0.850461,-0.022854,-0.827607,21.0,78640396050.0,0.370141,25.088151,-1.209589,-0.120111,0.169862,,,,,
IN,2022,976.0,285.4,339.2,206.0,690.6,71.0,128.2,141.0,143.8,0.292418,-0.883669,0.211066,-0.590912,-0.019664,-0.571248,21.0,95684405760.0,0.577601,25.284321,-1.209749,-0.32608,0.019822,,,,,
IN,2023,904.0,248.2,295.7,193.0,655.8,54.5,115.7,148.5,135.3,0.274558,-0.971621,0.213496,-0.7528,0.09309,-0.84589,21.0,85209180570.0,0.385009,25.168375,-1.233459,-0.261838,0.059135,,,,,
IN,2024,832.0,209.2,249.1,153.0,622.8,42.9,112.0,133.1,114.0,0.251442,-1.090935,0.183894,-0.959627,0.154902,-1.114529,21.0,88230758260.0,0.385368,25.203221,-1.43925,-0.348315,-0.058708,,,,,
KS,1982,498.0,216.8,241.8,125.0,281.2,40.4,118.8,56.6,47.2,0.435341,-0.260091,0.251004,-1.078612,0.181615,-1.260227,21.0,17658000000.0,0.574301,23.594455,0.205201,0.465292,1.036826,,,,,
KS,1983,411.0,175.3,204.0,96.0,235.7,30.6,100.6,50.4,37.4,0.426521,-0.296061,0.233577,-1.190152,0.29832,-1.488473,21.0,18153000000.0,0.562276,23.622102,-0.034922,0.261139,0.817172,0.0,0.0,0.0,0.0,9.415157
KS,1984,510.0,204.4,239.3,135.0,305.6,34.4,123.2,69.6,50.8,0.400784,-0.402198,0.264706,-1.275752,0.314868,-1.590621,21.0,18717000000.0,0.567292,23.652698,0.088062,0.49026,1.002393,0.0,0.0,0.0,0.0,9.504576
KS,1985,486.0,184.1,206.1,113.0,301.9,37.2,106.1,67.8,50.9,0.378807,-0.494617,0.23251,-1.048073,0.286699,-1.334773,21.0,19275000000.0,0.561505,23.682075,-0.045915,0.448702,0.924815,0.0,0.0,0.0,0.0,9.555418
KS,1986,500.0,225.6,265.8,120.0,274.4,41.3,115.6,87.7,51.4,0.4512,-0.195823,0.24,-1.029273,0.534284,-1.563557,21.0,19821000000.0,0.559962,23.710008,0.129436,0.32526,0.925281,0.0,1.0,0.0,0.0,9.595807
KS,1987,491.0,198.1,242.1,131.0,292.9,34.9,116.1,72.1,56.9,0.403462,-0.391059,0.266802,-1.201965,0.236759,-1.438724,21.0,20561000000.0,0.559117,23.746662,-0.037209,0.35385,0.870463,0.0,1.0,1.0,0.0,9.637371
KS,1988,483.0,186.8,215.6,131.0,296.2,41.1,111.0,75.9,56.0,0.386749,-0.460996,0.271222,-0.993522,0.304065,-1.297587,21.0,21161000000.0,0.566892,23.775426,-0.124706,0.33629,0.825272,0.0,1.0,1.0,0.0,9.682841
KS,1989,428.0,153.6,182.9,112.0,274.4,29.0,84.6,53.0,62.4,0.358879,-0.580235,0.261682,-1.070638,-0.163273,-0.907365,21.0,21913000000.0,0.564231,23.810346,-0.355313,0.224922,0.669458,0.0,1.0,1.0,0.0,9.729253
KS,1990,444.0,190.5,216.4,101.0,253.5,30.7,102.6,51.3,40.4,0.429054,-0.285712,0.227477,-1.206575,0.238861,-1.445436,21.0,22849000000.0,0.549915,23.852173,-0.18184,0.103871,0.664332,0.0,1.0,1.0,0.0,9.794788
KS,1991,409.0,160.2,183.9,108.0,248.8,32.9,81.0,53.1,25.0,0.391687,-0.440226,0.264059,-0.900976,0.753301,-1.654278,21.0,23186000000.0,0.551755,23.866814,-0.369711,0.070516,0.567581,0.0,1.0,1.0,0.0,9.825093
KS,1992,387.0,130.4,154.0,87.0,256.6,20.7,76.8,60.3,38.2,0.336951,-0.676912,0.224806,-1.311071,0.456497,-1.767568,21.0,24163000000.0,0.53346,23.908088,-0.616801,0.060111,0.471017,0.0,1.0,1.0,0.0,9.875448
KS,1993,428.0,122.0,145.0,89.0,306.0,28.5,67.1,77.5,40.9,0.285047,-0.919564,0.207944,-0.85628,0.639148,-1.495428,21.0,24115000000.0,0.532739,23.9061,-0.681398,0.238166,0.573704,0.0,1.0,1.0,1.0,9.905885
KS,1994,442.0,140.5,162.9,101.0,301.5,25.9,69.7,61.1,59.3,0.317873,-0.763563,0.228507,-0.989957,0.029903,-1.01986,21.0,24678000000.0,0.541332,23.929178,-0.56329,0.200273,0.582813,0.0,1.0,1.0,1.0,9.934889
KS,1995,442.0,157.7,177.6,114.0,284.3,31.0,88.0,65.0,49.0,0.356787,-0.589336,0.257919,-1.04335,0.282567,-1.325917,21.0,25153000000.0,0.541208,23.948243,-0.466868,0.122468,0.563748,0.0,1.0,1.0,1.0,9.974924
KS,1996,490.0,157.1,197.0,117.0,332.9,27.1,84.4,92.9,46.6,0.320612,-0.75096,0.238776,-1.136034,0.689923,-1.825957,21.0,25942000000.0,0.541169,23.979129,-0.501566,0.249394,0.635957,0.0,1.0,1.0,1.0,10.030429
KS,1997,482.0,124.7,143.4,87.0,357.3,19.5,69.7,72.5,46.3,0.258714,-1.052665,0.180498,-1.273786,0.448445,-1.72223,21.0,26524000000.0,0.52609,24.001316,-0.754724,0.297941,0.597309,0.0,1.0,1.0,1.0,10.084642
KS,1998,492.0,130.0,154.3,102.0,362.0,21.9,75.1,82.1,46.9,0.264228,-1.02411,0.207317,-1.232334,0.55992,-1.792254,21.0,27095000000.0,0.525337,24.022615,-0.7344,0.28971,0.596544,,,,,
KS,1999,540.0,153.1,183.9,108.0,386.9,28.1,88.5,92.9,66.5,0.283519,-0.927075,0.2,-1.147233,0.334322,-1.481555,21.0,27699000000.0,0.526301,24.044662,-0.59289,0.334185,0.667588,,,,,
KS,2000,461.0,135.4,159.7,81.0,325.6,22.2,69.1,75.8,61.9,0.293709,-0.877436,0.175705,-1.135462,0.202578,-1.338041,21.0,28130000000.0,0.528084,24.060102,-0.731188,0.146248,0.493976,,,,,
KS,2001,494.0,157.7,183.3,125.0,336.3,29.8,99.1,66.2,59.9,0.319231,-0.757309,0.253036,-1.201621,0.100004,-1.301625,21.0,28155000000.0,0.524454,24.060991,-0.579616,0.177694,0.562225,,,,,
KS,2002,507.0,190.8,217.1,105.0,316.2,41.4,94.2,78.6,44.8,0.376331,-0.505149,0.207101,-0.822139,0.562164,-1.384303,21.0,28443000000.0,0.535738,24.071168,-0.399261,0.105888,0.578024,,,,,
KS,2003,469.0,165.5,191.6,104.0,303.5,29.4,88.7,71.6,43.3,0.352878,-0.60641,0.221748,-1.104265,0.502942,-1.607208,21.0,28672000000.0,0.530448,24.079187,-0.549535,0.056875,0.492097,,,,,
KS,2004,459.0,112.9,135.9,83.0,346.1,27.1,53.4,87.9,39.6,0.245969,-1.120225,0.180828,-0.678277,0.797371,-1.475648,21.0,29150000000.0,0.517427,24.095721,-0.948538,0.171688,0.45401,,,,,
KS,2005,428.0,101.1,135.0,86.0,326.9,17.1,55.7,71.9,47.3,0.236215,-1.173544,0.200935,-1.180902,0.418766,-1.599668,21.0,29621000000.0,0.479457,24.111749,-1.074959,0.098586,0.368055,,,,,
KS,2006,468.0,125.6,152.8,99.0,342.4,18.4,74.4,64.6,49.6,0.268376,-1.002877,0.211538,-1.397105,0.264224,-1.661329,21.0,30215000000.0,0.471124,24.131604,-0.877821,0.125056,0.437545,,,,,
KS,2007,416.0,109.3,135.5,96.0,306.7,19.8,62.7,78.2,38.3,0.26274,-1.031774,0.230769,-1.15268,0.71382,-1.866499,21.0,30048000000.0,0.475805,24.126062,-1.011285,0.020489,0.325304,,,,,
KS,2008,384.0,139.0,151.4,105.0,245.0,26.7,78.3,55.3,45.7,0.361979,-0.566784,0.273438,-1.075884,0.190675,-1.266559,21.0,29727000000.0,0.487234,24.115322,-0.760167,-0.193383,0.256002,,,,,
KS,2009,386.0,123.0,142.6,102.0,263.0,20.9,68.1,65.1,41.9,0.318653,-0.75997,0.264249,-1.181228,0.440639,-1.621867,21.0,29496735296.49,0.489944,24.107545,-0.87468,-0.114711,0.268973,,,,,
KS,2010,431.0,133.8,151.5,93.0,297.2,24.0,76.7,64.0,45.3,0.310441,-0.798059,0.215777,-1.161848,0.345576,-1.507424,21.0,29899658379.29,0.487244,24.121113,-0.804086,-0.006027,0.365676,,,,,
KS,2011,386.0,107.6,133.4,78.0,278.4,14.6,64.6,64.4,46.4,0.278756,-0.950638,0.202073,-1.487193,0.327814,-1.815007,21.0,30021247028.55,0.48959,24.125171,-1.02607,-0.075432,0.251347,,,,,
KS,2012,405.0,104.4,125.0,83.0,300.6,25.6,52.1,59.4,43.9,0.257778,-1.057551,0.204938,-0.710573,0.30238,-1.012953,21.0,30572475184.31,0.493338,24.143366,-1.074456,-0.016905,0.281202,,,,,
KS,2013,350.0,98.2,115.5,83.0,251.8,14.0,56.8,53.0,39.2,0.280571,-0.941629,0.237143,-1.400479,0.301615,-1.702094,21.0,30208284196.83,0.478867,24.131382,-1.123695,-0.182066,0.147232,,,,,
KS,2014,385.0,108.8,127.7,71.0,276.2,28.5,50.0,60.5,40.0,0.282597,-0.931614,0.184416,-0.562119,0.413764,-0.975883,21.0,30709717296.32,0.483818,24.147845,-1.037653,-0.106039,0.226079,,,,,
KS,2015,355.0,83.9,96.9,82.0,271.1,16.6,39.8,58.4,40.2,0.236338,-1.172862,0.230986,-0.874464,0.373449,-1.247913,21.0,31379124590.83,0.477385,24.169409,-1.319102,-0.14624,0.12339,,,,,
KS,2016,429.0,98.8,105.1,80.0,330.2,26.6,42.6,73.4,55.4,0.230303,-1.206601,0.18648,-0.470943,0.281344,-0.752287,21.0,32102609713.27,0.474008,24.192203,-1.178425,0.028176,0.289934,,,,,
KS,2017,461.0,105.5,114.8,88.0,355.5,27.4,43.5,61.6,62.5,0.22885,-1.214814,0.190889,-0.462218,-0.014505,-0.447713,21.0,32258188961.93,0.472093,24.197038,-1.117646,0.097168,0.357041,,,,,
KS,2018,405.0,81.3,89.8,73.0,323.7,14.7,29.3,67.3,56.7,0.200741,-1.381671,0.180247,-0.68974,0.171386,-0.861126,21.0,32190412975.44,0.47669,24.194935,-1.376108,0.005563,0.229633,,,,,
KS,2019,410.0,86.9,99.0,65.0,323.1,18.8,34.1,66.2,59.9,0.211951,-1.313204,0.158537,-0.595441,0.100004,-0.695444,21.0,31842519928.3,0.478305,24.184068,-1.29863,0.014574,0.25277,,,,,
KS,2020,426.0,95.5,107.9,86.0,330.5,20.0,44.9,85.0,70.1,0.224178,-1.24148,0.201878,-0.808706,0.192728,-1.001434,21.0,27853801880.0,0.491759,24.050235,-1.070428,0.171052,0.424885,,,,,
KS,2021,423.0,106.7,122.8,74.0,316.3,25.2,59.6,56.8,51.4,0.252246,-1.08667,0.174941,-0.860812,0.099898,-0.96071,21.0,31692834140.0,0.485981,24.179356,-1.088655,-0.001985,0.288696,,,,,
KS,2022,410.0,135.8,160.5,85.0,274.2,37.5,54.3,58.5,35.7,0.33122,-0.702675,0.207317,-0.370183,0.493876,-0.864059,21.0,31333643600.0,0.48334,24.167958,-0.836094,-0.13342,0.26888,,,,,
KS,2023,387.0,108.4,130.0,80.0,278.6,24.4,45.6,70.6,47.4,0.280103,-0.943949,0.206718,-0.625325,0.398408,-1.023733,21.0,31827548240.0,0.479906,24.183598,-1.077089,-0.13314,0.195507,,,,,
KS,2024,339.0,117.2,140.1,66.0,221.8,29.5,48.3,58.5,30.7,0.345723,-0.637894,0.19469,-0.493041,0.644764,-1.137805,21.0,31669873220.0,0.468207,24.178632,-0.994069,-0.356175,0.068049,,,,,
KY,1982,822.0,373.8,454.3,244.0,448.2,83.6,196.9,108.4,94.1,0.454745,-0.181519,0.296837,-0.856652,0.14147,-0.998123,21.0,25627000000.0,0.603621,23.966912,0.377489,0.559008,1.165509,,,,,
KY,1983,778.0,368.3,412.4,220.0,409.7,72.5,187.7,94.5,70.3,0.473393,-0.106527,0.282776,-0.951258,0.295828,-1.247086,21.0,26719000000.0,0.585202,24.008641,0.320938,0.427465,1.068767,0.0,0.0,0.0,0.0,9.179469
KY,1984,754.0,308.8,366.4,197.0,445.2,66.5,150.8,104.5,76.2,0.409549,-0.36583,0.261273,-0.818753,0.315826,-1.134578,21.0,27951000000.0,0.588566,24.053719,0.099656,0.465486,0.992354,0.0,0.0,0.0,0.0,9.290814
KY,1985,712.0,277.4,314.6,189.0,434.6,52.5,144.8,113.5,78.2,0.389607,-0.448966,0.265449,-1.01454,0.372533,-1.387073,21.0,28520000000.0,0.585519,24.073871,-0.02773,0.421235,0.914887,0.0,0.0,0.0,0.0,9.330609
KY,1986,805.0,326.2,375.9,230.0,478.8,66.0,168.2,99.0,93.8,0.405217,-0.383772,0.285714,-0.935499,0.053955,-0.989454,21.0,29252000000.0,0.582661,24.099214,0.108978,0.49275,1.012309,0.0,0.0,0.0,0.0,9.368625
KY,1987,844.0,322.9,377.0,225.0,521.1,58.9,167.2,116.1,92.8,0.382583,-0.478599,0.266588,-1.04335,0.224005,-1.267355,21.0,30320000000.0,0.580607,24.135073,0.06295,0.541549,1.02376,0.0,0.0,1.0,0.0,9.428753
KY,1988,838.0,333.3,388.7,192.0,504.7,69.8,171.9,117.2,86.1,0.397733,-0.414921,0.229117,-0.901279,0.308372,-1.209651,21.0,31614000000.0,0.58743,24.176866,0.052858,0.467779,0.974833,0.0,0.0,1.0,0.0,9.486987
KY,1989,772.0,267.6,322.8,182.0,504.4,58.9,131.6,84.1,84.4,0.346632,-0.633876,0.235751,-0.803926,-0.003561,-0.800365,21.0,32165000000.0,0.585295,24.194145,-0.183971,0.449906,0.875521,0.0,0.0,1.0,0.0,9.561279
KY,1990,849.0,301.8,351.0,193.0,547.2,64.2,140.3,138.8,90.7,0.355477,-0.59505,0.227326,-0.78178,0.425477,-1.207256,21.0,33639000000.0,0.590713,24.238952,-0.108507,0.486543,0.925788,0.0,0.0,1.0,0.0,9.621456
KY,1991,826.0,315.4,367.4,212.0,510.6,66.9,146.9,105.1,104.1,0.38184,-0.481745,0.256659,-0.786553,0.00956,-0.796113,21.0,35213000000.0,0.593843,24.284681,-0.110159,0.371586,0.852594,0.0,0.0,1.0,0.0,9.662625
KY,1992,815.0,271.3,312.6,171.0,543.7,56.4,131.3,124.6,82.7,0.332883,-0.695172,0.209816,-0.845016,0.409889,-1.254905,21.0,38062000000.0,0.562057,24.362482,-0.338576,0.356596,0.761387,0.0,0.0,1.0,0.0,9.721786
KY,1993,871.0,271.7,317.1,187.0,599.3,59.5,128.8,139.5,108.2,0.31194,-0.791064,0.214696,-0.772285,0.254083,-1.026368,21.0,39598000000.0,0.555962,24.402044,-0.376665,0.414399,0.788278,0.0,0.0,1.0,0.0,9.753072
KY,1994,778.0,236.4,299.4,167.0,541.6,53.0,111.0,123.0,88.0,0.303856,-0.829002,0.214653,-0.739238,0.334848,-1.074086,21.0,39822000000.0,0.553789,24.407685,-0.521479,0.307523,0.669722,0.0,1.0,1.0,0.0,9.790991
KY,1995,849.0,245.5,284.5,173.0,603.5,55.9,113.4,116.1,106.6,0.289164,-0.899449,0.203769,-0.707357,0.085368,-0.792725,21.0,41095000000.0,0.557391,24.439152,-0.515175,0.384274,0.725588,0.0,1.0,1.0,0.0,9.830971
KY,1996,842.0,262.0,304.2,178.0,580.0,48.2,125.2,120.8,110.8,0.311164,-0.794684,0.211401,-0.954553,0.08641,-1.040963,21.0,42586000000.0,0.55591,24.474791,-0.485766,0.308917,0.681669,0.0,1.0,1.0,0.0,9.876887
KY,1997,857.0,251.9,288.2,161.0,605.1,50.6,126.2,122.4,79.8,0.293932,-0.876362,0.187865,-0.913916,0.427771,-1.341687,21.0,43520000000.0,0.574334,24.496486,-0.546774,0.329588,0.677632,0.0,1.0,1.0,0.0,9.931589
KY,1998,858.0,236.5,277.6,166.0,621.5,37.4,107.6,144.6,97.4,0.275641,-0.966188,0.193473,-1.05675,0.395145,-1.451895,21.0,44895000000.0,0.57365,24.527592,-0.640963,0.325224,0.647693,,,,,
KY,1999,814.0,249.0,282.3,180.0,565.0,61.9,103.1,128.1,107.9,0.305897,-0.819373,0.22113,-0.510179,0.171606,-0.681786,21.0,46445000000.0,0.57722,24.561535,-0.623401,0.195972,0.561106,,,,,
KY,2000,820.0,222.9,264.4,174.0,597.1,50.8,115.1,126.2,101.9,0.271829,-0.985361,0.212195,-0.817905,0.213876,-1.031781,21.0,46803000000.0,0.571758,24.569213,-0.741809,0.243552,0.560772,,,,,
KY,2001,845.0,200.9,233.9,161.0,644.1,48.2,86.9,151.8,78.1,0.237751,-1.165047,0.190533,-0.589399,0.664574,-1.253973,21.0,46258000000.0,0.575879,24.5575,-0.834012,0.331034,0.602517,,,,,
KY,2002,915.0,246.7,284.7,200.0,668.3,65.8,104.0,145.2,114.0,0.269617,-0.996564,0.218579,-0.457771,0.241914,-0.699685,21.0,46841000000.0,0.577293,24.570025,-0.641171,0.355393,0.66958,,,,,
KY,2003,928.0,223.0,258.5,191.0,705.0,56.0,89.9,139.0,99.1,0.240302,-1.151026,0.205819,-0.473346,0.338344,-0.811691,21.0,46748000000.0,0.57442,24.568037,-0.740185,0.410841,0.685675,,,,,
KY,2004,964.0,256.3,290.0,181.0,707.7,45.8,117.7,169.2,106.3,0.265871,-1.015672,0.187759,-0.943855,0.464816,-1.408671,21.0,47322000000.0,0.577976,24.580241,-0.613212,0.40246,0.711531,,,,,
KY,2005,985.0,249.1,293.4,219.0,735.9,57.8,115.6,182.2,109.4,0.252893,-1.08324,0.222335,-0.693147,0.510094,-1.203241,21.0,47466000000.0,0.575591,24.58328,-0.644744,0.438495,0.730043,,,,,
KY,2006,913.0,215.5,253.0,190.0,697.5,48.6,111.9,154.4,103.1,0.236035,-1.174542,0.208105,-0.833982,0.403847,-1.237829,21.0,47742000000.0,0.573227,24.589077,-0.795436,0.379106,0.648339,,,,,
KY,2007,864.0,212.4,251.0,196.0,651.6,56.4,97.7,153.6,103.3,0.245833,-1.12096,0.226852,-0.549432,0.396714,-0.946147,21.0,48063000000.0,0.575765,24.595778,-0.816626,0.304333,0.586475,,,,,
KY,2008,825.0,185.7,216.4,192.0,639.3,50.6,90.3,150.4,107.7,0.225091,-1.236241,0.232727,-0.579186,0.333949,-0.913135,21.0,47534000000.0,0.577418,24.584711,-0.939898,0.296343,0.551353,,,,,
KY,2009,791.0,192.1,236.4,149.0,598.9,41.2,83.7,138.8,82.3,0.242857,-1.137079,0.188369,-0.708801,0.522663,-1.231464,21.0,47355000000.0,0.576644,24.580938,-0.902241,0.234837,0.51304,,,,,
KY,2010,760.0,167.6,207.2,139.0,592.4,39.8,69.1,116.2,110.9,0.220526,-1.262602,0.182895,-0.551688,0.046684,-0.598372,21.0,48006742903.79,0.578108,24.594607,-1.052346,0.210256,0.459392,,,,,
KY,2011,720.0,172.2,202.5,133.0,547.8,34.0,77.8,140.0,74.2,0.239167,-1.157254,0.184722,-0.827781,0.634878,-1.462659,21.0,48061314484.86,0.580223,24.595743,-1.026406,0.130848,0.404189,,,,,
KY,2012,746.0,169.4,193.0,148.0,576.6,34.1,78.9,117.9,84.1,0.227078,-1.224886,0.198391,-0.838884,0.33783,-1.176714,21.0,47343944522.53,0.577672,24.580705,-1.027761,0.197125,0.454702,,,,,
KY,2013,638.0,165.5,191.6,126.0,472.5,34.9,77.0,101.1,63.0,0.259404,-1.049067,0.197492,-0.791319,0.472975,-1.264294,21.0,46995996860.45,0.578186,24.573328,-1.043676,0.00539,0.305691,,,,,
KY,2014,672.0,171.3,195.2,150.0,500.7,45.6,82.5,123.4,81.5,0.254911,-1.072591,0.223214,-0.592891,0.414828,-1.007719,21.0,47940634784.15,0.536212,24.593229,-1.029132,0.043459,0.33771,,,,,
KY,2015,761.0,193.3,223.8,149.0,567.7,51.7,80.7,128.3,87.3,0.254008,-1.07735,0.195795,-0.445281,0.385021,-0.830302,21.0,48674696010.31,0.536868,24.608425,-0.923501,0.153849,0.446889,,,,,
KY,2016,834.0,177.3,219.1,161.0,656.7,47.1,71.2,146.9,101.8,0.21259,-1.309384,0.193046,-0.41322,0.366742,-0.779962,21.0,49312717997.15,0.534428,24.621448,-1.022924,0.28646,0.525466,,,,,
KY,2017,782.0,182.4,211.9,164.0,599.6,51.5,70.0,144.5,119.0,0.233248,-1.190061,0.209719,-0.306913,0.194156,-0.501069,21.0,49239334095.84,0.533126,24.619959,-0.993076,0.196985,0.462577,,,,,
KY,2018,724.0,137.6,169.6,134.0,586.4,25.1,55.7,127.9,96.3,0.190055,-1.449651,0.185083,-0.797112,0.28378,-1.080893,21.0,49543606235.34,0.537217,24.626119,-1.281087,0.168564,0.379353,,,,,
KY,2019,732.0,150.5,179.9,114.0,581.5,27.7,70.8,124.3,109.2,0.205601,-1.351648,0.155738,-0.938427,0.129517,-1.067944,21.0,49410331813.979996,0.538291,24.623425,-1.188782,0.162866,0.393036,,,,,
KY,2020,780.0,199.9,235.0,177.0,580.1,45.3,93.7,116.7,120.3,0.256282,-1.065383,0.226923,-0.726791,-0.030382,-0.696409,21.0,46535806440.0,0.542204,24.563488,-0.84499,0.220393,0.516487,,,,,
KY,2021,806.0,187.9,217.5,149.0,618.1,45.9,76.3,148.1,100.7,0.233127,-1.19074,0.184864,-0.508208,0.385742,-0.89395,21.0,48111368610.0,0.548502,24.596784,-0.940194,0.250547,0.51598,,,,,
KY,2022,744.0,176.5,201.3,149.0,567.5,50.7,70.5,141.3,99.5,0.237231,-1.16792,0.200269,-0.329687,0.350728,-0.680414,21.0,48047123960.0,0.541925,24.595448,-1.001446,0.166473,0.437274,,,,,
KY,2023,814.0,191.8,226.3,177.0,622.2,39.6,94.9,161.4,114.1,0.235627,-1.176808,0.217445,-0.873995,0.34681,-1.220805,21.0,48993348320.0,0.543359,24.61495,-0.937816,0.238992,0.507691,,,,,
KY,2024,707.0,170.9,195.6,149.0,536.1,35.8,71.2,128.2,109.8,0.241726,-1.143242,0.21075,-0.687545,0.154931,-0.842476,21.0,49168443320.0,0.523792,24.618518,-1.056759,0.086484,0.363194,,,,,
LA,1982,1091.0,501.3,597.9,315.0,589.7,86.7,291.1,142.3,158.9,0.459487,-0.162409,0.288726,-1.211213,-0.110338,-1.100875,18.0,26902000000.0,0.601182,24.015466,0.622419,0.784828,1.400064,,,,,
LA,1983,933.0,426.5,491.5,232.0,506.5,95.9,227.5,127.1,118.5,0.457128,-0.171912,0.24866,-0.863844,0.070061,-0.933905,18.0,30421000000.0,0.544887,24.138399,0.337894,0.509806,1.120687,0.0,0.0,0.0,0.0,9.280239
LA,1984,961.0,472.0,545.4,282.0,489.0,82.5,253.1,120.5,118.9,0.491155,-0.035384,0.293444,-1.120986,0.013367,-1.134353,18.0,32635000000.0,0.561299,24.208651,0.369009,0.404392,1.080004,0.0,0.0,0.0,0.0,9.343209
LA,1985,931.0,363.9,439.1,231.0,567.1,66.1,203.1,120.9,143.9,0.39087,-0.443657,0.24812,-1.12253,-0.174155,-0.948375,18.0,33365000000.0,0.552046,24.230773,0.086787,0.530443,1.026167,0.0,0.0,0.0,0.0,9.382275
LA,1986,932.0,393.2,458.0,251.0,538.8,76.8,212.0,125.2,142.0,0.421888,-0.315026,0.269313,-1.015382,-0.125915,-0.889467,18.0,29861000000.0,0.545494,24.119819,0.27518,0.590206,1.138194,0.0,0.0,0.0,0.0,9.376024
LA,1987,826.0,346.0,412.9,225.0,480.0,53.8,209.7,107.2,110.3,0.418886,-0.327347,0.272397,-1.360404,-0.028508,-1.331897,20.5,30279000000.0,0.55233,24.13372,0.133399,0.460747,1.003555,0.0,1.0,1.0,0.0,9.393495
LA,1988,925.0,378.1,454.1,245.0,546.9,75.8,222.1,116.2,131.9,0.408757,-0.369107,0.264865,-1.075029,-0.126731,-0.948298,21.0,34682000000.0,0.495531,24.269487,0.086353,0.45546,0.980988,0.0,1.0,1.0,0.0,9.459464
LA,1989,878.0,340.5,397.3,235.0,537.5,52.3,194.4,118.7,135.6,0.387813,-0.456514,0.267654,-1.312922,-0.13311,-1.179811,21.0,35613000000.0,0.50973,24.295977,-0.044881,0.411633,0.902351,0.0,1.0,1.0,0.0,9.519295
LA,1990,959.0,417.6,498.4,287.0,541.4,62.1,236.7,111.9,146.3,0.435454,-0.259634,0.29927,-1.338048,-0.268054,-1.069994,21.0,37963000000.0,0.475542,24.359878,0.095327,0.354961,0.926694,0.0,1.0,1.0,0.0,9.600556
LA,1991,862.0,368.9,434.5,259.0,493.1,65.0,209.4,105.0,121.6,0.427958,-0.290186,0.300464,-1.169859,-0.146777,-1.023082,21.0,34710000000.0,0.535408,24.270294,0.060913,0.351099,0.909642,0.0,1.0,1.0,0.0,9.654577
LA,1992,886.0,368.1,433.5,274.0,517.9,62.4,216.2,119.6,135.8,0.415463,-0.341428,0.309255,-1.242639,-0.12703,-1.115608,21.0,33855000000.0,0.503825,24.245353,0.083683,0.42511,0.962045,0.0,1.0,1.0,0.0,9.703877
LA,1993,878.0,359.4,427.0,260.0,518.6,70.7,203.9,104.3,145.1,0.409339,-0.366697,0.296128,-1.059184,-0.330152,-0.729032,21.0,36351000000.0,0.516162,24.316488,-0.011371,0.355326,0.88184,0.0,1.0,1.0,0.0,9.748762
LA,1994,843.0,340.2,391.5,234.0,502.8,43.1,221.2,101.9,112.8,0.403559,-0.390659,0.27758,-1.635544,-0.101624,-1.53392,21.0,37430000000.0,0.5358,24.345738,-0.095524,0.295135,0.811909,0.0,1.0,1.0,0.0,9.802893
LA,1995,894.0,351.5,436.1,276.0,542.5,56.2,218.0,130.8,103.0,0.393177,-0.433978,0.308725,-1.355578,0.23894,-1.594519,21.0,38647000000.0,0.541879,24.377735,-0.094845,0.339134,0.838652,0.0,1.0,1.0,0.0,9.842994
LA,1996,902.0,326.4,395.9,269.0,575.6,47.8,186.5,137.2,139.5,0.361863,-0.567289,0.298226,-1.361406,-0.016625,-1.344781,21.0,38095000000.0,0.543641,24.363349,-0.154545,0.412745,0.861946,0.0,1.0,1.0,0.0,9.883744
LA,1997,931.0,326.7,385.0,255.0,604.3,61.5,154.8,122.5,153.2,0.350913,-0.615028,0.273899,-0.923097,-0.223633,-0.699464,21.0,38099000000.0,0.556366,24.363454,-0.153731,0.461298,0.893486,0.0,1.0,1.0,0.0,9.926129
LA,1998,926.0,333.3,402.0,234.0,592.7,52.7,188.3,133.3,122.7,0.359935,-0.575645,0.2527,-1.273421,0.08286,-1.356281,21.0,40261000000.0,0.553339,24.418649,-0.188925,0.38672,0.832906,,,,,
LA,1999,938.0,347.2,399.3,242.0,590.8,54.7,196.8,117.3,143.2,0.370149,-0.531577,0.257996,-1.280324,-0.199507,-1.080817,21.0,41149000000.0,0.546696,24.440465,-0.169884,0.361693,0.823965,,,,,
LA,2000,938.0,355.4,423.7,269.0,582.6,55.7,210.8,128.3,135.2,0.378891,-0.494257,0.28678,-1.33093,-0.052384,-1.278546,21.0,40849000000.0,0.542657,24.433148,-0.139224,0.355033,0.831283,,,,,
LA,2001,952.0,330.5,395.4,268.0,621.5,63.4,188.8,146.6,134.2,0.347164,-0.631529,0.281513,-1.091224,0.088377,-1.179601,21.0,43244000000.0,0.545972,24.490124,-0.268837,0.362692,0.789121,,,,,
LA,2002,907.0,321.8,383.6,254.0,585.2,46.0,186.7,139.0,110.3,0.354796,-0.598023,0.280044,-1.400862,0.23127,-1.632132,21.0,43295000000.0,0.546276,24.491303,-0.296692,0.301331,0.73952,,,,,
LA,2003,940.0,336.3,378.3,236.0,603.7,51.4,189.7,108.6,124.3,0.357766,-0.585074,0.251064,-1.305806,-0.135027,-1.170779,21.0,44156000000.0,0.549461,24.510995,-0.27231,0.312763,0.755566,,,,,
LA,2004,927.0,315.2,389.1,221.0,611.8,58.4,172.6,127.6,133.4,0.340022,-0.663198,0.238403,-1.083661,-0.044452,-1.039209,21.0,44607000000.0,0.484296,24.521157,-0.347269,0.31593,0.731478,,,,,
LA,2005,963.0,334.4,400.2,224.0,628.6,63.1,177.2,142.9,143.8,0.347248,-0.631157,0.232606,-1.032558,-0.006278,-1.02628,21.0,44979000000.0,0.432713,24.529462,-0.296443,0.334714,0.761273,,,,,
LA,2006,987.0,371.4,433.1,280.0,615.6,58.6,226.5,145.4,125.5,0.376292,-0.505318,0.283688,-1.35201,0.147183,-1.499193,21.0,45417000000.0,0.433274,24.539152,-0.201192,0.304126,0.776198,,,,,
LA,2007,993.0,374.6,444.2,283.0,618.4,76.0,202.9,151.0,135.1,0.377241,-0.501277,0.284995,-0.98198,0.111265,-1.093244,21.0,45376000000.0,0.429743,24.538249,-0.19171,0.309567,0.783162,,,,,
LA,2008,916.0,338.8,400.3,251.0,577.2,58.6,193.5,115.4,139.5,0.369869,-0.532779,0.274017,-1.194543,-0.18966,-1.004883,21.0,45091000000.0,0.430796,24.531949,-0.285858,0.246921,0.708749,,,,,
LA,2009,824.0,290.1,363.9,245.0,533.9,61.2,156.2,117.8,122.8,0.352063,-0.609983,0.29733,-0.93699,-0.041569,-0.895421,21.0,44863000000.0,0.431514,24.526879,-0.435973,0.17401,0.607972,,,,,
LA,2010,721.0,226.0,280.0,199.0,495.0,40.0,123.5,107.0,124.5,0.313454,-0.784023,0.276006,-1.127362,-0.151477,-0.975885,21.0,45438690818.39,0.419297,24.53963,-0.698414,0.085609,0.46169,,,,,
LA,2011,680.0,218.6,249.4,178.0,461.4,42.1,116.8,116.9,93.2,0.321471,-0.747022,0.261765,-1.020415,0.226571,-1.246986,21.0,46512711244.0,0.431569,24.562991,-0.755067,-0.008045,0.379782,,,,,
LA,2012,723.0,235.3,266.3,214.0,487.7,47.0,139.0,113.0,110.0,0.32545,-0.728839,0.295989,-1.084326,0.026907,-1.111234,21.0,46889040252.76,0.431737,24.57105,-0.689508,0.039331,0.43304,,,,,
LA,2013,703.0,232.5,272.0,206.0,470.5,29.2,134.3,129.8,114.7,0.330725,-0.704906,0.29303,-1.525907,0.123675,-1.649582,21.0,47757967077.57,0.414386,24.589412,-0.719841,-0.014935,0.386626,,,,,
LA,2014,740.0,246.7,295.1,225.0,493.3,55.1,131.7,104.9,123.3,0.333378,-0.692944,0.304054,-0.871377,-0.161613,-0.709764,21.0,48251736118.77,0.415289,24.599698,-0.670844,0.022101,0.427633,,,,,
LA,2015,726.0,244.8,286.7,190.0,481.2,48.8,122.5,116.2,102.5,0.33719,-0.675841,0.261708,-0.920381,0.12545,-1.045831,21.0,48180252571.76,0.384393,24.598215,-0.677093,-0.001251,0.410016,,,,,
LA,2016,757.0,228.2,273.3,184.0,528.8,41.9,124.0,129.1,133.0,0.301453,-0.840388,0.243065,-1.084996,-0.029762,-1.055234,21.0,49155612969.68,0.385292,24.618257,-0.767354,0.073034,0.431787,,,,,
LA,2017,770.0,213.9,265.9,198.0,556.1,41.5,110.5,126.5,126.5,0.277792,-0.95544,0.257143,-0.979322,0.0,-0.979322,21.0,49220897660.9,0.386354,24.619584,-0.833395,0.122045,0.447487,,,,,
LA,2018,771.0,220.7,253.8,179.0,550.3,46.6,100.4,141.4,113.6,0.286252,-0.913659,0.232166,-0.767562,0.218909,-0.986471,21.0,50045427448.7,0.390329,24.636197,-0.818712,0.094947,0.432172,,,,,
LA,2019,727.0,213.7,247.9,172.0,513.3,34.9,99.5,130.1,113.5,0.293948,-0.876287,0.236589,-1.047671,0.136501,-1.184171,21.0,51360303241.65,0.385478,24.662131,-0.876877,-0.00059,0.347476,,,,,
LA,2020,828.0,229.8,281.5,240.0,598.2,54.1,113.3,161.9,152.7,0.277536,-0.956716,0.289855,-0.739205,0.058504,-0.797709,21.0,48374106430.0,0.392164,24.602231,-0.74434,0.212375,0.537463,,,,,
LA,2021,971.0,297.8,347.6,255.0,673.2,66.0,144.1,157.0,164.9,0.306694,-0.81562,0.262616,-0.780853,-0.049093,-0.731759,21.0,54727656680.0,0.382949,24.725635,-0.608532,0.207088,0.573372,,,,,
LA,2022,906.0,270.6,327.9,254.0,635.4,50.1,153.0,163.9,173.0,0.298675,-0.853613,0.280353,-1.116417,-0.054035,-1.062382,21.0,56514035980.0,0.376781,24.757755,-0.736432,0.117181,0.471965,,,,,
LA,2023,811.0,232.8,277.8,192.0,578.2,47.9,125.7,153.1,118.3,0.287053,-0.90974,0.236745,-0.964783,0.257868,-1.22265,21.0,55560401950.0,0.377789,24.740737,-0.869876,0.039864,0.378212,,,,,
LA,2024,752.0,191.5,238.2,219.0,560.5,36.1,98.0,138.9,159.0,0.254654,-1.073941,0.291223,-0.998675,-0.13515,-0.863525,21.0,55109102430.0,0.37735,24.732581,-1.057012,0.016929,0.310836,,,,,
MA,1982,659.0,337.4,376.2,243.0,321.6,62.7,186.1,77.3,76.9,0.511988,0.047961,0.368741,-1.087923,0.005188,-1.093111,20.0,36666000000.0,0.176021,24.325116,-0.083166,-0.131126,0.586289,,,,,
MA,1983,651.0,339.1,382.0,255.0,311.9,57.9,212.0,74.1,79.0,0.520891,0.083612,0.391705,-1.297869,-0.064032,-1.233837,20.0,37580000000.0,0.177275,24.349738,-0.102762,-0.186374,0.549453,0.0,0.0,0.0,0.0,9.547455
MA,1984,666.0,330.8,378.7,252.0,335.2,60.5,210.3,93.5,80.7,0.496697,-0.013213,0.378378,-1.245892,0.147223,-1.393115,20.0,38537000000.0,0.178608,24.374885,-0.15269,-0.139477,0.547086,0.0,0.0,0.0,0.0,9.661607
MA,1985,742.0,312.7,362.2,234.0,429.3,61.1,194.0,98.9,87.0,0.421429,-0.316912,0.315364,-1.155346,0.128201,-1.283547,20.5,39696000000.0,0.183671,24.404516,-0.238591,0.07832,0.625514,0.0,0.0,0.0,0.0,9.731631
MA,1986,752.0,314.6,377.3,251.0,437.4,53.9,192.0,91.1,118.0,0.418351,-0.329546,0.333777,-1.270365,-0.258727,-1.011638,21.0,40920000000.0,0.184238,24.434885,-0.262902,0.066644,0.608532,0.0,0.0,0.0,0.0,9.803667
MA,1987,689.0,303.3,348.6,248.0,385.7,47.3,181.6,89.7,91.4,0.440203,-0.240337,0.359942,-1.345296,-0.018775,-1.326521,21.0,42305000000.0,0.187425,24.468171,-0.332768,-0.092431,0.487751,0.0,0.0,0.0,0.0,9.883285
MA,1988,725.0,316.0,369.3,233.0,409.0,54.4,190.0,95.6,84.0,0.435862,-0.257973,0.321379,-1.25066,0.129356,-1.380016,21.0,43334000000.0,0.180736,24.492203,-0.31578,-0.057807,0.514649,0.0,0.0,0.0,0.0,9.97194
MA,1989,696.0,297.0,352.7,215.0,399.0,42.5,193.0,89.5,79.0,0.426724,-0.295229,0.308908,-1.513186,0.124791,-1.637977,21.0,46214000000.0,0.184663,24.556549,-0.442136,-0.146906,0.409482,0.0,0.0,0.0,0.0,10.027208
MA,1990,605.0,285.8,325.2,212.0,319.2,51.7,168.3,72.3,66.7,0.472397,-0.110526,0.350413,-1.18029,0.080619,-1.260909,21.0,46177000000.0,0.184746,24.555748,-0.479775,-0.369249,0.270162,0.0,0.0,0.0,0.0,10.052338
MA,1991,552.0,218.9,264.6,185.0,333.1,30.4,137.0,70.6,73.0,0.396558,-0.419828,0.335145,-1.505538,-0.033429,-1.472109,21.0,46537000000.0,0.186884,24.563514,-0.754218,-0.33439,0.170715,0.0,0.0,1.0,0.0,10.068578
MA,1992,485.0,203.1,237.1,173.0,281.9,30.2,133.7,64.8,54.3,0.418763,-0.327854,0.356701,-1.487757,0.176781,-1.664538,21.0,47348000000.0,0.185668,24.58079,-0.846411,-0.518557,0.024039,0.0,0.0,1.0,0.0,10.107978
MA,1993,475.0,158.7,192.8,134.0,316.3,22.6,94.1,70.4,57.9,0.334105,-0.689676,0.282105,-1.426408,0.195476,-1.621884,21.0,46684000000.0,0.163139,24.566667,-1.078971,-0.389295,0.017328,0.0,0.0,1.0,0.0,10.139863
MA,1994,440.0,172.6,197.4,131.0,267.4,30.1,105.5,59.9,47.5,0.392273,-0.437769,0.297727,-1.254186,0.231947,-1.486133,21.0,46990000000.0,0.16329,24.573201,-1.001543,-0.563774,-0.065745,0.0,1.0,1.0,0.0,10.182369
MA,1995,444.0,155.9,181.0,119.0,288.1,23.4,98.3,65.6,46.7,0.351126,-0.614093,0.268018,-1.435288,0.339832,-1.77512,21.0,48053000000.0,0.163694,24.59557,-1.125675,-0.511582,-0.079065,0.0,1.0,1.0,0.0,10.243418
MA,1996,417.0,138.2,168.1,116.0,278.8,30.8,75.2,49.2,54.8,0.331415,-0.701793,0.278177,-0.892637,-0.107797,-0.78484,21.0,49956000000.0,0.166046,24.634408,-1.285026,-0.583233,-0.180641,0.0,1.0,1.0,0.0,10.295226
MA,1997,441.0,146.0,179.1,116.0,295.0,20.1,88.7,61.9,52.3,0.331066,-0.703369,0.263039,-1.48454,0.168524,-1.653064,21.0,50468000000.0,0.164659,24.644605,-1.240318,-0.536949,-0.13488,0.0,1.0,1.0,0.0,10.349423
MA,1998,406.0,133.8,163.8,119.0,272.2,25.1,82.5,70.9,60.5,0.329557,-0.710191,0.293103,-1.18993,0.158627,-1.348558,21.0,51829000000.0,0.167397,24.671216,-1.354189,-0.643998,-0.244182,,,,,
MA,1999,414.0,142.9,173.5,122.0,271.1,26.9,87.3,64.1,66.7,0.345169,-0.640343,0.294686,-1.177224,-0.039761,-1.137464,21.0,51820000000.0,0.16812,24.671042,-1.288216,-0.647874,-0.224495,,,,,
MA,2000,433.0,152.3,190.7,131.0,280.7,23.4,94.5,56.6,58.5,0.351732,-0.611434,0.30254,-1.395864,-0.033018,-1.362846,21.0,52796000000.0,0.167115,24.689701,-1.243168,-0.631734,-0.198283,,,,,
MA,2001,477.0,183.3,210.6,133.0,293.7,28.8,108.6,66.2,65.4,0.384277,-0.471435,0.278826,-1.327296,0.012158,-1.339454,21.0,53015000000.0,0.171442,24.693841,-1.062036,-0.590601,-0.105643,,,,,
MA,2002,459.0,178.4,210.0,140.0,280.6,23.4,118.3,55.6,65.7,0.388671,-0.452902,0.305011,-1.620488,-0.166916,-1.453572,21.0,53266000000.0,0.170259,24.698564,-1.093855,-0.640953,-0.148833,,,,,
MA,2003,462.0,156.8,194.3,143.0,305.2,22.1,91.0,71.9,55.0,0.339394,-0.665996,0.309524,-1.415282,0.267943,-1.683225,21.0,53709000000.0,0.078236,24.706846,-1.231195,-0.565198,-0.150601,,,,,
MA,2004,476.0,169.2,188.7,122.0,306.8,38.1,93.6,69.9,58.4,0.355462,-0.595115,0.256303,-0.898816,0.17975,-1.078566,21.0,54771000000.0,0.075679,24.726427,-1.174665,-0.57955,-0.140328,,,,,
MA,2005,441.0,148.2,169.5,117.0,292.8,21.3,95.1,79.7,52.9,0.336054,-0.680927,0.265306,-1.496222,0.409866,-1.906088,21.0,55458000000.0,0.076436,24.738892,-1.319648,-0.638721,-0.229166,,,,,
MA,2006,429.0,145.1,173.5,114.0,283.9,25.0,78.3,59.0,63.7,0.338228,-0.671199,0.265734,-1.141672,-0.076647,-1.065025,21.0,55136000000.0,0.076701,24.733069,-1.334965,-0.663766,-0.250931,,,,,
MA,2007,434.0,155.1,190.7,133.0,278.9,21.8,95.8,60.2,68.2,0.357373,-0.586783,0.306452,-1.480353,-0.124772,-1.355581,21.0,55071000000.0,0.076683,24.731889,-1.267138,-0.680355,-0.238164,,,,,
MA,2008,364.0,119.9,148.9,119.0,244.1,21.6,71.8,50.4,60.2,0.329396,-0.71092,0.326923,-1.201191,-0.177681,-1.02351,21.0,54505000000.0,0.07581,24.721558,-1.514219,-0.8033,-0.403724,,,,,
MA,2009,340.0,106.7,131.1,94.0,233.3,18.4,64.3,50.6,48.7,0.313824,-0.782304,0.276471,-1.251209,0.038273,-1.289482,21.0,54812000000.0,0.078158,24.727175,-1.636473,-0.854169,-0.477549,,,,,
MA,2010,347.0,122.2,153.9,93.0,224.8,26.6,62.7,56.4,47.3,0.352161,-0.609552,0.268012,-0.85745,0.175959,-1.033409,21.0,54361986328.82,0.076135,24.718931,-1.492591,-0.883039,-0.448925,,,,,
MA,2011,374.0,127.8,146.4,114.0,246.2,25.2,73.4,60.8,50.6,0.341711,-0.655678,0.304813,-1.06908,0.183638,-1.252718,21.0,54791712482.56,0.074337,24.726805,-1.455658,-0.79998,-0.381868,,,,,
MA,2012,383.0,128.6,161.2,107.0,254.4,28.9,71.9,73.1,49.1,0.33577,-0.682201,0.279373,-0.911435,0.397969,-1.309404,21.0,55939716763.46,0.045296,24.74754,-1.470153,-0.787952,-0.378825,,,,,
MA,2013,351.0,126.8,149.0,98.0,224.2,21.5,62.7,46.5,50.3,0.361254,-0.569927,0.279202,-1.070309,-0.078553,-0.991756,21.0,56311172815.19,0.045923,24.754159,-1.490867,-0.92094,-0.472692,,,,,
MA,2014,354.0,144.7,168.9,104.0,209.3,24.1,81.0,41.9,43.0,0.408757,-0.369106,0.293785,-1.212237,-0.025914,-1.186323,21.0,57552345791.65,0.045343,24.775961,-1.380617,-1.011511,-0.485983,,,,,
MA,2015,306.0,96.4,118.3,83.0,209.6,23.5,39.9,45.5,43.1,0.315033,-0.776695,0.271242,-0.529376,0.054189,-0.583565,21.0,59257480567.49,0.04763,24.805158,-1.815971,-1.039276,-0.660892,,,,,
MA,2016,387.0,143.6,165.0,117.0,243.4,28.4,82.8,53.6,54.2,0.371059,-0.527675,0.302326,-1.070039,-0.011132,-1.058907,21.0,61824851347.32,0.05648,24.847571,-1.459859,-0.932184,-0.468466,,,,,
MA,2017,347.0,121.7,137.0,96.0,225.3,26.7,56.0,52.3,38.0,0.35072,-0.615874,0.276657,-0.740688,0.31941,-1.060098,21.0,62660411372.06,0.049439,24.860996,-1.638756,-1.022882,-0.59099,,,,,
MA,2018,355.0,121.8,144.0,84.0,233.2,26.2,60.7,55.8,36.3,0.343099,-0.649516,0.23662,-0.840184,0.429956,-1.27014,21.0,66771980727.3,0.045965,24.924549,-1.701488,-1.051972,-0.631751,,,,,
MA,2019,336.0,111.9,129.4,90.0,224.1,16.2,60.0,57.8,37.0,0.333036,-0.694487,0.267857,-1.309333,0.446071,-1.755404,21.0,64889782236.7,0.047039,24.895956,-1.75767,-1.063183,-0.658164,,,,,
MA,2020,343.0,98.0,114.5,76.0,245.0,23.0,44.8,54.0,52.2,0.285714,-0.916291,0.221574,-0.666714,0.033902,-0.700615,21.0,54126825570.0,0.049754,24.714596,-1.708948,-0.792657,-0.456185,,,,,
MA,2021,413.0,153.1,174.7,108.0,259.9,27.8,78.1,57.2,43.9,0.370702,-0.529206,0.261501,-1.032954,0.26464,-1.297594,21.0,59114984270.0,0.048975,24.80275,-1.350978,-0.821773,-0.358622,,,,,
MA,2022,435.0,122.3,145.6,107.0,312.7,27.3,70.1,73.7,72.9,0.281149,-0.938767,0.245977,-0.943036,0.010914,-0.95395,21.0,56948964080.0,0.048757,24.765421,-1.538264,-0.599496,-0.269395,,,,,
MA,2023,342.0,111.8,130.7,92.0,230.2,22.3,66.3,62.7,46.7,0.326901,-0.722237,0.269006,-1.089603,0.294617,-1.384221,21.0,60747894690.0,0.051398,24.829998,-1.692606,-0.970369,-0.574507,,,,,
MA,2024,363.0,99.6,113.7,82.0,263.4,25.0,46.0,64.0,46.0,0.27438,-0.972512,0.225895,-0.609766,0.330242,-0.940007,21.0,62013316180.0,0.045567,24.850615,-1.828772,-0.85626,-0.535531,,,,,
MD,1982,640.0,280.3,321.4,214.0,359.7,34.5,188.2,75.5,93.8,0.437969,-0.24941,0.334375,-1.696546,-0.217032,-1.479514,21.0,28920000000.0,0.392704,24.087799,-0.031258,0.218152,0.79435,,,,,
MD,1983,656.0,289.4,339.2,201.0,366.6,40.4,184.6,87.6,92.4,0.441159,-0.236462,0.306402,-1.519362,-0.053346,-1.466016,21.0,31109000000.0,0.390884,24.160763,-0.072272,0.164189,0.746079,0.0,0.0,0.0,0.0,9.536185
MD,1984,643.0,246.9,302.2,190.0,396.1,46.2,152.0,96.8,88.0,0.383981,-0.472683,0.29549,-1.190901,0.09531,-1.286211,21.0,31702000000.0,0.330105,24.179646,-0.249981,0.222702,0.70718,0.0,0.0,0.0,0.0,9.634235
MD,1985,729.0,278.0,332.5,204.0,451.0,51.7,159.6,91.3,89.4,0.381344,-0.483846,0.279835,-1.127213,0.02103,-1.148243,21.0,33337000000.0,0.326724,24.229934,-0.181632,0.302214,0.782421,0.0,0.0,0.0,0.0,9.708324
MD,1986,784.0,309.2,368.8,219.0,474.8,49.5,189.3,100.5,108.7,0.394388,-0.428905,0.279337,-1.34136,-0.078434,-1.262926,21.0,35208000000.0,0.328789,24.284539,-0.12987,0.299035,0.800551,0.0,1.0,0.0,0.0,9.767725
MD,1987,814.0,284.4,342.8,232.0,529.6,47.0,181.5,108.0,118.5,0.349386,-0.62174,0.285012,-1.351108,-0.092782,-1.258326,21.0,36493000000.0,0.336859,24.320386,-0.249324,0.372416,0.802255,0.0,1.0,1.0,0.0,9.834405
MD,1988,781.0,252.9,307.7,200.0,528.1,43.8,141.6,110.2,127.4,0.323816,-0.736292,0.256082,-1.173372,-0.145035,-1.028338,21.0,37498000000.0,0.340418,24.347553,-0.393879,0.342413,0.733702,0.0,1.0,1.0,0.0,9.90743
MD,1989,726.0,219.4,276.5,192.0,506.6,47.5,126.3,120.5,134.7,0.302204,-0.836825,0.264463,-0.97793,-0.1114,-0.86653,21.0,38922000000.0,0.341992,24.384825,-0.573248,0.263577,0.623405,0.0,1.0,1.0,0.0,9.974365
MD,1990,707.0,237.3,278.2,216.0,469.7,37.6,145.4,112.4,101.6,0.335644,-0.682769,0.305516,-1.352485,0.10102,-1.453505,21.0,40536000000.0,0.340216,24.425456,-0.53545,0.147319,0.556255,0.0,1.0,1.0,0.0,10.02047
MD,1991,694.0,183.7,217.5,184.0,510.3,43.7,94.7,106.3,125.3,0.264697,-1.021695,0.26513,-0.773366,-0.164446,-0.60892,21.0,41349000000.0,0.339597,24.445314,-0.811329,0.210365,0.517839,0.0,1.0,1.0,0.0,10.037887
MD,1992,659.0,179.1,213.8,169.0,479.9,27.8,106.5,120.2,124.5,0.271775,-0.985633,0.256449,-1.343109,-0.035149,-1.30796,21.0,41896000000.0,0.305566,24.458456,-0.849831,0.135802,0.452948,0.0,1.0,1.0,0.0,10.066796
MD,1993,666.0,165.1,203.2,188.0,500.9,19.6,103.9,99.4,130.1,0.247898,-1.109855,0.282282,-1.667899,-0.269151,-1.398748,21.0,43311000000.0,0.298423,24.491672,-0.96444,0.145415,0.430298,0.0,1.0,1.0,0.0,10.097532
MD,1994,651.0,157.7,192.8,170.0,493.3,19.9,89.5,101.1,124.5,0.242243,-1.140423,0.261137,-1.503519,-0.208196,-1.295323,21.0,44165000000.0,0.297498,24.511198,-1.029823,0.1106,0.387992,0.0,1.0,1.0,0.0,10.139705
MD,1995,671.0,165.9,209.9,168.0,505.1,24.8,100.5,113.2,105.5,0.247243,-1.113371,0.250373,-1.399314,0.070445,-1.469759,21.0,44882000000.0,0.297915,24.527303,-0.995237,0.118135,0.402147,0.0,1.0,1.0,0.0,10.17126
MD,1996,608.0,141.2,174.6,129.0,466.8,27.1,76.7,116.9,96.3,0.232237,-1.195724,0.212171,-1.040368,0.193851,-1.234219,21.0,46033000000.0,0.299741,24.552624,-1.181766,0.013957,0.278231,0.0,1.0,1.0,0.0,10.214569
MD,1997,611.0,159.3,191.8,153.0,451.7,23.4,107.2,103.6,89.8,0.26072,-1.042229,0.250409,-1.52196,0.142952,-1.664913,21.0,46812000000.0,0.303747,24.569405,-1.077935,-0.035706,0.266372,0.0,1.0,1.0,0.0,10.263746
MD,1998,606.0,142.4,185.8,132.0,463.6,22.7,82.9,97.3,99.1,0.234983,-1.180382,0.217822,-1.29527,-0.01833,-1.27694,21.0,48343000000.0,0.312289,24.601587,-1.222267,-0.041884,0.225973,,,,,
MD,1999,590.0,141.3,183.2,140.0,448.7,23.3,87.6,123.7,91.4,0.239492,-1.155469,0.237288,-1.324328,0.302614,-1.626941,21.0,49126000000.0,0.315251,24.617654,-1.246088,-0.090619,0.183149,,,,,
MD,2000,588.0,158.6,204.2,131.0,429.4,30.7,98.8,95.3,102.2,0.269728,-0.996004,0.222789,-1.168835,-0.069902,-1.098933,21.0,50174000000.0,0.320963,24.638763,-1.151697,-0.155693,0.158645,,,,,
MD,2001,659.0,197.8,251.6,159.0,461.2,27.5,125.4,106.5,99.6,0.300152,-0.846575,0.241275,-1.517323,0.066983,-1.584305,21.0,51996000000.0,0.323217,24.674433,-0.966495,-0.11992,0.236972,,,,,
MD,2002,661.0,192.6,244.5,161.0,468.4,37.0,101.0,104.0,111.0,0.291377,-0.888707,0.24357,-1.004203,-0.065139,-0.939063,21.0,53702000000.0,0.322725,24.706716,-1.02542,-0.136713,0.207719,,,,,
MD,2003,650.0,187.4,250.1,170.0,462.6,22.7,120.8,106.3,106.2,0.288308,-0.903617,0.261538,-1.671771,0.000941,-1.672713,21.0,54701000000.0,0.247454,24.725148,-1.071222,-0.167604,0.172505,,,,,
MD,2004,643.0,210.6,256.6,186.0,432.4,27.9,144.9,94.1,91.1,0.327527,-0.71939,0.289269,-1.647417,0.0324,-1.679817,21.0,55284000000.0,0.249674,24.735749,-0.965108,-0.245718,0.151076,,,,,
MD,2005,614.0,165.1,209.6,153.0,448.9,26.7,102.0,96.3,111.0,0.268893,-1.000249,0.249186,-1.340309,-0.142062,-1.198247,21.0,56319000000.0,0.257267,24.754298,-1.227066,-0.226817,0.086378,,,,,
MD,2006,652.0,189.1,236.2,180.0,462.9,21.4,125.4,101.6,109.6,0.290031,-0.895235,0.276074,-1.768118,-0.075794,-1.692324,21.0,56302000000.0,0.257078,24.753996,-1.091039,-0.195804,0.146729,,,,,
MD,2007,614.0,177.8,226.0,164.0,436.2,21.6,109.3,122.4,102.7,0.289577,-0.897442,0.267101,-1.621403,0.175482,-1.796885,21.0,56503000000.0,0.258199,24.75756,-1.15622,-0.258778,0.083116,,,,,
MD,2008,591.0,144.8,181.9,151.0,446.2,26.0,84.7,104.0,113.3,0.245008,-1.125414,0.255499,-1.181019,-0.085648,-1.095371,21.0,55023000000.0,0.253421,24.731017,-1.334983,-0.209569,0.07148,,,,,
MD,2009,549.0,165.1,197.0,162.0,383.9,27.6,97.1,89.4,87.9,0.300729,-0.843831,0.295082,-1.257926,0.016921,-1.274846,21.0,55293000000.0,0.254842,24.735912,-1.20868,-0.364849,-0.007133,,,,,
MD,2010,496.0,154.4,187.5,139.0,341.6,21.4,97.1,81.6,81.9,0.31129,-0.794094,0.280242,-1.51235,-0.00367,-1.508681,21.0,56125521955.979996,0.254552,24.750856,-1.290629,-0.496535,-0.1236,,,,,
MD,2011,485.0,161.4,191.8,127.0,323.6,31.4,99.4,67.6,78.6,0.332784,-0.695622,0.261856,-1.152344,-0.150764,-1.001581,21.0,56220506523.200005,0.250676,24.752547,-1.247981,-0.552358,-0.147718,,,,,
MD,2012,511.0,163.0,193.8,130.0,348.0,31.7,90.0,70.3,87.0,0.318982,-0.758452,0.254403,-1.043493,-0.213136,-0.830357,21.0,56475588259.88,0.252309,24.757074,-1.242643,-0.484191,-0.100024,,,,,
MD,2013,465.0,136.5,171.0,121.0,328.5,23.7,78.5,79.3,80.5,0.293548,-0.878212,0.260215,-1.197624,-0.015019,-1.182605,21.0,56687639739.16,0.18622,24.760822,-1.423817,-0.545604,-0.198104,,,,,
MD,2014,442.0,129.8,157.0,125.0,312.2,21.4,74.4,80.6,69.6,0.293665,-0.877649,0.282805,-1.246065,0.146734,-1.392799,21.0,56431745116.11,0.180125,24.756298,-1.469622,-0.591973,-0.244307,,,,,
MD,2015,513.0,159.2,196.4,116.0,353.8,33.2,76.5,84.8,72.5,0.310331,-0.798571,0.226121,-0.834741,0.156709,-0.99145,21.0,57515823721.89,0.180289,24.775326,-1.284484,-0.485913,-0.114369,,,,,
MD,2016,522.0,142.8,166.8,132.0,379.2,17.9,80.9,75.1,94.1,0.273563,-0.976619,0.252874,-1.508413,-0.225537,-1.282876,21.0,59137327158.16,0.180436,24.803128,-1.421002,-0.444384,-0.12478,,,,,
MD,2017,558.0,186.0,206.7,149.0,372.0,36.4,97.4,84.6,81.6,0.333333,-0.693147,0.267025,-0.984257,0.036105,-1.020362,21.0,60044564316.65,0.178746,24.818353,-1.171925,-0.478778,-0.073313,,,,,
MD,2018,512.0,128.5,161.9,128.0,383.5,20.6,74.5,90.4,96.5,0.250977,-1.093411,0.25,-1.285508,-0.065299,-1.220209,21.0,59775435469.23,0.178131,24.813861,-1.537251,-0.44384,-0.154855,,,,,
MD,2019,535.0,167.5,193.8,142.0,367.5,34.0,100.4,92.0,79.6,0.313084,-0.78574,0.265421,-1.082802,0.144774,-1.227576,21.0,60215893738.77,0.1779,24.821202,-1.279538,-0.493798,-0.118255,,,,,
MD,2020,573.0,188.8,216.4,161.0,384.2,47.5,99.6,92.5,91.4,0.329494,-0.710475,0.280977,-0.740432,0.011963,-0.752396,21.0,50885123820.0,0.184803,24.652836,-0.991467,-0.280992,0.11873,,,,,
MD,2021,563.0,193.9,224.5,158.0,369.1,41.5,103.5,88.5,99.5,0.344405,-0.643725,0.280639,-0.913878,-0.117155,-0.796723,21.0,56601201800.0,0.184518,24.759296,-1.071273,-0.427548,-0.005336,,,,,
MD,2022,566.0,199.4,220.4,140.0,366.6,36.3,112.3,76.7,90.7,0.352297,-0.608958,0.24735,-1.129356,-0.167656,-0.9617,21.0,56745829990.0,0.181882,24.761848,-1.045854,-0.436896,-0.002573,,,,,
MD,2023,621.0,170.3,197.9,146.0,450.7,33.5,94.1,103.5,112.9,0.274235,-0.97324,0.235105,-1.032813,-0.086931,-0.945882,21.0,57355624700.0,0.183299,24.772537,-1.214294,-0.241054,0.079475,,,,,
MD,2024,578.0,166.6,199.0,151.0,411.4,35.9,95.1,85.1,109.9,0.288235,-0.90397,0.261246,-0.974192,-0.255744,-0.718448,21.0,57049372410.0,0.198167,24.767183,-1.230906,-0.326936,0.013072,,,,,
ME,1982,166.0,78.2,87.0,60.0,87.8,20.6,40.9,27.4,15.1,0.471084,-0.115792,0.361446,-0.685839,0.595848,-1.281687,20.0,7649000000.0,0.723363,22.757841,0.02211,0.137901,0.774828,,,,,
ME,1983,224.0,117.3,130.7,78.0,106.7,26.2,65.7,24.8,13.3,0.523661,0.094714,0.348214,-0.91934,0.62308,-1.542419,20.0,7713000000.0,0.709063,22.766173,0.419242,0.324529,1.066154,0.0,0.0,0.0,0.0,9.252537
ME,1984,232.0,111.3,124.1,71.0,120.7,28.8,63.3,29.2,17.7,0.479741,-0.081079,0.306034,-0.78751,0.500604,-1.288114,20.0,8655000000.0,0.718313,22.881403,0.251507,0.332586,0.986015,0.0,0.0,0.0,0.0,9.350102
ME,1985,206.0,82.7,102.8,63.0,123.3,20.4,42.7,31.6,20.3,0.401456,-0.399401,0.305825,-0.738664,0.442536,-1.1812,20.5,9277000000.0,0.725019,22.950804,-0.114904,0.284497,0.797753,0.0,0.0,0.0,0.0,9.417436
ME,1986,214.0,91.0,110.4,50.0,123.0,22.5,41.3,26.5,13.7,0.425234,-0.301325,0.233645,-0.607347,0.659749,-1.267096,21.0,10022000000.0,0.728797,23.028049,-0.096508,0.204817,0.758608,0.0,0.0,0.0,0.0,9.493412
ME,1987,232.0,87.2,111.8,64.0,144.8,19.7,45.4,31.3,23.6,0.375862,-0.507149,0.275862,-0.834893,0.282371,-1.117265,21.0,10766000000.0,0.728683,23.099659,-0.210774,0.296375,0.767759,0.0,0.0,1.0,0.0,9.574428
ME,1988,256.0,79.0,93.0,70.0,177.0,13.6,35.5,31.4,29.5,0.308594,-0.806702,0.273438,-0.959463,0.062418,-1.021881,21.0,11401000000.0,0.731339,23.156967,-0.366838,0.439864,0.808891,0.0,0.0,1.0,1.0,9.65098
ME,1989,194.0,59.2,65.8,44.0,134.8,9.2,32.3,32.8,18.7,0.305155,-0.822871,0.226804,-1.255864,0.561905,-1.817769,21.0,11739000000.0,0.732004,23.186182,-0.68458,0.13829,0.502356,0.0,0.0,1.0,1.0,9.718242
ME,1990,213.0,71.8,92.8,48.0,141.2,16.5,37.4,23.5,15.6,0.337089,-0.676293,0.225352,-0.81831,0.40973,-1.22804,21.0,11871000000.0,0.735406,23.197364,-0.502799,0.173494,0.584609,0.0,0.0,1.0,1.0,9.750278
ME,1991,205.0,56.0,80.4,47.0,149.0,14.3,31.0,33.7,24.0,0.273171,-0.978595,0.229268,-0.773728,0.339444,-1.113172,21.0,11849000000.0,0.73618,23.195509,-0.749477,0.229118,0.548181,0.0,0.0,1.0,1.0,9.758462
ME,1992,214.0,73.7,87.0,49.0,140.3,31.2,30.1,33.8,15.9,0.344393,-0.64378,0.228972,0.035893,0.754142,-0.718249,21.0,12151000000.0,0.737717,23.220677,-0.499994,0.143786,0.565979,0.0,0.0,1.0,1.0,9.798571
ME,1993,185.0,58.5,72.6,57.0,126.5,10.4,30.8,30.6,18.2,0.316216,-0.771216,0.308108,-1.085709,0.519578,-1.605287,21.0,12182000000.0,0.738056,23.223225,-0.733518,0.037698,0.417811,0.0,0.0,1.0,1.0,9.823524
ME,1994,188.0,46.9,58.4,37.0,141.1,10.8,24.9,28.2,19.1,0.249468,-1.101451,0.196809,-0.835322,0.389634,-1.224955,21.0,12469000000.0,0.734141,23.246511,-0.977813,0.123638,0.410611,0.0,0.0,1.0,1.0,9.862145
ME,1995,187.0,51.1,55.6,38.0,135.9,10.4,24.5,32.6,13.5,0.273262,-0.978135,0.203209,-0.856867,0.881623,-1.73849,21.0,12589000000.0,0.735404,23.256089,-0.901624,0.076511,0.3957,0.0,0.0,1.0,1.0,9.903238
ME,1996,169.0,49.5,62.0,51.0,119.5,14.8,25.3,29.2,13.7,0.292899,-0.881344,0.301775,-0.536177,0.756773,-1.29295,21.0,12819000000.0,0.736407,23.274194,-0.951541,-0.070197,0.276385,0.0,1.0,1.0,1.0,9.949798
ME,1997,192.0,53.1,60.4,42.0,138.9,9.5,26.0,32.5,16.0,0.276562,-0.961577,0.21875,-1.006805,0.708651,-1.715456,21.0,13245000000.0,0.739902,23.306886,-0.914028,0.047549,0.37129,0.0,1.0,1.0,1.0,9.99593
ME,1998,192.0,44.9,50.5,52.0,147.1,10.6,23.7,40.4,24.3,0.233854,-1.186675,0.270833,-0.804621,0.508353,-1.312974,21.0,13540000000.0,0.736189,23.328914,-1.103796,0.082879,0.349262,,,,,
ME,1999,181.0,48.4,55.2,45.0,132.6,11.6,24.0,34.4,16.0,0.267403,-1.007837,0.248619,-0.727049,0.765468,-1.492517,21.0,14144000000.0,0.739112,23.372556,-1.072376,-0.064539,0.246621,,,,,
ME,2000,169.0,40.1,49.0,39.0,128.9,11.8,19.1,30.2,15.9,0.237278,-1.167661,0.230769,-0.481589,0.641523,-1.123112,21.0,14190000000.0,0.738337,23.375803,-1.263746,-0.096086,0.174776,,,,,
ME,2001,192.0,58.5,62.4,33.0,133.5,9.6,27.7,26.4,19.3,0.304688,-0.825075,0.171875,-1.059669,0.313259,-1.372928,21.0,14423000000.0,0.737919,23.39209,-0.902382,-0.077308,0.286086,,,,,
ME,2002,216.0,43.5,47.1,42.0,172.5,4.9,26.7,40.1,20.3,0.201389,-1.377636,0.194444,-1.695428,0.680755,-2.376184,21.0,14727000000.0,0.743125,23.412948,-1.219507,0.15813,0.383011,,,,,
ME,2003,207.0,65.1,71.2,57.0,141.9,14.3,35.0,31.7,22.0,0.314493,-0.779198,0.275362,-0.895089,0.365274,-1.260363,21.0,14912000000.0,0.742355,23.425432,-0.828827,-0.049629,0.327967,,,,,
ME,2004,194.0,57.4,68.6,50.0,136.6,18.0,26.8,31.0,17.2,0.295876,-0.867013,0.257732,-0.39803,0.589078,-0.987108,21.0,14948000000.0,0.747525,23.427843,-0.957118,-0.090106,0.260696,,,,,
ME,2005,169.0,50.0,58.7,45.0,119.0,13.6,23.8,20.4,15.2,0.295858,-0.8671,0.266272,-0.559616,0.294239,-0.853855,21.0,14925000000.0,0.720268,23.426303,-1.0936,-0.226499,0.124276,,,,,
ME,2006,188.0,52.3,71.1,41.0,135.7,9.0,27.3,25.0,19.7,0.278191,-0.95345,0.218085,-1.109662,0.238257,-1.347919,21.0,15044000000.0,0.718958,23.434245,-1.056568,-0.103118,0.222878,,,,,
ME,2007,183.0,66.1,74.5,56.0,116.9,17.2,31.7,22.8,16.3,0.361202,-0.57015,0.306011,-0.611407,0.335595,-0.947003,21.0,15035000000.0,0.721516,23.433647,-0.821797,-0.251647,0.19652,,,,,
ME,2008,155.0,42.3,46.6,35.0,112.7,14.1,18.0,23.9,15.0,0.272903,-0.979942,0.225806,-0.244197,0.465828,-0.710025,21.0,14559000000.0,0.721822,23.401475,-1.236007,-0.256065,0.062631,,,,,
ME,2009,159.0,45.9,52.9,28.0,113.1,11.2,18.1,28.8,5.9,0.288679,-0.901807,0.176101,-0.479998,1.585423,-2.065421,21.0,14491000000.0,0.720585,23.396794,-1.149648,-0.24784,0.092791,,,,,
ME,2010,161.0,39.7,49.6,38.0,121.3,8.2,24.8,32.8,17.2,0.246584,-1.116916,0.236025,-1.106709,0.645519,-1.752229,21.0,14549383103.05,0.720693,23.400814,-1.298782,-0.181867,0.101271,,,,,
ME,2011,136.0,23.4,39.4,40.0,112.6,4.1,10.0,27.9,19.0,0.172059,-1.571106,0.294118,-0.891598,0.384188,-1.275786,21.0,14248229038.1,0.72319,23.379898,-1.806482,-0.235376,-0.046563,,,,,
ME,2012,164.0,50.0,63.4,52.0,114.0,11.1,29.4,17.9,26.6,0.304878,-0.824175,0.317073,-0.97405,-0.396111,-0.577939,21.0,14198826295.42,0.722221,23.376425,-1.043721,-0.219546,0.144122,,,,,
ME,2013,144.0,40.7,52.0,38.0,103.3,11.8,18.7,26.2,17.3,0.282639,-0.931409,0.263889,-0.460424,0.415053,-0.875477,21.0,14129250042.85,0.724345,23.371513,-1.244604,-0.313195,0.018981,,,,,
ME,2014,131.0,37.2,44.1,26.0,93.8,11.0,11.4,17.0,11.6,0.283969,-0.924856,0.198473,-0.035718,0.382208,-0.417926,21.0,14301497322.349998,0.722133,23.38363,-1.346641,-0.421784,-0.087752,,,,,
ME,2015,156.0,51.7,68.4,44.0,104.3,11.5,21.3,18.5,16.7,0.33141,-0.701814,0.282051,-0.61636,0.102362,-0.718722,21.0,14629439171.25,0.721117,23.406302,-1.040163,-0.33835,0.064235,,,,,
ME,2016,160.0,62.6,70.3,42.0,97.4,9.3,28.3,20.7,12.7,0.39125,-0.442061,0.2625,-1.112847,0.488532,-1.601379,21.0,14838257522.86,0.675277,23.420475,-0.863029,-0.420968,0.07538,,,,,
ME,2017,173.0,47.5,58.6,35.0,125.5,13.3,20.5,28.7,16.5,0.274566,-0.971576,0.202312,-0.432661,0.553537,-0.986198,21.0,14738117894.35,0.680818,23.413703,-1.132293,-0.160717,0.160269,,,,,
ME,2018,136.0,38.5,46.5,33.0,97.5,9.2,13.1,16.8,14.9,0.283088,-0.929194,0.242647,-0.353409,0.120018,-0.473426,21.0,14783554893.25,0.688501,23.416781,-1.345442,-0.416248,-0.083446,,,,,
ME,2019,157.0,49.3,56.3,32.0,107.7,10.7,21.0,20.3,13.0,0.314013,-0.781426,0.203822,-0.674279,0.445672,-1.11995,21.0,14871468159.24,0.689317,23.42271,-1.104106,-0.32268,0.054216,,,,,
ME,2020,164.0,59.7,67.5,41.0,104.3,17.8,22.1,20.2,14.9,0.364024,-0.557939,0.25,-0.216379,0.304321,-0.520701,21.0,13086417260.0,0.695709,23.294841,-0.784828,-0.226889,0.225706,,,,,
ME,2021,153.0,44.1,60.5,26.0,108.9,10.1,13.2,23.9,13.8,0.288235,-0.90397,0.169935,-0.267681,0.54921,-0.816891,21.0,14559825010.0,0.690741,23.401532,-1.194391,-0.290421,0.049587,,,,,
ME,2022,182.0,63.9,80.3,42.0,118.1,9.5,28.3,27.5,13.7,0.351099,-0.614212,0.230769,-1.09157,0.69679,-1.78836,21.0,14651089720.0,0.693772,23.407781,-0.82978,-0.215568,0.216907,,,,,
ME,2023,135.0,38.9,50.4,28.0,96.1,11.7,14.0,22.3,15.0,0.288148,-0.904395,0.207407,-0.179468,0.396536,-0.576005,21.0,14888162410.0,0.697701,23.423832,-1.342157,-0.437762,-0.097877,,,,,
ME,2024,177.0,49.0,64.0,29.0,128.0,10.7,15.5,24.3,16.5,0.276836,-0.96021,0.163842,-0.370596,0.387116,-0.757712,21.0,15160938320.0,0.660768,23.441988,-1.129487,-0.169277,0.154842,,,,,
MI,1982,1392.0,712.0,805.7,438.0,680.0,117.5,465.1,174.5,146.9,0.511494,0.045985,0.314655,-1.375814,0.172173,-1.547987,21.0,61200000000.0,0.375882,24.837413,0.151346,0.105361,0.821765,,,,,
MI,1983,1314.0,661.8,725.3,418.0,652.2,99.5,424.8,151.5,129.2,0.503653,0.014612,0.318113,-1.451461,0.159224,-1.610685,21.0,60855000000.0,0.384175,24.83176,0.083884,0.069272,0.769752,0.0,0.0,0.0,0.0,9.404508
MI,1984,1531.0,722.5,817.2,418.0,808.5,128.8,423.2,183.2,165.8,0.471914,-0.112463,0.273024,-1.189584,0.099796,-1.28938,21.0,63613000000.0,0.386792,24.876084,0.127314,0.239778,0.878273,0.0,0.0,0.0,0.0,9.507478
MI,1985,1545.0,630.0,728.2,400.0,915.0,118.2,370.0,217.8,167.0,0.407767,-0.373204,0.2589,-1.141125,0.265583,-1.406708,21.0,67402000000.0,0.396383,24.933941,-0.06754,0.305664,0.829519,0.0,0.0,0.0,0.0,9.584659
MI,1986,1605.0,675.9,796.8,450.0,929.1,125.5,394.1,230.5,171.9,0.421121,-0.318171,0.280374,-1.144299,0.293338,-1.437637,21.0,71981000000.0,0.382448,24.999668,-0.062942,0.255229,0.801892,0.0,1.0,0.0,0.0,9.638089
MI,1987,1602.0,671.0,778.5,392.0,931.0,129.5,380.9,201.5,183.1,0.418851,-0.32749,0.244694,-1.078856,0.095757,-1.174613,21.0,75706000000.0,0.409981,25.050123,-0.120673,0.206817,0.749566,0.0,1.0,1.0,0.0,9.674011
MI,1988,1708.0,685.8,811.0,449.0,1022.2,135.7,392.8,250.3,213.2,0.401522,-0.399126,0.262881,-1.062854,0.16043,-1.223284,21.0,77899000000.0,0.39496,25.078679,-0.127412,0.271714,0.78508,0.0,1.0,1.0,0.0,9.738023
MI,1989,1639.0,610.7,730.6,413.0,1028.3,113.1,372.3,265.9,187.7,0.372605,-0.521056,0.251983,-1.191428,0.348275,-1.539703,21.0,79890000000.0,0.393704,25.103917,-0.26863,0.252426,0.718606,0.0,1.0,1.0,0.0,9.797405
MI,1990,1571.0,642.8,743.1,432.0,928.2,96.9,410.5,241.1,161.5,0.409166,-0.367414,0.274984,-1.443696,0.400707,-1.844403,21.0,81091000000.0,0.401253,25.118838,-0.232323,0.13509,0.661311,0.0,1.0,1.0,0.0,9.836225
MI,1991,1421.0,547.3,634.6,377.0,873.7,81.7,363.0,218.3,153.0,0.385151,-0.46774,0.265306,-1.491349,0.355432,-1.846781,21.0,81935000000.0,0.404198,25.129192,-0.403514,0.064226,0.550605,0.0,1.0,1.0,0.0,9.853351
MI,1992,1300.0,428.1,506.0,314.0,871.9,84.8,250.3,238.2,152.7,0.329308,-0.711318,0.241538,-1.082365,0.444635,-1.527,21.0,84219000000.0,0.370866,25.156686,-0.676649,0.034669,0.434114,0.0,1.0,1.0,0.0,9.896513
MI,1993,1414.0,490.0,576.3,333.0,924.0,101.3,277.6,217.7,158.4,0.346535,-0.634307,0.235502,-1.008095,0.317994,-1.326089,21.0,85686000000.0,0.359382,25.173955,-0.558869,0.075438,0.500903,0.0,1.0,1.0,0.0,9.949369
MI,1994,1421.0,477.2,556.2,286.0,943.8,86.3,280.3,216.7,166.7,0.33582,-0.681979,0.201267,-1.178031,0.262318,-1.440349,21.0,85183000000.0,0.365672,25.168068,-0.579451,0.102527,0.511729,0.0,1.0,1.0,0.0,10.014045
MI,1995,1530.0,472.0,571.0,337.0,1058.0,90.7,265.1,231.3,175.9,0.308497,-0.807157,0.220261,-1.07255,0.2738,-1.34635,21.0,85703000000.0,0.363383,25.174154,-0.596494,0.210663,0.57955,0.0,1.0,1.0,0.0,10.06079
MI,1996,1505.0,478.5,565.5,334.0,1026.5,92.3,268.4,244.7,180.6,0.31794,-0.763254,0.221927,-1.067434,0.303748,-1.371183,21.0,90215000000.0,0.381333,25.225462,-0.634125,0.129129,0.511767,0.0,1.0,1.0,0.0,10.085642
MI,1997,1446.0,427.1,522.0,319.0,1018.9,52.7,263.9,231.3,176.1,0.295367,-0.869461,0.220609,-1.610955,0.272664,-1.883618,21.0,91494000000.0,0.383358,25.239539,-0.76184,0.10762,0.457698,0.0,1.0,1.0,0.0,10.12487
MI,1998,1366.0,427.8,502.5,301.0,938.2,68.4,259.6,254.6,148.4,0.313177,-0.785307,0.220351,-1.333769,0.539782,-1.873552,21.0,93723000000.0,0.387322,25.263609,-0.784273,0.001034,0.376713,,,,,
MI,1999,1382.0,438.4,506.4,320.0,943.6,74.0,259.9,207.0,167.1,0.317221,-0.766571,0.231548,-1.256232,0.214126,-1.470358,21.0,95645000000.0,0.387244,25.283909,-0.780097,-0.013526,0.368058,,,,,
MI,2000,1382.0,400.4,476.6,306.0,981.6,61.4,253.4,252.6,187.6,0.289725,-0.89672,0.221418,-1.417559,0.297495,-1.715055,21.0,97792000000.0,0.383723,25.306109,-0.892964,0.003756,0.345859,,,,,
MI,2001,1328.0,395.0,467.2,314.0,933.0,70.5,243.3,196.5,163.7,0.29744,-0.859519,0.236446,-1.238683,0.182627,-1.421309,21.0,98987000000.0,0.379605,25.318254,-0.918688,-0.059168,0.293856,,,,,
MI,2002,1277.0,365.4,429.2,288.0,911.6,61.5,210.6,213.5,171.4,0.286139,-0.914209,0.225529,-1.230923,0.219637,-1.45056,21.0,100144000000.0,0.379873,25.329875,-1.008202,-0.093993,0.243075,,,,,
MI,2003,1283.0,340.0,423.3,308.0,943.0,59.0,199.3,251.0,180.7,0.265004,-1.020121,0.240062,-1.217274,0.328615,-1.545889,21.0,100756000000.0,0.308468,25.335968,-1.086341,-0.066221,0.24167,,,,,
MI,2004,1159.0,330.5,387.9,254.0,828.5,53.0,184.6,184.0,146.4,0.28516,-0.91901,0.219154,-1.247899,0.228593,-1.476493,21.0,103326000000.0,0.310328,25.361155,-1.139867,-0.220857,0.114839,,,,,
MI,2005,1129.0,326.9,391.0,249.0,802.1,61.6,194.9,190.4,141.1,0.289548,-0.897579,0.220549,-1.151825,0.299658,-1.451483,21.0,104052000000.0,0.306645,25.368157,-1.157822,-0.260243,0.081612,,,,,
MI,2006,1086.0,335.8,398.5,270.0,750.2,52.1,200.9,174.9,146.1,0.309208,-0.803824,0.248619,-1.349642,0.179923,-1.529565,21.0,104184000000.0,0.314242,25.369424,-1.132228,-0.328404,0.041513,,,,,
MI,2007,1087.0,304.0,377.9,257.0,783.0,52.0,184.7,192.0,151.3,0.279669,-0.946105,0.236431,-1.267489,0.238231,-1.50572,21.0,104614000000.0,0.306603,25.373543,-1.235835,-0.28973,0.038314,,,,,
MI,2008,980.0,284.5,334.5,255.0,695.5,46.9,177.9,143.1,128.1,0.290306,-0.893898,0.260204,-1.333204,0.110732,-1.443936,21.0,101825000000.0,0.312507,25.346521,-1.275107,-0.38121,-0.038288,,,,,
MI,2009,872.0,243.0,289.5,201.0,629.0,48.7,142.3,154.3,119.7,0.27867,-0.95107,0.230505,-1.072258,0.25391,-1.326169,21.0,96769000000.0,0.324939,25.295593,-1.38185,-0.430781,-0.104122,,,,,
MI,2010,942.0,237.9,293.3,229.0,704.1,46.9,137.4,173.1,132.6,0.252548,-1.08507,0.2431,-1.074879,0.266532,-1.341411,21.0,97567360271.43,0.327186,25.303809,-1.411278,-0.326208,-0.035123,,,,,
MI,2011,889.0,256.2,293.6,251.0,632.8,39.8,166.2,156.2,117.8,0.288189,-0.904196,0.28234,-1.429325,0.282149,-1.711474,21.0,94754269725.52,0.316351,25.274553,-1.307914,-0.403718,-0.063775,,,,,
MI,2012,940.0,261.3,310.0,246.0,678.7,37.7,155.6,147.3,124.4,0.277979,-0.95451,0.261702,-1.417629,0.168969,-1.586598,21.0,94547986549.12001,0.319034,25.272373,-1.286023,-0.331513,-0.005813,,,,,
MI,2013,947.0,248.8,306.5,238.0,698.2,41.4,141.9,167.6,142.1,0.262724,-1.031856,0.25132,-1.231842,0.165049,-1.396891,21.0,95131564984.14,0.294936,25.278527,-1.341197,-0.30934,-0.004547,,,,,
MI,2014,901.0,211.7,260.8,235.0,689.3,37.7,130.2,145.3,168.8,0.234961,-1.180506,0.260821,-1.239412,-0.149914,-1.089498,21.0,97384022333.99,0.290823,25.301928,-1.526077,-0.345571,-0.077742,,,,,
MI,2015,963.0,267.3,314.1,239.0,695.7,47.1,149.2,175.9,139.8,0.27757,-0.956547,0.248183,-1.153015,0.229703,-1.382718,21.0,97843196500.51,0.297576,25.306632,-1.29758,-0.341033,-0.015898,,,,,
MI,2016,1065.0,247.8,306.0,238.0,817.2,48.7,140.6,213.3,172.4,0.232676,-1.193262,0.223474,-1.06024,0.212882,-1.273122,21.0,99432538091.23,0.300835,25.322745,-1.389443,-0.196181,0.068666,,,,,
MI,2017,1031.0,302.8,358.8,251.0,728.2,69.3,155.3,174.7,152.7,0.293695,-0.877503,0.243453,-0.806914,0.134595,-0.941509,21.0,101757198694.91,0.304872,25.345855,-1.212102,-0.334599,0.01311,,,,,
MI,2018,977.0,283.7,339.4,230.0,693.3,58.7,146.7,153.3,148.3,0.290379,-0.893545,0.235415,-0.91595,0.03316,-0.949109,21.0,102397557493.83,0.304732,25.352129,-1.283531,-0.389985,-0.046961,,,,,
MI,2019,986.0,263.8,306.1,228.0,722.2,52.6,142.9,175.4,139.1,0.267546,-1.007111,0.231237,-0.999429,0.231876,-1.231305,21.0,102173717544.92,0.306167,25.34994,-1.354068,-0.346957,-0.035603,,,,,
MI,2020,1086.0,303.2,361.0,274.0,782.8,81.7,143.2,196.3,184.8,0.27919,-0.948485,0.252302,-0.561188,0.06037,-0.621558,21.0,86546994920.0,0.318821,25.183953,-1.04888,-0.100395,0.226984,,,,,
MI,2021,1137.0,326.0,388.5,273.0,811.0,72.9,159.4,207.1,174.6,0.286719,-0.911371,0.240106,-0.782328,0.170704,-0.953032,21.0,96744486140.0,0.31963,25.295339,-1.087761,-0.17639,0.16149,,,,,
MI,2022,1124.0,293.9,349.9,261.0,830.1,66.7,149.1,190.3,196.9,0.261477,-1.038307,0.232206,-0.804412,-0.034094,-0.770318,21.0,95900793860.0,0.318055,25.28658,-1.18266,-0.144353,0.15875,,,,,
MI,2023,1096.0,286.6,340.1,229.0,809.4,64.6,149.1,190.4,163.9,0.261496,-1.038206,0.208942,-0.836403,0.149871,-0.986273,21.0,98288778860.0,0.319496,25.311176,-1.232407,-0.194202,0.108928,,,,,
MI,2024,1098.0,306.8,346.9,244.0,791.2,65.8,149.4,189.2,165.6,0.279417,-0.947355,0.222222,-0.820007,0.133229,-0.953237,21.0,99661426000.0,0.311483,25.325045,-1.178168,-0.230813,0.096882,,,,,
MN,1982,571.0,270.9,301.2,159.0,300.1,51.8,164.7,78.2,42.3,0.474431,-0.102366,0.278459,-1.156735,0.614483,-1.771218,19.0,29176000000.0,0.52197,24.096612,-0.074182,0.028184,0.671458,,,,,
MN,1983,555.0,257.7,302.8,144.0,297.3,54.0,144.9,80.0,43.1,0.464324,-0.142946,0.259459,-0.98706,0.618504,-1.605563,19.0,31063000000.0,0.520974,24.159283,-0.186806,-0.043861,0.580366,0.0,0.0,0.0,0.0,9.418167
MN,1984,582.0,269.1,317.7,129.0,312.9,47.5,148.9,80.5,46.1,0.462371,-0.150801,0.221649,-1.142545,0.557444,-1.699989,19.0,31903000000.0,0.508416,24.185966,-0.170202,-0.019401,0.601185,0.0,0.0,0.0,0.0,9.545025
MN,1985,608.0,225.3,272.3,152.0,382.7,33.4,141.1,93.6,62.9,0.370559,-0.529819,0.25,-1.440913,0.397484,-1.838397,19.0,32688000000.0,0.493943,24.210274,-0.37216,0.157658,0.620582,0.0,0.0,0.0,0.0,9.599405
MN,1986,571.0,230.8,264.8,155.0,340.2,37.1,140.0,74.9,49.0,0.404203,-0.387982,0.271454,-1.328025,0.424334,-1.752359,19.67,33806000000.0,0.475596,24.243904,-0.381672,0.00631,0.524166,0.0,1.0,0.0,0.0,9.650271
MN,1987,530.0,208.0,230.5,136.0,322.0,29.4,121.3,71.6,52.7,0.392453,-0.437013,0.256604,-1.417272,0.30648,-1.723752,21.0,35167000000.0,0.470071,24.283374,-0.525155,-0.088142,0.410184,0.0,1.0,1.0,0.0,9.709842
MN,1988,612.0,223.8,272.2,152.0,388.2,37.9,121.3,106.1,57.7,0.365686,-0.550768,0.248366,-1.163316,0.609125,-1.772441,21.0,36447000000.0,0.469833,24.319125,-0.487691,0.063076,0.518288,0.0,1.0,1.0,0.0,9.747711
MN,1989,604.0,240.4,272.9,142.0,363.6,56.6,127.3,95.4,37.7,0.398013,-0.41375,0.235099,-0.810538,0.928418,-1.738956,21.0,37393000000.0,0.480438,24.344749,-0.441764,-0.028014,0.479506,0.0,1.0,1.0,0.0,9.820323
MN,1990,566.0,209.9,246.0,143.0,356.1,33.5,134.3,80.5,55.7,0.370848,-0.52858,0.25265,-1.388531,0.368277,-1.756808,21.0,38946000000.0,0.480922,24.385442,-0.61813,-0.08955,0.373833,0.0,1.0,1.0,0.0,9.870344
MN,1991,531.0,173.2,222.5,134.0,357.8,27.7,99.0,76.3,60.0,0.326177,-0.725527,0.252354,-1.273687,0.240328,-1.514016,21.0,39254000000.0,0.472003,24.393319,-0.818191,-0.092664,0.302124,0.0,1.0,1.0,0.0,9.895707
MN,1992,581.0,204.8,228.5,128.0,376.2,29.8,128.4,82.2,46.6,0.352496,-0.608087,0.22031,-1.460642,0.567555,-2.028197,21.0,41162000000.0,0.485156,24.440781,-0.698067,-0.08998,0.34465,0.0,1.0,1.0,0.0,9.95826
MN,1993,538.0,173.3,202.7,107.0,364.7,40.0,97.5,79.0,36.5,0.322119,-0.744051,0.198885,-0.890973,0.772136,-1.663109,21.0,42214000000.0,0.481096,24.466018,-0.890313,-0.146262,0.242522,0.0,1.0,1.0,0.0,9.97525
MN,1994,646.0,205.4,240.5,120.0,440.6,37.1,106.3,97.9,48.7,0.317957,-0.763178,0.185759,-1.052648,0.698268,-1.750916,21.0,43317000000.0,0.47778,24.491811,-0.746171,0.017007,0.399669,0.0,1.0,1.0,0.0,10.034604
MN,1995,597.0,218.7,255.4,123.0,378.3,39.9,113.9,75.1,58.1,0.366332,-0.547987,0.20603,-1.048945,0.256655,-1.305599,21.0,44072000000.0,0.476856,24.50909,-0.700709,-0.152722,0.303507,0.0,1.0,1.0,0.0,10.074748
MN,1996,576.0,174.5,205.2,117.0,401.5,30.7,95.5,111.3,48.5,0.302951,-0.833283,0.203125,-1.134864,0.830665,-1.965529,21.0,44465000000.0,0.475655,24.517968,-0.935363,-0.10208,0.25882,0.0,1.0,1.0,0.0,10.135987
MN,1997,600.0,162.8,184.0,107.0,437.2,24.8,90.1,105.2,40.9,0.271333,-0.987868,0.178333,-1.290077,0.944733,-2.23481,21.0,49082000000.0,0.494255,24.616758,-1.103555,-0.115687,0.200852,0.0,1.0,1.0,0.0,10.175155
MN,1998,650.0,216.3,265.7,142.0,433.7,28.6,124.7,92.4,56.3,0.332769,-0.695687,0.218462,-1.472504,0.495432,-1.967937,21.0,49628000000.0,0.489421,24.627821,-0.830474,-0.134787,0.269832,,,,,
MN,1999,626.0,168.2,194.0,102.0,457.8,32.5,84.5,95.5,56.5,0.26869,-1.001279,0.162939,-0.955511,0.524886,-1.480397,21.0,51410000000.0,0.487473,24.663099,-1.117264,-0.115985,0.196933,,,,,
MN,2000,625.0,213.7,246.5,119.0,411.3,34.0,121.1,89.0,51.9,0.34192,-0.65475,0.1904,-1.270256,0.539318,-1.809574,21.0,52601000000.0,0.482919,24.686001,-0.900747,-0.245997,0.172431,,,,,
MN,2001,568.0,184.0,213.6,117.0,384.0,35.3,96.7,96.7,38.3,0.323944,-0.735707,0.205986,-1.00773,0.926164,-1.933894,21.0,53341000000.0,0.484524,24.699971,-1.064355,-0.328648,0.062831,,,,,
MN,2002,657.0,198.1,243.1,152.0,458.9,37.4,108.6,108.6,76.4,0.301522,-0.84006,0.231355,-1.066001,0.351689,-1.417689,21.0,54562000000.0,0.486859,24.722604,-1.013151,-0.17309,0.185761,,,,,
MN,2003,655.0,213.4,257.6,164.0,441.6,34.5,125.7,110.5,72.3,0.325802,-0.727236,0.250382,-1.292939,0.424191,-1.71713,21.0,55296000000.0,0.48376,24.735966,-0.952117,-0.224881,0.16935,,,,,
MN,2004,567.0,156.0,179.6,117.0,411.0,36.2,85.8,86.8,45.2,0.275132,-0.968737,0.206349,-0.86296,0.65251,-1.515469,21.0,56570000000.0,0.489871,24.758745,-1.288208,-0.319471,0.002295,,,,,
MN,2005,559.0,164.6,194.6,122.0,394.4,33.0,86.0,95.0,53.0,0.294454,-0.873847,0.218247,-0.95784,0.583585,-1.541425,21.0,56904000000.0,0.48972,24.764631,-1.240432,-0.366585,-0.017801,,,,,
MN,2006,494.0,149.0,176.5,114.0,345.0,23.8,83.6,85.2,49.4,0.301619,-0.839598,0.230769,-1.256358,0.545051,-1.801409,21.0,56518000000.0,0.481687,24.757825,-1.333198,-0.4936,-0.134609,,,,,
MN,2007,510.0,172.9,194.9,106.0,337.1,45.8,81.0,85.2,40.0,0.33902,-0.667666,0.207843,-0.570165,0.756122,-1.326287,21.0,57233000000.0,0.474447,24.770396,-1.197002,-0.529336,-0.115305,,,,,
MN,2008,455.0,131.8,159.1,101.0,323.2,19.4,81.9,49.6,48.1,0.28967,-0.896986,0.221978,-1.440226,0.030709,-1.470935,21.0,57995000000.0,0.439469,24.783623,-1.481656,-0.584671,-0.242644,,,,,
MN,2009,421.0,106.8,130.2,65.0,314.2,13.6,60.8,63.4,33.2,0.253682,-1.079072,0.154394,-1.49752,0.646914,-2.144434,21.0,56878521032.77,0.432134,24.764184,-1.672545,-0.593473,-0.30087,,,,,
MN,2010,411.0,128.1,136.2,62.0,282.9,26.2,58.5,64.8,41.5,0.311679,-0.792282,0.150852,-0.803267,0.445612,-1.24888,21.0,56631674461.43,0.434143,24.759834,-1.486342,-0.69406,-0.32056,,,,,
MN,2011,368.0,110.2,133.7,80.0,257.8,18.7,61.6,57.3,32.4,0.299457,-0.849887,0.217391,-1.192138,0.570142,-1.762281,21.0,56684717982.41,0.433696,24.76077,-1.637793,-0.787906,-0.432007,,,,,
MN,2012,395.0,115.1,132.6,76.0,279.9,29.1,44.6,79.9,36.4,0.291392,-0.888631,0.192405,-0.426996,0.786207,-1.213203,21.0,56988318031.57,0.429676,24.766112,-1.59963,-0.710999,-0.366546,,,,,
MN,2013,387.0,95.3,115.4,64.0,291.7,14.9,48.4,66.1,34.6,0.246253,-1.118696,0.165375,-1.178139,0.647315,-1.825454,21.0,56974045131.21,0.40928,24.765862,-1.788151,-0.669455,-0.386756,,,,,
MN,2014,361.0,109.2,123.2,56.0,251.8,23.3,31.6,63.7,32.4,0.302493,-0.835454,0.155125,-0.304704,0.676026,-0.98073,21.0,57394871669.56,0.408614,24.773221,-1.659359,-0.823905,-0.463662,,,,,
MN,2015,411.0,117.6,147.3,68.0,293.4,20.1,58.1,66.9,29.9,0.286131,-0.914248,0.16545,-1.061446,0.80534,-1.866786,21.0,57394871669.56,0.408614,24.773221,-1.585251,-0.671003,-0.333947,,,,,
MN,2016,392.0,95.4,120.1,59.0,296.6,20.6,46.6,79.4,48.4,0.243367,-1.134306,0.15051,-0.816309,0.494999,-1.311308,21.0,59028801692.76,0.407891,24.801291,-1.822532,-0.688226,-0.409349,,,,,
MN,2017,358.0,84.6,104.6,62.0,273.4,20.7,34.7,65.3,36.3,0.236313,-1.173002,0.173184,-0.516606,0.587174,-1.10378,21.0,59970853922.63,0.406485,24.817125,-1.95851,-0.785508,-0.515911,,,,,
MN,2018,381.0,104.7,123.9,74.0,276.3,24.1,46.4,64.9,42.6,0.274803,-0.970388,0.194226,-0.655088,0.420993,-1.076081,21.0,60438314085.77,0.408219,24.824889,-1.753109,-0.782721,-0.461409,,,,,
MN,2019,364.0,85.0,102.0,57.0,279.0,22.1,34.7,62.9,38.3,0.233516,-1.188561,0.156593,-0.451162,0.496096,-0.947258,21.0,60730981097.25,0.408806,24.82972,-1.966388,-0.777827,-0.511885,,,,,
MN,2020,394.0,107.5,134.0,88.0,286.5,23.8,42.0,78.2,53.0,0.272843,-0.980248,0.22335,-0.567984,0.388978,-0.956962,21.0,51619441140.0,0.429423,24.667164,-1.568993,-0.588745,-0.270133,,,,,
MN,2021,488.0,136.7,159.6,113.0,351.3,30.5,61.3,75.5,69.7,0.280123,-0.943852,0.231557,-0.698053,0.079932,-0.777985,21.0,57171109390.0,0.429382,24.769315,-1.430845,-0.486993,-0.158318,,,,,
MN,2022,444.0,135.8,159.7,91.0,308.2,41.8,56.6,81.2,52.4,0.305856,-0.819566,0.204955,-0.303113,0.438009,-0.741121,21.0,57470623750.0,0.418229,24.77454,-1.442676,-0.62311,-0.258034,,,,,
MN,2023,402.0,98.8,116.3,65.0,303.2,20.9,44.5,68.1,38.5,0.245771,-1.121295,0.161692,-0.75574,0.570319,-1.326059,21.0,58046121330.0,0.406099,24.784504,-1.770725,-0.64943,-0.367371,,,,,
MN,2024,477.0,108.9,135.1,91.0,368.1,21.2,52.9,70.8,44.1,0.228302,-1.217925,0.190776,-0.914402,0.473399,-1.387801,21.0,59181372850.0,0.400495,24.803873,-1.692762,-0.474837,-0.215675,,,,,
MO,1982,890.0,394.0,452.7,271.0,496.0,82.9,237.4,103.1,115.6,0.442697,-0.230225,0.304494,-1.052111,-0.114437,-0.937675,21.0,35003000000.0,0.497986,24.2787,0.118332,0.348557,0.933203,,,,,
MO,1983,911.0,424.4,470.7,268.0,486.6,76.3,258.8,108.7,101.2,0.465862,-0.136766,0.294182,-1.221383,0.071493,-1.292876,21.0,36543000000.0,0.484279,24.321755,0.149602,0.286368,0.913468,0.0,0.0,0.0,0.0,9.362804
MO,1984,967.0,401.8,456.9,259.0,565.2,79.2,236.1,118.8,117.9,0.415512,-0.341225,0.267839,-1.092279,0.007605,-1.099884,21.0,38535000000.0,0.486467,24.374833,0.041802,0.383028,0.920046,0.0,0.0,0.0,0.0,9.461877
MO,1985,931.0,357.9,408.1,262.0,573.1,55.3,212.6,100.7,127.4,0.384425,-0.470807,0.281418,-1.34664,-0.235186,-1.111454,21.0,39284000000.0,0.477726,24.394083,-0.093149,0.377658,0.862857,0.0,0.0,0.0,0.0,9.527848
MO,1986,1129.0,491.8,578.9,325.0,637.2,95.2,282.5,126.8,153.5,0.435607,-0.259011,0.287865,-1.087699,-0.19109,-0.896609,21.0,41571000000.0,0.483438,24.450669,0.168084,0.427096,0.9991,0.0,1.0,0.0,0.0,9.573802
MO,1987,1045.0,449.9,509.6,254.0,595.1,88.7,254.4,117.3,115.6,0.430526,-0.279704,0.243062,-1.053648,0.014599,-1.068247,21.0,43379000000.0,0.482307,24.493241,0.036465,0.316169,0.879212,0.0,1.0,1.0,0.0,9.62139
MO,1988,1103.0,495.5,567.7,310.0,607.5,102.0,272.7,119.0,103.3,0.449229,-0.203785,0.281052,-0.983399,0.141486,-1.124886,21.0,45570000000.0,0.48025,24.542515,0.083733,0.287517,0.883954,0.0,1.0,1.0,0.0,9.67464
MO,1989,1052.0,460.6,533.8,275.0,591.4,94.6,262.9,118.4,113.1,0.437833,-0.249963,0.261407,-1.022116,0.045796,-1.067913,21.0,48087000000.0,0.484102,24.596278,-0.043067,0.206896,0.782851,0.0,1.0,1.0,0.0,9.738672
MO,1990,1097.0,473.6,562.4,296.0,623.4,91.8,266.1,158.2,128.9,0.431723,-0.274825,0.269827,-1.06426,0.204823,-1.269083,21.0,50883000000.0,0.495038,24.652795,-0.071751,0.203074,0.76822,0.0,1.0,1.0,0.0,9.777868
MO,1991,1011.0,438.1,500.4,263.0,572.9,89.7,252.1,123.3,100.9,0.433333,-0.268264,0.260138,-1.033355,0.20049,-1.233846,21.0,50982000000.0,0.489898,24.654738,-0.151611,0.116653,0.684637,0.0,1.0,1.0,0.0,9.81493
MO,1992,985.0,393.3,454.4,240.0,591.7,82.5,210.2,116.5,104.8,0.399289,-0.408427,0.243655,-0.935261,0.105838,-1.041099,21.0,53254000000.0,0.468847,24.698339,-0.303085,0.105342,0.614984,0.0,1.0,1.0,0.0,9.85849
MO,1993,947.0,388.3,439.7,247.0,558.7,65.8,218.1,120.2,104.9,0.410032,-0.363834,0.260824,-1.198334,0.13615,-1.334483,21.0,54821000000.0,0.462378,24.727339,-0.34488,0.018954,0.546641,0.0,1.0,1.0,0.0,9.884916
MO,1994,1089.0,459.9,524.1,277.0,629.1,82.1,245.8,127.9,100.2,0.422314,-0.313281,0.254362,-1.09658,0.244081,-1.340661,21.0,57288000000.0,0.447877,24.771357,-0.219667,0.093614,0.642339,0.0,1.0,1.0,0.0,9.931881
MO,1995,1109.0,455.3,527.8,304.0,653.7,105.5,233.8,143.5,116.2,0.41055,-0.361692,0.274121,-0.795755,0.211022,-1.006777,21.0,59347000000.0,0.446594,24.806667,-0.26503,0.096662,0.625227,0.0,1.0,1.0,0.0,9.977667
MO,1996,1148.0,483.1,546.7,263.0,664.9,93.5,249.4,132.5,97.6,0.420819,-0.319413,0.229094,-0.981097,0.305705,-1.286802,21.0,61162000000.0,0.450394,24.836792,-0.235888,0.083525,0.629665,0.0,1.0,1.0,0.0,10.025086
MO,1997,1192.0,408.1,476.6,262.0,783.9,82.6,193.6,167.4,133.4,0.342366,-0.652769,0.219799,-0.851784,0.227034,-1.078819,21.0,62980000000.0,0.448507,24.866083,-0.43389,0.218879,0.637986,0.0,1.0,1.0,0.0,10.07023
MO,1998,1169.0,397.0,482.6,256.0,772.0,79.3,193.9,150.7,139.1,0.339607,-0.665048,0.218991,-0.894104,0.080098,-0.974202,21.0,64534000000.0,0.452025,24.890458,-0.485841,0.179207,0.594127,,,,,
MO,1999,1094.0,348.9,418.3,228.0,745.1,67.6,167.4,153.4,128.6,0.318921,-0.758733,0.20841,-0.906778,0.176342,-1.08312,21.0,66733000000.0,0.452055,24.923965,-0.648499,0.110234,0.494311,,,,,
MO,2000,1157.0,431.7,490.2,242.0,725.3,84.2,216.5,171.8,123.5,0.37312,-0.518854,0.209162,-0.944396,0.33009,-1.274485,21.0,67083000000.0,0.469314,24.929196,-0.440785,0.07807,0.54507,,,,,
MO,2001,1098.0,414.6,493.2,294.0,683.4,102.4,204.9,173.6,126.1,0.377596,-0.499766,0.26776,-0.693635,0.319679,-1.013314,21.0,67632000000.0,0.467057,24.937347,-0.489352,0.010414,0.484579,,,,,
MO,2002,1208.0,419.8,486.9,309.0,788.2,94.7,215.9,163.3,142.1,0.347517,-0.629973,0.255795,-0.824101,0.139058,-0.963159,21.0,68163000000.0,0.461673,24.945168,-0.484709,0.145265,0.572234,,,,,
MO,2003,1232.0,395.1,473.2,280.0,836.9,89.4,197.0,181.6,121.0,0.320698,-0.750566,0.227273,-0.790083,0.406016,-1.196099,21.0,68252000000.0,0.451518,24.946473,-0.546653,0.203913,0.590602,,,,,
MO,2004,1130.0,370.6,429.9,275.0,759.4,70.9,199.0,174.1,146.0,0.327965,-0.717405,0.243363,-1.032034,0.176023,-1.208058,21.0,68994000000.0,0.456735,24.957285,-0.621481,0.095924,0.493368,,,,,
MO,2005,1257.0,420.9,503.8,309.0,836.1,86.1,216.8,182.9,132.2,0.334845,-0.686353,0.245823,-0.923466,0.324624,-1.248089,21.0,68754000000.0,0.444192,24.953801,-0.490725,0.195628,0.603363,,,,,
MO,2006,1096.0,388.8,478.5,292.0,707.2,72.2,203.1,164.8,141.9,0.354745,-0.598248,0.266423,-1.034258,0.14961,-1.183868,21.0,68834000000.0,0.450446,24.954964,-0.571218,0.027031,0.46514,,,,,
MO,2007,992.0,334.9,393.7,267.0,657.1,59.8,189.8,136.2,130.2,0.337601,-0.674004,0.269153,-1.154965,0.045053,-1.200018,21.0,69151000000.0,0.40494,24.959558,-0.725046,-0.051041,0.360845,,,,,
MO,2008,960.0,314.5,367.0,218.0,645.5,58.9,164.7,162.1,110.3,0.327604,-0.719041,0.227083,-1.028285,0.38501,-1.413294,21.0,68273000000.0,0.417603,24.94678,-0.775115,-0.056074,0.340834,,,,,
MO,2009,878.0,302.6,358.5,212.0,575.4,51.9,173.8,126.1,94.2,0.344647,-0.642654,0.241458,-1.208586,0.291655,-1.500241,21.0,69003000000.0,0.420474,24.957416,-0.824323,-0.18167,0.240912,,,,,
MO,2010,821.0,257.4,311.1,188.0,563.6,53.8,129.5,117.2,101.5,0.31352,-0.783713,0.228989,-0.878407,0.143823,-1.02223,21.0,70863996684.92,0.433656,24.984028,-1.012716,-0.229003,0.147176,,,,,
MO,2011,786.0,260.4,301.7,199.0,525.6,52.2,137.6,101.8,99.4,0.331298,-0.702322,0.253181,-0.969268,0.023858,-0.993126,21.0,68789223347.68,0.42168,24.954313,-0.971413,-0.269092,0.133325,,,,,
MO,2012,826.0,286.2,331.1,209.0,539.8,65.6,153.8,112.4,93.2,0.346489,-0.634508,0.253027,-0.852077,0.187316,-1.039394,21.0,68503684447.58,0.418083,24.950153,-0.872782,-0.238274,0.187122,,,,,
MO,2013,757.0,244.2,283.0,181.0,512.8,49.5,129.1,117.5,71.9,0.322589,-0.741898,0.239102,-0.958615,0.491162,-1.449777,21.0,69458421842.6,0.41032,24.963994,-1.045326,-0.303428,0.08605,,,,,
MO,2014,766.0,205.1,250.1,164.0,560.9,37.7,91.8,116.3,104.2,0.267755,-1.006045,0.214099,-0.889952,0.109861,-0.999813,21.0,70909036567.29,0.409086,24.984664,-1.240485,-0.23444,0.077199,,,,,
MO,2015,869.0,224.2,264.4,216.0,644.8,48.8,117.0,137.2,120.0,0.257998,-1.056402,0.248562,-0.874444,0.133948,-1.008392,21.0,71917518586.06,0.409411,24.998786,-1.165566,-0.109165,0.189238,,,,,
MO,2016,947.0,248.6,303.8,204.0,698.4,58.8,115.7,159.2,123.3,0.262513,-1.032947,0.215417,-0.676859,0.255541,-0.9324,21.0,74018576463.32,0.410308,25.027582,-1.091056,-0.058109,0.246398,,,,,
MO,2017,932.0,248.3,300.0,202.0,683.7,46.8,134.7,140.2,119.3,0.266416,-1.012882,0.216738,-1.057167,0.161429,-1.218596,21.0,75911316240.15,0.427758,25.052832,-1.117513,-0.104632,0.205182,,,,,
MO,2018,921.0,246.0,285.2,199.0,675.0,58.0,117.5,158.0,114.5,0.267101,-1.009381,0.216069,-0.705995,0.32202,-1.028016,21.0,76594999282.4,0.433008,25.061798,-1.135785,-0.126404,0.184343,,,,,
MO,2019,881.0,236.0,283.9,177.0,645.0,52.8,97.6,145.2,137.4,0.267877,-1.005419,0.200908,-0.614366,0.055216,-0.669582,21.0,79168249875.38,0.435902,25.094841,-1.210329,-0.20491,0.106897,,,,,
MO,2020,987.0,307.8,361.6,236.0,679.2,62.6,139.9,159.4,130.1,0.311854,-0.791465,0.239108,-0.804163,0.203113,-1.007276,21.0,72797036970.0,0.446852,25.010941,-0.86081,-0.069345,0.30441,,,,,
MO,2021,1016.0,289.1,358.7,229.0,726.9,67.3,134.0,195.7,133.0,0.284547,-0.922016,0.225394,-0.68868,0.386234,-1.074913,21.0,79790927250.0,0.456993,25.102676,-1.015222,-0.093206,0.241634,,,,,
MO,2022,1057.0,289.7,365.8,234.0,767.3,85.6,117.7,190.4,142.3,0.274078,-0.974032,0.221381,-0.318454,0.29119,-0.609643,21.0,79430845130.0,0.456617,25.098153,-1.008626,-0.034594,0.285718,,,,,
MO,2023,991.0,284.9,329.0,214.0,706.1,58.5,137.3,180.5,122.7,0.287487,-0.907619,0.215943,-0.853142,0.385988,-1.23913,21.0,80825350680.0,0.449963,25.115556,-1.042738,-0.135119,0.203839,,,,,
MO,2024,955.0,262.6,313.8,204.0,692.4,62.6,118.3,187.4,141.7,0.274974,-0.969532,0.213613,-0.636458,0.279533,-0.915992,21.0,81806505030.0,0.448127,25.127623,-1.13631,-0.166778,0.154769,,,,,
MS,1982,730.0,360.3,398.0,211.0,369.7,76.6,182.5,82.4,82.5,0.493562,-0.025755,0.289041,-0.868153,-0.001213,-0.86694,21.0,17146000000.0,0.67386,23.565031,0.742587,0.768342,1.448695,,,,,
MS,1983,715.0,264.7,292.5,193.0,450.3,46.1,134.2,95.9,99.8,0.37021,-0.531317,0.26993,-1.068518,-0.039862,-1.028656,21.0,17802000000.0,0.641557,23.602577,0.396701,0.928018,1.390387,0.0,0.0,0.0,0.0,9.032648
MS,1984,679.0,208.9,231.0,165.0,470.1,45.2,104.0,104.8,123.0,0.307658,-0.81109,0.243004,-0.833294,-0.160131,-0.673163,21.0,18442000000.0,0.64288,23.637897,0.12464,0.93573,1.303405,0.0,0.0,0.0,0.0,9.118444
MS,1985,662.0,192.3,221.9,170.0,469.7,29.5,93.9,99.5,115.1,0.290483,-0.893038,0.256798,-1.15784,-0.145644,-1.012196,21.0,19167000000.0,0.644545,23.676456,0.003282,0.896319,1.23949,0.0,0.0,0.0,0.0,9.163773
MS,1986,771.0,225.7,271.5,183.0,545.3,44.5,112.9,114.5,126.1,0.292737,-0.882129,0.237354,-0.931013,-0.0965,-0.834513,21.0,19226000000.0,0.663373,23.679529,0.160358,1.042487,1.38884,0.0,0.0,0.0,0.0,9.200088
MS,1987,756.0,204.0,230.4,170.0,552.0,31.8,106.3,103.2,128.7,0.269841,-0.995428,0.224868,-1.206799,-0.220815,-0.985984,21.0,20173000000.0,0.670302,23.727611,0.01119,1.006618,1.321111,0.0,0.0,1.0,0.0,9.257606
MS,1988,722.0,164.3,183.9,166.0,557.7,31.3,87.4,112.7,142.6,0.227562,-1.222127,0.229917,-1.026877,-0.235314,-0.791563,21.0,22043000000.0,0.673093,23.816261,-0.293886,0.928241,1.186445,0.0,0.0,1.0,0.0,9.326878
MS,1989,727.0,220.0,242.7,203.0,507.0,30.4,112.2,98.6,127.8,0.302613,-0.834883,0.27923,-1.30584,-0.259395,-1.046445,21.0,22895000000.0,0.673903,23.854184,-0.039876,0.795007,1.155423,0.0,0.0,1.0,0.0,9.392329
MS,1990,750.0,217.2,261.5,197.0,532.8,37.6,113.0,115.4,142.0,0.2896,-0.897328,0.262667,-1.100384,-0.207423,-0.892961,21.0,24398000000.0,0.684564,23.917767,-0.116268,0.78106,1.122987,0.0,1.0,1.0,0.0,9.44983
MS,1991,714.0,230.7,262.9,150.0,483.3,48.2,97.2,107.8,101.8,0.323109,-0.739519,0.210084,-0.701412,0.057268,-0.758679,21.0,24897000000.0,0.681287,23.938013,-0.076214,0.663305,1.053551,0.0,1.0,1.0,0.0,9.501217
MS,1992,766.0,303.8,357.2,191.0,462.2,51.6,143.7,112.4,102.3,0.396606,-0.419628,0.249347,-1.024206,0.094154,-1.11836,21.0,26239000000.0,0.667746,23.990513,0.146538,0.566166,1.07135,0.0,1.0,1.0,0.0,9.558388
MS,1993,813.0,312.3,369.3,188.0,500.7,52.2,163.8,105.8,101.2,0.384133,-0.472043,0.231242,-1.143564,0.044452,-1.188015,21.0,26864000000.0,0.671233,24.014053,0.150592,0.622635,1.107359,0.0,1.0,1.0,0.0,9.609116
MS,1994,791.0,294.8,339.6,160.0,496.2,61.2,131.1,101.8,97.9,0.372693,-0.520682,0.202276,-0.761813,0.039064,-0.800877,21.0,28548000000.0,0.675144,24.074853,0.032125,0.552807,1.019126,0.0,1.0,1.0,0.0,9.673193
MS,1995,868.0,318.3,348.4,175.0,549.7,57.3,139.9,129.7,81.1,0.366705,-0.546378,0.201613,-0.892627,0.469541,-1.362168,21.0,29559000000.0,0.676376,24.109654,0.074021,0.620399,1.077218,0.0,1.0,1.0,0.0,9.71559
MS,1996,811.0,298.5,333.5,172.0,512.5,61.6,147.4,87.4,86.6,0.368064,-0.540531,0.212084,-0.872488,0.009195,-0.881684,21.0,30562000000.0,0.675905,24.143023,-0.023573,0.516958,0.975926,0.0,1.0,1.0,0.0,9.764111
MS,1997,861.0,303.6,333.8,174.0,557.4,57.0,148.2,107.0,99.8,0.352613,-0.607572,0.202091,-0.955511,0.069661,-1.025172,21.0,31519000000.0,0.677877,24.173856,-0.037465,0.570107,1.004919,0.0,1.0,1.0,0.0,9.803557
MS,1998,948.0,307.4,344.9,210.0,640.6,56.7,142.1,136.3,99.9,0.324262,-0.734255,0.221519,-0.918757,0.310689,-1.229445,21.0,34210000000.0,0.693598,24.255784,-0.106953,0.627302,1.019251,,,,,
MS,1999,927.0,310.6,345.7,214.0,616.4,44.3,166.1,132.7,106.9,0.335059,-0.68539,0.230852,-1.321605,0.216197,-1.537802,21.0,34879000000.0,0.690989,24.275151,-0.115964,0.569426,0.977484,,,,,
MS,2000,949.0,301.8,364.5,235.0,647.2,53.3,156.0,133.7,114.0,0.318019,-0.762891,0.247629,-1.07392,0.1594,-1.23332,21.0,35536000000.0,0.687078,24.293812,-0.163367,0.599524,0.982277,,,,,
MS,2001,784.0,232.9,260.9,170.0,551.1,47.1,117.1,111.9,85.9,0.297066,-0.861307,0.216837,-0.910755,0.264422,-1.175177,21.0,35988000000.0,0.689063,24.306451,-0.435161,0.426146,0.778638,,,,,
MS,2002,885.0,277.5,316.9,189.0,607.5,53.3,132.9,119.7,105.1,0.313559,-0.783531,0.213559,-0.913661,0.130076,-1.043737,21.0,36429000000.0,0.688792,24.318631,-0.272129,0.511402,0.887637,,,,,
MS,2003,872.0,278.3,308.9,180.0,593.7,62.8,116.0,139.2,78.0,0.319151,-0.757674,0.206422,-0.613635,0.579203,-1.192838,21.0,37495000000.0,0.613388,24.347473,-0.298093,0.459581,0.843997,,,,,
MS,2004,900.0,312.3,337.0,188.0,587.7,56.5,150.7,149.5,83.3,0.347,-0.632252,0.208889,-0.98105,0.584848,-1.565898,21.0,39431000000.0,0.611549,24.397818,-0.233173,0.399079,0.825257,,,,,
MS,2005,931.0,322.2,367.2,225.0,608.8,56.6,163.2,115.4,103.8,0.346079,-0.636317,0.241676,-1.058967,0.105938,-1.164906,21.0,40154000000.0,0.612492,24.415988,-0.220135,0.416183,0.840952,,,,,
MS,2006,911.0,334.8,372.9,210.0,576.2,68.3,172.6,149.7,103.4,0.367508,-0.542921,0.230516,-0.927067,0.370028,-1.297095,21.0,41499000000.0,0.6124,24.448935,-0.214721,0.3282,0.786288,,,,,
MS,2007,884.0,316.4,364.4,219.0,567.6,74.7,139.1,106.3,111.9,0.357919,-0.58441,0.247738,-0.621713,-0.05134,-0.570373,21.0,43337000000.0,0.616148,24.492273,-0.314585,0.269825,0.712865,,,,,
MS,2008,783.0,251.4,303.5,177.0,531.6,44.6,114.9,138.4,77.1,0.321073,-0.748846,0.226054,-0.946328,0.585045,-1.531373,21.0,43711000000.0,0.610098,24.500866,-0.55314,0.195706,0.582948,,,,,
MS,2009,700.0,233.0,261.1,177.0,467.0,52.7,116.2,94.3,89.8,0.332857,-0.695291,0.252857,-0.790697,0.048896,-0.839594,21.0,40427000000.0,0.597843,24.422764,-0.551045,0.144246,0.548997,,,,,
MS,2010,641.0,174.1,191.5,154.0,466.9,42.3,90.1,105.7,86.9,0.271607,-0.986485,0.24025,-0.756133,0.195847,-0.95198,21.0,39841029778.57,0.588447,24.408163,-0.827853,0.158633,0.475547,,,,,
MS,2011,630.0,158.5,171.3,145.0,471.5,24.5,82.1,94.5,65.9,0.251587,-1.090165,0.230159,-1.209265,0.360461,-1.569726,21.0,38850721798.33,0.593623,24.382992,-0.896557,0.193607,0.483408,,,,,
MS,2012,582.0,190.6,215.6,135.0,391.4,37.3,84.7,96.7,58.3,0.327491,-0.719553,0.231959,-0.820122,0.506011,-1.326134,21.0,38667129812.479996,0.601167,24.378256,-0.707398,0.012155,0.408895,,,,,
MS,2013,613.0,206.9,234.4,151.0,406.1,46.0,85.9,107.0,68.1,0.33752,-0.674364,0.24633,-0.624542,0.451852,-1.076394,21.0,38757693394.22,0.568945,24.380595,-0.627679,0.046685,0.458451,,,,,
MS,2014,607.0,172.3,202.1,130.0,434.7,38.5,77.8,95.5,85.2,0.283855,-0.925419,0.214168,-0.703483,0.114125,-0.817608,21.0,39499190223.76,0.568703,24.399546,-0.829628,0.095791,0.429664,,,,,
MS,2015,677.0,175.2,211.7,161.0,501.8,40.2,71.5,87.8,110.5,0.258789,-1.052273,0.237814,-0.57583,-0.229954,-0.345876,21.0,39890362479.42,0.555528,24.409401,-0.822792,0.229482,0.528951,,,,,
MS,2016,687.0,133.6,166.3,149.0,553.4,26.0,52.7,117.0,135.3,0.194469,-1.421231,0.216885,-0.706519,-0.145321,-0.561198,21.0,40754708862.73,0.561257,24.430837,-1.115306,0.305925,0.522178,,,,,
MS,2017,685.0,157.1,182.5,149.0,527.9,44.0,64.1,130.0,127.9,0.229343,-1.212024,0.217518,-0.376255,0.016286,-0.39254,21.0,40877098021.42,0.588677,24.433836,-0.956273,0.255752,0.516264,,,,,
MS,2018,663.0,166.4,198.9,134.0,496.6,42.6,64.6,115.4,108.4,0.25098,-1.09339,0.202112,-0.41636,0.062576,-0.478936,21.0,40730439490.39,0.585132,24.430242,-0.895166,0.198224,0.487214,,,,,
MS,2019,642.0,165.9,196.0,146.0,476.1,41.1,73.8,119.9,110.2,0.258411,-1.054243,0.227414,-0.585351,0.084361,-0.669712,21.0,41090910551.270004,0.583964,24.439053,-0.906987,0.147256,0.446216,,,,,
MS,2020,748.0,145.0,168.2,191.0,603.0,42.4,61.2,151.6,142.8,0.19385,-1.425183,0.255348,-0.366999,0.0598,-0.426799,21.0,39665087490.0,0.587135,24.403737,-1.006323,0.418861,0.634346,,,,,
MS,2021,766.0,152.1,178.2,173.0,613.9,28.7,79.3,136.3,133.7,0.198564,-1.395294,0.225849,-1.016341,0.01926,-1.035601,21.0,40852825240.0,0.594437,24.433242,-0.988023,0.407271,0.628621,,,,,
MS,2022,703.0,156.0,180.9,163.0,547.0,42.0,61.3,126.0,120.7,0.221906,-1.254593,0.231863,-0.37811,0.042974,-0.421084,21.0,39951719490.0,0.591916,24.410938,-0.940401,0.314192,0.5651,,,,,
MS,2023,733.0,158.2,178.7,175.0,574.8,40.8,72.0,130.2,138.0,0.215825,-1.290162,0.238745,-0.567984,-0.058182,-0.509802,21.0,40944353920.0,0.593029,24.43548,-0.950939,0.339223,0.582347,,,,,
MS,2024,753.0,171.3,197.3,194.0,581.7,40.8,77.2,133.2,143.8,0.22749,-1.222538,0.257636,-0.637717,-0.076572,-0.561146,21.0,41554194460.0,0.587102,24.450264,-0.886167,0.336371,0.594482,,,,,
MT,1982,254.0,138.9,162.7,86.0,115.1,24.6,73.1,22.4,17.9,0.54685,0.187953,0.338583,-1.089082,0.22426,-1.313342,19.0,6669000000.0,0.718998,22.620736,0.733699,0.545746,1.337279,,,,,
MT,1983,286.0,157.3,176.3,100.0,128.7,32.4,96.4,20.6,24.6,0.55,0.200671,0.34965,-1.090348,-0.177455,-0.912892,19.0,7181000000.0,0.712296,22.694704,0.784131,0.58346,1.381968,0.0,0.0,0.0,0.0,9.273691
MT,1984,238.0,115.4,140.0,69.0,122.6,24.4,54.5,32.6,22.5,0.484874,-0.060523,0.289916,-0.803618,0.370797,-1.174415,19.0,7386000000.0,0.717032,22.722852,0.446233,0.506756,1.170099,0.0,0.0,0.0,0.0,9.328301
MT,1985,223.0,129.4,148.7,73.0,93.6,23.7,77.1,21.3,18.9,0.580269,0.323878,0.327354,-1.179628,0.119545,-1.299173,19.0,7368000000.0,0.734663,22.720412,0.563177,0.239299,1.10744,0.0,0.0,0.0,0.0,9.348884
MT,1986,222.0,101.1,119.3,56.0,120.9,20.5,48.4,19.5,12.6,0.455405,-0.178854,0.252252,-0.859075,0.436718,-1.295793,19.0,7737000000.0,0.742794,22.76928,0.267511,0.446365,1.054078,0.0,0.0,0.0,0.0,9.402612
MT,1987,234.0,125.9,138.1,74.0,108.1,20.3,74.2,21.7,16.8,0.538034,0.152431,0.316239,-1.296143,0.255933,-1.552077,20.33,8074000000.0,0.73681,22.811915,0.444254,0.291823,1.064087,0.0,0.0,1.0,0.0,9.442959
MT,1988,198.0,95.7,109.6,65.0,102.3,12.2,56.2,21.8,19.8,0.483333,-0.066691,0.328283,-1.527481,0.096228,-1.623709,21.0,8138000000.0,0.748956,22.81981,0.162089,0.22878,0.889137,0.0,1.0,1.0,0.0,9.46916
MT,1989,181.0,76.2,87.7,53.0,104.8,13.4,37.3,21.6,19.7,0.420994,-0.318692,0.292818,-1.023739,0.092075,-1.115813,21.0,8250000000.0,0.758303,22.833479,-0.079437,0.239255,0.785699,0.0,1.0,1.0,0.0,9.560504
MT,1990,212.0,101.4,112.3,67.0,110.6,12.1,60.2,21.9,13.8,0.478302,-0.086847,0.316038,-1.604467,0.461818,-2.066285,21.0,8332000000.0,0.763322,22.843369,0.196384,0.283231,0.933898,0.0,1.0,1.0,0.0,9.618336
MT,1991,200.0,100.5,107.2,65.0,99.5,18.2,48.9,22.8,15.1,0.5025,0.01,0.325,-0.988356,0.412066,-1.400422,21.0,8314000000.0,0.748256,22.841207,0.189632,0.179632,0.877791,0.0,1.0,1.0,0.0,9.677026
MT,1992,192.0,89.7,98.5,66.0,102.3,22.3,41.2,23.7,22.8,0.467188,-0.131439,0.34375,-0.613852,0.038715,-0.652566,21.0,8525000000.0,0.762698,22.866269,0.050883,0.182322,0.811907,0.0,1.0,1.0,0.0,9.713597
MT,1993,195.0,93.9,110.8,66.0,101.1,12.0,51.0,17.0,27.0,0.481538,-0.07388,0.338462,-1.446919,-0.462624,-0.984295,21.0,8707000000.0,0.753417,22.887393,0.075518,0.149398,0.806287,0.0,1.0,1.0,0.0,9.774005
MT,1994,202.0,90.8,101.7,60.0,111.2,20.3,53.2,26.7,11.8,0.449505,-0.202671,0.29703,-0.963438,0.816564,-1.780002,21.0,9116000000.0,0.753291,22.933297,-0.003957,0.198714,0.795651,0.0,1.0,1.0,0.0,9.775086
MT,1995,215.0,81.4,92.2,58.0,133.6,18.6,47.3,18.4,18.7,0.378605,-0.495475,0.269767,-0.933349,-0.016173,-0.917176,21.0,9440000000.0,0.760064,22.968222,-0.148166,0.347309,0.823097,0.0,1.0,1.0,0.0,9.813891
MT,1996,200.0,69.5,74.4,50.0,130.5,12.5,38.4,23.5,15.6,0.3475,-0.630046,0.25,-1.122329,0.40973,-1.532058,21.0,9446000000.0,0.752276,22.968857,-0.30685,0.323197,0.750141,0.0,1.0,1.0,0.0,9.845435
MT,1997,265.0,109.0,120.1,64.0,156.0,28.7,57.8,37.3,14.2,0.411321,-0.358508,0.241509,-0.700092,0.965751,-1.665843,21.0,9392000000.0,0.776618,22.963124,0.148905,0.507413,1.037286,0.0,1.0,1.0,0.0,9.886341
MT,1998,237.0,85.1,101.6,47.0,151.9,8.8,44.4,39.2,11.6,0.359072,-0.579395,0.198312,-1.618488,1.217672,-2.836159,21.0,9589000000.0,0.772552,22.983882,-0.119375,0.460021,0.904858,,,,,
MT,1999,220.0,96.6,107.1,56.0,123.4,21.6,47.1,31.4,16.9,0.439091,-0.244852,0.254545,-0.77958,0.619494,-1.399074,21.0,9835000000.0,0.772954,23.009213,-0.017954,0.226899,0.805095,,,,,
MT,2000,237.0,101.1,111.3,60.0,135.9,24.5,50.3,32.5,15.7,0.426582,-0.295809,0.253165,-0.719332,0.727579,-1.446911,21.0,9882000000.0,0.768063,23.013981,0.02281,0.318619,0.87476,,,,,
MT,2001,230.0,94.0,101.8,56.0,136.0,19.2,43.9,27.8,20.1,0.408696,-0.36936,0.243478,-0.827004,0.324316,-1.15132,21.0,10011000000.0,0.77285,23.02695,-0.062975,0.306385,0.83181,,,,,
MT,2002,269.0,102.1,121.7,81.0,166.9,19.8,55.8,42.2,25.2,0.379554,-0.491442,0.301115,-1.036092,0.515576,-1.551668,21.0,10395000000.0,0.778644,23.064591,-0.017957,0.473485,0.950801,,,,,
MT,2003,262.0,102.9,121.9,75.0,159.1,21.8,57.4,32.2,30.6,0.392748,-0.435775,0.28626,-0.968134,0.050966,-1.019101,21.0,10874000000.0,0.763656,23.10964,-0.055202,0.380573,0.879385,,,,,
MT,2004,229.0,97.3,103.2,71.0,131.7,24.8,48.9,37.2,15.1,0.424891,-0.302728,0.310044,-0.678934,0.901614,-1.580548,21.0,11207000000.0,0.769787,23.139804,-0.141325,0.161403,0.714598,,,,,
MT,2005,251.0,110.9,121.2,82.0,140.1,20.2,63.6,26.8,23.4,0.441833,-0.233728,0.326693,-1.146931,0.135666,-1.282597,21.0,11126000000.0,0.769549,23.132551,-0.003241,0.230487,0.813583,,,,,
MT,2006,264.0,109.4,120.0,83.0,154.6,24.2,56.9,32.8,28.1,0.414394,-0.34583,0.314394,-0.854943,0.154659,-1.009602,21.0,11265000000.0,0.766711,23.144966,-0.029275,0.316555,0.851663,,,,,
MT,2007,277.0,106.9,124.9,89.0,170.1,21.0,57.5,41.0,32.5,0.385921,-0.464493,0.3213,-1.007263,0.232332,-1.239594,21.0,11307000000.0,0.763598,23.148688,-0.056113,0.408379,0.89601,,,,,
MT,2008,229.0,89.7,102.2,58.0,139.3,18.6,43.8,34.4,26.2,0.391703,-0.440159,0.253275,-0.856472,0.272297,-1.128769,21.0,10812000000.0,0.758879,23.103922,-0.186771,0.253388,0.75048,,,,,
MT,2009,221.0,80.9,91.8,59.0,140.1,22.1,35.9,37.9,19.1,0.366063,-0.549143,0.266968,-0.48516,0.685263,-1.170422,21.0,11011000000.0,0.756879,23.122161,-0.308266,0.240877,0.696683,,,,,
MT,2010,189.0,72.8,83.7,65.0,116.2,12.7,50.1,23.3,13.9,0.385185,-0.467597,0.343915,-1.372419,0.516565,-1.888984,21.0,11189805953.04,0.750756,23.138269,-0.429872,0.037725,0.524159,,,,,
MT,2011,209.0,82.3,89.1,53.0,126.7,20.1,42.9,30.9,15.1,0.39378,-0.431451,0.253589,-0.758152,0.716061,-1.474213,21.0,11659598071.34,0.747754,23.179396,-0.348344,0.083107,0.583619,,,,,
MT,2012,205.0,88.9,107.1,65.0,116.1,15.6,49.0,29.4,26.0,0.433659,-0.26694,0.317073,-1.144549,0.122898,-1.267448,21.0,11885123753.83,0.749133,23.198553,-0.29036,-0.023421,0.545137,,,,,
MT,2013,229.0,93.0,104.7,80.0,136.0,20.8,53.9,27.2,19.1,0.406114,-0.380055,0.349345,-0.952177,0.353529,-1.305706,21.0,12032727212.28,0.693437,23.210896,-0.257616,0.12244,0.643507,,,,,
MT,2014,192.0,72.9,85.2,56.0,119.1,15.7,35.5,35.3,14.5,0.379688,-0.490875,0.291667,-0.815872,0.889734,-1.705606,21.0,12157128961.11,0.693116,23.221182,-0.511412,-0.020537,0.456995,,,,,
MT,2015,224.0,75.4,92.9,62.0,148.6,12.2,38.6,38.8,23.4,0.336607,-0.678451,0.276786,-1.151816,0.505684,-1.657501,21.0,12345071263.890001,0.690863,23.236523,-0.493035,0.185416,0.595804,,,,,
MT,2016,190.0,84.4,94.5,59.0,105.6,18.0,37.6,20.0,14.4,0.444211,-0.224091,0.310526,-0.736632,0.328504,-1.065136,21.0,12598722871.65,0.69103,23.256861,-0.400613,-0.176522,0.410844,,,,,
MT,2017,186.0,56.9,64.4,46.0,129.1,6.7,30.8,21.3,20.2,0.305914,-0.819292,0.247312,-1.525407,0.053024,-1.578432,21.0,12644672358.23,0.691704,23.260502,-0.798526,0.020766,0.385926,,,,,
MT,2018,181.0,79.7,86.5,54.0,101.3,23.2,34.7,20.8,14.3,0.440331,-0.239817,0.298343,-0.402587,0.374693,-0.777281,21.0,12699635990.44,0.689327,23.264839,-0.465889,-0.226072,0.354339,,,,,
MT,2019,184.0,66.2,70.8,46.0,117.8,8.9,36.2,21.1,16.8,0.359783,-0.576308,0.25,-1.403008,0.227894,-1.630902,21.0,12891947533.17,0.69352,23.279869,-0.666508,-0.0902,0.355748,,,,,
MT,2020,213.0,95.0,108.3,65.0,118.0,21.6,34.8,23.4,23.2,0.446009,-0.216808,0.305164,-0.476924,0.008584,-0.485508,21.0,12104091340.0,0.695912,23.216809,-0.242252,-0.025444,0.565164,,,,,
MT,2021,239.0,101.6,115.1,64.0,137.4,18.8,48.0,34.2,23.0,0.425105,-0.301853,0.267782,-0.937344,0.396731,-1.334076,21.0,13481668670.0,0.700843,23.324597,-0.282872,0.01898,0.572548,,,,,
MT,2022,215.0,70.4,82.2,49.0,144.6,22.3,28.0,38.7,22.0,0.327442,-0.719778,0.227907,-0.227618,0.564797,-0.792415,21.0,13513780110.0,0.689259,23.326976,-0.652102,0.067676,0.464343,,,,,
MT,2023,208.0,70.8,84.2,68.0,137.2,15.5,37.9,37.5,30.1,0.340385,-0.661581,0.326923,-0.894111,0.219816,-1.113927,21.0,13699861160.0,0.707213,23.340652,-0.660112,0.001469,0.417567,,,,,
MT,2024,206.0,75.4,89.7,45.0,130.6,9.5,32.2,30.5,19.8,0.366019,-0.549332,0.218447,-1.220675,0.432045,-1.652719,21.0,13864977800.0,0.706783,23.352632,-0.609144,-0.059812,0.395925,,,,,
NC,1982,1303.0,645.9,729.3,401.0,657.1,134.6,319.7,171.4,136.3,0.495702,-0.017192,0.307751,-0.865076,0.229142,-1.094217,21.0,43100000000.0,0.572599,24.486789,0.404537,0.421728,1.106316,,,,,
NC,1983,1234.0,518.2,579.4,361.0,715.8,99.5,272.3,162.5,136.7,0.419935,-0.32304,0.292545,-1.006747,0.172889,-1.179636,21.0,45038000000.0,0.566633,24.530772,0.14027,0.463309,1.007925,0.0,0.0,0.0,0.0,9.227394
NC,1984,1450.0,582.5,660.2,394.0,867.5,111.2,291.8,192.8,171.2,0.401724,-0.398286,0.271724,-0.964738,0.118821,-1.083559,21.0,48182000000.0,0.560707,24.598251,0.189759,0.588045,1.101748,0.0,0.0,0.0,0.0,9.338118
NC,1985,1482.0,517.1,595.5,354.0,964.9,106.3,244.0,254.7,195.0,0.34892,-0.623788,0.238866,-0.830903,0.267087,-1.09799,21.0,49923000000.0,0.554814,24.633748,0.035169,0.658958,1.088081,0.0,0.0,0.0,0.0,9.403932
NC,1986,1647.0,618.5,717.2,423.0,1028.5,116.9,315.2,236.1,193.8,0.375531,-0.50856,0.256831,-0.991888,0.197429,-1.189317,21.0,52866000000.0,0.548784,24.691026,0.156952,0.665511,1.136365,1.0,0.0,0.0,0.0,9.464983
NC,1987,1584.0,585.5,663.1,420.0,998.5,101.6,287.1,240.4,193.9,0.369634,-0.533788,0.265152,-1.038787,0.214962,-1.253749,21.0,54600000000.0,0.542784,24.7233,0.069847,0.603635,1.06509,1.0,0.0,1.0,0.0,9.526391
NC,1988,1573.0,550.3,626.0,380.0,1022.7,132.3,259.6,238.7,171.4,0.349841,-0.619738,0.241577,-0.67407,0.331208,-1.005277,21.0,57943000000.0,0.548971,24.782726,-0.051581,0.568157,0.998695,1.0,0.0,1.0,0.0,9.603058
NC,1989,1471.0,474.5,539.2,319.0,996.5,102.7,208.8,230.3,180.2,0.32257,-0.741988,0.216859,-0.709565,0.245315,-0.95488,21.0,61236000000.0,0.542704,24.838001,-0.255059,0.486929,0.876377,1.0,0.0,1.0,0.0,9.669473
NC,1990,1385.0,497.4,563.0,362.0,887.6,98.9,245.7,198.1,167.3,0.359134,-0.579127,0.261372,-0.910002,0.168983,-1.078985,21.0,62752000000.0,0.538278,24.862456,-0.232381,0.346746,0.79168,1.0,0.0,1.0,0.0,9.720105
NC,1991,1369.0,464.4,515.9,373.0,904.6,82.2,250.1,216.8,172.9,0.339226,-0.666747,0.272462,-1.112706,0.226262,-1.338967,21.0,64883000000.0,0.537229,24.895851,-0.334424,0.332322,0.746665,1.0,0.0,1.0,0.0,9.747711
NC,1992,1265.0,408.2,468.5,344.0,856.8,67.2,223.8,198.8,169.2,0.322688,-0.741447,0.271937,-1.20308,0.161218,-1.364297,21.0,67538000000.0,0.499956,24.935956,-0.503518,0.237929,0.627552,1.0,0.0,1.0,0.0,9.810824
NC,1993,1389.0,379.9,451.5,322.0,1009.1,72.2,188.5,217.8,176.5,0.273506,-0.976906,0.231821,-0.959658,0.210256,-1.169914,21.0,69502000000.0,0.497022,24.964621,-0.604033,0.372874,0.692399,1.0,0.0,1.0,1.0,9.859379
NC,1994,1431.0,404.5,462.1,321.0,1026.5,67.2,208.6,228.8,202.4,0.282669,-0.931258,0.224319,-1.132745,0.122602,-1.255348,21.0,71928000000.0,0.496983,24.998931,-0.575599,0.35566,0.687878,1.0,0.0,1.0,1.0,9.89948
NC,1995,1448.0,362.7,413.4,355.0,1085.3,72.1,185.6,259.9,225.4,0.250483,-1.096036,0.245166,-0.94554,0.14242,-1.08796,21.0,76053000000.0,0.495865,25.054696,-0.74044,0.355596,0.643923,1.0,0.0,1.0,1.0,9.952087
NC,1996,1494.0,397.4,468.4,332.0,1096.6,82.2,195.3,280.8,204.7,0.265997,-1.015026,0.222222,-0.865382,0.316097,-1.181479,21.0,78935000000.0,0.49765,25.091891,-0.686266,0.32876,0.638003,1.0,0.0,1.0,1.0,10.001204
NC,1997,1483.0,408.9,476.3,319.0,1074.1,83.2,191.9,255.8,195.1,0.275725,-0.965768,0.215105,-0.835727,0.270884,-1.106611,21.0,81893000000.0,0.496428,25.128679,-0.694528,0.27124,0.593824,1.0,0.0,1.0,1.0,10.050527
NC,1998,1596.0,407.2,477.4,380.0,1188.8,89.5,198.5,289.5,206.5,0.255138,-1.071395,0.238095,-0.79655,0.337855,-1.134405,21.0,85283000000.0,0.49562,25.169241,-0.739256,0.332139,0.626696,,,,,
NC,1999,1505.0,414.0,491.1,324.0,1091.0,84.1,199.1,250.9,185.9,0.275083,-0.968984,0.215282,-0.861801,0.299846,-1.161646,21.0,87758000000.0,0.495898,25.197849,-0.751302,0.217682,0.53938,,,,,
NC,2000,1557.0,469.7,547.5,383.0,1087.3,101.2,225.4,234.8,181.6,0.30167,-0.839359,0.245986,-0.800778,0.256928,-1.057705,21.0,89504000000.0,0.493162,25.217549,-0.644774,0.194584,0.553648,,,,,
NC,2001,1530.0,405.4,477.4,352.0,1124.6,89.5,196.2,258.5,198.8,0.264967,-1.020308,0.230065,-0.784896,0.262596,-1.047492,21.0,91580000000.0,0.494802,25.240479,-0.814924,0.205385,0.513225,,,,,
NC,2002,1576.0,444.8,508.0,394.0,1131.2,94.9,219.7,255.1,233.3,0.282234,-0.93341,0.25,-0.839439,0.08933,-0.92877,21.0,92894000000.0,0.496878,25.254725,-0.736419,0.19699,0.528601,,,,,
NC,2003,1553.0,403.1,475.1,348.0,1149.9,84.8,211.1,268.2,216.9,0.259562,-1.048246,0.224082,-0.912036,0.212297,-1.124333,21.0,93759000000.0,0.49544,25.263993,-0.844128,0.204118,0.504631,,,,,
NC,2004,1573.0,424.6,485.8,354.0,1148.4,78.4,226.8,238.6,208.2,0.26993,-0.994977,0.225048,-1.062245,0.136289,-1.198534,21.0,95903000000.0,0.491987,25.286603,-0.814775,0.180203,0.494818,,,,,
NC,2005,1547.0,430.2,493.7,395.0,1116.8,91.7,209.7,279.3,209.3,0.278087,-0.953973,0.255333,-0.827156,0.288518,-1.115673,21.0,101268000000.0,0.378392,25.341036,-0.856105,0.097867,0.423717,,,,,
NC,2006,1554.0,421.1,497.3,384.0,1132.9,75.1,223.5,268.9,206.5,0.270978,-0.989666,0.247104,-1.090591,0.264039,-1.35463,21.0,101515000000.0,0.374654,25.343472,-0.879921,0.109744,0.425796,,,,,
NC,2007,1676.0,498.6,593.7,432.0,1177.4,81.3,275.7,249.7,231.3,0.297494,-0.85926,0.257757,-1.221167,0.076545,-1.297712,21.0,103598000000.0,0.371349,25.363784,-0.731299,0.127961,0.481062,,,,,
NC,2008,1428.0,423.4,492.1,405.0,1004.6,76.2,229.8,254.8,201.2,0.296499,-0.864027,0.283613,-1.103848,0.236179,-1.340027,21.0,101712000000.0,0.364647,25.345411,-0.876413,-0.012386,0.3393,,,,,
NC,2009,1313.0,360.4,427.4,372.0,952.6,68.2,193.6,205.8,202.4,0.274486,-0.971981,0.283321,-1.04335,0.016659,-1.060008,21.0,102589997006.75,0.396511,25.354006,-1.046111,-0.07413,0.246744,,,,,
NC,2010,1320.0,391.8,465.6,331.0,928.2,76.3,217.0,219.7,178.0,0.296818,-0.862496,0.250758,-1.045224,0.210479,-1.255704,21.0,102384967632.16,0.390747,25.352006,-0.960573,-0.098078,0.254062,,,,,
NC,2011,1230.0,359.1,419.5,311.0,870.9,60.7,189.2,222.3,148.8,0.291951,-0.885926,0.252846,-1.136861,0.401425,-1.538286,21.0,103772359310.37,0.388027,25.365465,-1.061184,-0.175258,0.169985,,,,,
NC,2012,1299.0,374.3,432.3,376.0,924.7,61.0,215.6,215.0,195.4,0.288145,-0.904412,0.289453,-1.262551,0.095589,-1.35814,21.0,104949941222.86,0.390496,25.376749,-1.031011,-0.126599,0.213281,,,,,
NC,2013,1290.0,367.5,425.6,325.0,922.5,70.9,189.9,231.1,180.1,0.284884,-0.920364,0.251938,-0.985227,0.249338,-1.234565,21.0,105212557792.09,0.385982,25.379249,-1.051844,-0.13148,0.20383,,,,,
NC,2014,1284.0,363.6,415.6,316.0,920.4,83.8,175.0,247.2,161.0,0.283178,-0.928754,0.246106,-0.736353,0.428793,-1.165146,21.0,108012131237.92,0.338515,25.405509,-1.088774,-0.16002,0.172907,,,,,
NC,2015,1379.0,410.5,475.9,305.0,968.5,88.4,186.0,227.6,165.0,0.297679,-0.858373,0.221175,-0.743875,0.321644,-1.065519,21.0,111878568783.48999,0.336374,25.44068,-1.002623,-0.144251,0.209115,,,,,
NC,2016,1450.0,428.6,496.3,352.0,1021.4,97.4,209.9,250.6,174.1,0.295586,-0.868405,0.242759,-0.767805,0.364228,-1.132033,21.0,116748680917.97,0.336566,25.483289,-1.002085,-0.133679,0.21671,,,,,
NC,2017,1412.0,399.0,457.1,318.0,1013.0,89.0,185.7,237.0,187.3,0.282578,-0.93171,0.225212,-0.735496,0.235349,-0.970845,21.0,119176368633.2,0.336716,25.50387,-1.094228,-0.162518,0.169573,,,,,
NC,2018,1436.0,418.7,477.7,302.0,1017.3,96.0,165.3,234.0,186.7,0.291574,-0.887753,0.210306,-0.543414,0.225818,-0.769232,21.0,121127248623.6,0.339855,25.520107,-1.062272,-0.174519,0.17019,,,,,
NC,2019,1457.0,387.4,440.9,317.0,1069.6,79.5,164.2,269.5,192.8,0.265889,-1.015582,0.21757,-0.725328,0.334915,-1.060243,21.0,122474654018.17,0.33981,25.53117,-1.151031,-0.135449,0.173646,,,,,
NC,2020,1538.0,450.7,534.1,365.0,1087.3,109.7,191.0,276.3,220.0,0.293043,-0.880651,0.237321,-0.554524,0.22786,-0.782384,21.0,106342365360.0,0.346588,25.38993,-0.858447,0.022204,0.368989,,,,,
NC,2021,1693.0,479.7,544.7,396.0,1213.3,136.4,188.4,300.6,247.6,0.283343,-0.927938,0.233904,-0.322976,0.193966,-0.516942,21.0,117734433920.0,0.344893,25.491697,-0.897856,0.030083,0.363241,,,,,
NC,2022,1631.0,453.8,521.8,389.0,1177.2,103.1,192.6,252.9,262.4,0.278234,-0.953237,0.238504,-0.624916,-0.036876,-0.58804,21.0,119381038220.0,0.343712,25.505586,-0.967249,-0.014011,0.312043,,,,,
NC,2023,1577.0,423.5,490.0,359.0,1153.5,106.0,194.5,289.0,252.5,0.268548,-1.002003,0.227647,-0.606993,0.135015,-0.742009,21.0,122257584990.0,0.433006,25.529396,-1.060162,-0.058159,0.254564,,,,,
NC,2024,1619.0,449.9,513.0,350.0,1169.1,103.4,199.0,310.6,222.0,0.277888,-0.954964,0.216183,-0.6547,0.335829,-0.990528,21.0,131008358770.0,0.389395,25.598527,-1.068821,-0.113857,0.211718,,,,,
ND,1982,148.0,81.6,93.3,35.0,66.4,20.3,39.4,19.7,12.6,0.551351,0.206132,0.236486,-0.663145,0.446922,-1.110067,21.0,5252000000.0,0.764471,22.381875,0.440635,0.234503,1.036018,,,,,
ND,1983,116.0,62.4,69.6,35.0,53.6,10.0,34.5,8.0,9.5,0.537931,0.152016,0.301724,-1.238374,-0.17185,-1.066524,21.0,5363000000.0,0.756107,22.402789,0.151457,-0.00056,0.771482,0.0,0.0,0.0,0.0,9.3147
ND,1984,100.0,45.3,50.5,19.0,54.7,11.4,21.4,14.6,9.6,0.453,-0.188557,0.19,-0.629778,0.419258,-1.049036,21.0,5377000000.0,0.752278,22.405396,-0.171409,0.017148,0.620454,0.0,0.0,0.0,0.0,9.381854
ND,1985,90.0,42.9,50.7,38.0,47.1,11.8,23.6,16.2,12.4,0.476667,-0.093401,0.422222,-0.693147,0.267315,-0.960462,21.0,5579000000.0,0.744219,22.442275,-0.262723,-0.169322,0.478215,0.0,0.0,0.0,0.0,9.418492
ND,1986,100.0,42.7,45.7,22.0,57.3,12.7,19.8,6.3,9.2,0.427,-0.294102,0.22,-0.44408,-0.378654,-0.065426,21.0,5632000000.0,0.74201,22.45173,-0.276851,0.017251,0.57412,0.0,0.0,0.0,0.0,9.443434
ND,1987,101.0,52.5,55.2,31.0,48.5,10.5,32.5,10.5,2.5,0.519802,0.079249,0.306931,-1.129865,1.435085,-2.564949,21.0,5681000000.0,0.734906,22.460393,-0.078899,-0.158149,0.575408,0.0,0.0,1.0,0.0,9.475547
ND,1988,104.0,49.2,51.9,28.0,54.8,8.9,22.5,23.1,6.5,0.473077,-0.107797,0.269231,-0.927464,1.26803,-2.195494,21.0,5765000000.0,0.732697,22.475071,-0.158497,-0.0507,0.590001,0.0,0.0,1.0,0.0,9.404426
ND,1989,81.0,30.0,34.9,19.0,51.0,2.9,18.4,9.1,5.6,0.37037,-0.530628,0.234568,-1.84764,0.485508,-2.333148,21.0,5849000000.0,0.732604,22.489537,-0.667658,-0.13703,0.325593,0.0,1.0,1.0,0.0,9.522886
ND,1990,112.0,54.5,58.6,37.0,57.5,6.7,31.8,16.3,7.2,0.486607,-0.053584,0.330357,-1.557359,0.817084,-2.374443,21.0,5910000000.0,0.735702,22.499912,-0.08103,-0.027446,0.639268,0.0,0.0,1.0,0.0,9.633252
ND,1991,94.0,45.5,50.1,29.0,48.5,9.1,26.0,6.9,7.0,0.484043,-0.063851,0.308511,-1.049822,-0.014389,-1.035433,21.0,5951000000.0,0.73954,22.506825,-0.268432,-0.204581,0.45715,0.0,0.0,1.0,0.0,9.64724
ND,1992,88.0,35.3,37.7,30.0,52.7,6.0,22.9,8.0,12.1,0.401136,-0.400732,0.340909,-1.339377,-0.413764,-0.925614,21.0,6072000000.0,0.740613,22.526954,-0.54239,-0.141658,0.371064,0.0,0.0,1.0,0.0,9.733055
ND,1993,89.0,39.5,42.0,20.0,49.5,6.5,20.7,12.5,7.3,0.44382,-0.225672,0.224719,-1.158332,0.537854,-1.696186,21.0,6158000000.0,0.74391,22.541018,-0.444036,-0.218364,0.368299,0.0,0.0,1.0,0.0,9.743319
ND,1994,88.0,40.8,44.2,26.0,47.2,7.2,20.1,8.8,5.9,0.463636,-0.145712,0.295455,-1.026639,0.399799,-1.426438,21.0,6338000000.0,0.742348,22.569829,-0.440466,-0.294754,0.328188,0.0,0.0,1.0,0.0,9.806756
ND,1995,74.0,35.5,42.2,24.0,38.5,4.5,19.4,9.5,2.6,0.47973,-0.081126,0.324324,-1.461196,1.29578,-2.756976,21.0,6545000000.0,0.742704,22.601967,-0.611754,-0.530628,0.122779,0.0,1.0,1.0,0.0,9.806371
ND,1996,85.0,44.0,47.5,23.0,41.0,7.9,25.0,8.1,6.0,0.517647,0.070618,0.270588,-1.152013,0.300105,-1.452118,21.0,6741000000.0,0.744845,22.631474,-0.426604,-0.497221,0.231858,0.0,1.0,1.0,0.0,9.913289
ND,1997,105.0,50.0,52.7,22.0,55.0,5.6,24.2,16.4,5.8,0.47619,-0.09531,0.209524,-1.463586,1.039423,-2.503009,21.0,7122000000.0,0.750632,22.686454,-0.353751,-0.25844,0.388187,0.0,1.0,1.0,0.0,9.908624
ND,1998,92.0,39.9,43.5,29.0,52.1,5.0,23.4,12.0,5.6,0.433696,-0.266789,0.315217,-1.543298,0.76214,-2.305438,21.0,7333000000.0,0.755625,22.715651,-0.608593,-0.341805,0.226819,,,,,
ND,1999,119.0,49.2,57.1,31.0,69.8,5.3,31.4,12.7,9.6,0.413445,-0.34974,0.260504,-1.779101,0.279839,-2.05894,21.0,7262000000.0,0.749243,22.705921,-0.389347,-0.039606,0.493883,,,,,
ND,2000,86.0,36.8,40.3,34.0,49.2,7.7,24.7,13.3,9.3,0.427907,-0.290396,0.395349,-1.165583,0.35775,-1.523333,21.0,7217000000.0,0.744354,22.699705,-0.673527,-0.383131,0.175323,,,,,
ND,2001,105.0,43.9,53.4,31.0,61.1,4.8,24.7,15.2,9.3,0.418095,-0.330598,0.295238,-1.638187,0.491281,-2.129468,21.0,7235000000.0,0.742916,22.702196,-0.499601,-0.169004,0.372445,,,,,
ND,2002,97.0,39.9,48.1,20.0,57.1,8.1,21.6,12.9,7.4,0.41134,-0.358428,0.206186,-0.980829,0.555747,-1.536577,21.0,7336000000.0,0.742094,22.71606,-0.609003,-0.250575,0.279332,,,,,
ND,2003,105.0,46.1,52.8,22.0,58.9,10.8,21.9,12.2,4.1,0.439048,-0.245028,0.209524,-0.706941,1.090449,-1.797389,21.0,7468000000.0,0.747322,22.733893,-0.482399,-0.237371,0.340748,,,,,
ND,2004,100.0,34.1,38.2,23.0,65.9,4.5,23.3,14.5,4.7,0.341,-0.658841,0.23,-1.644376,1.126586,-2.770962,21.0,7594000000.0,0.739268,22.750624,-0.800646,-0.141805,0.275227,,,,,
ND,2005,123.0,46.0,57.6,28.0,77.0,5.6,27.4,16.4,9.6,0.373984,-0.515164,0.227642,-1.587776,0.535518,-2.123295,21.0,7570000000.0,0.737781,22.747459,-0.498137,0.017027,0.485406,,,,,
ND,2006,111.0,41.5,47.4,25.0,69.5,10.9,17.8,11.1,7.2,0.373874,-0.515633,0.225225,-0.490436,0.432864,-0.9233,21.0,7890000000.0,0.707224,22.788862,-0.642488,-0.126854,0.341349,,,,,
ND,2007,111.0,55.7,60.5,40.0,55.3,8.3,36.0,11.7,9.0,0.501802,0.007207,0.36036,-1.467263,0.262364,-1.729628,21.0,7844000000.0,0.717364,22.783015,-0.342354,-0.349561,0.347196,,,,,
ND,2008,104.0,46.6,51.9,36.0,57.4,7.0,29.1,13.0,11.9,0.448077,-0.208444,0.346154,-1.424828,0.088411,-1.513239,21.0,7820000000.0,0.717775,22.77995,-0.517669,-0.309225,0.285121,,,,,
ND,2009,140.0,54.0,58.8,30.0,86.0,12.1,37.0,22.9,8.0,0.385714,-0.465363,0.214286,-1.117712,1.051695,-2.169408,21.0,8154000000.0,0.72443,22.821774,-0.41211,0.053254,0.540549,,,,,
ND,2010,105.0,46.1,50.4,31.0,58.9,5.1,25.0,11.9,10.0,0.439048,-0.245028,0.295238,-1.589635,0.173953,-1.763589,21.0,8262258785.62,0.721239,22.834964,-0.58347,-0.338442,0.239677,,,,,
ND,2011,148.0,62.8,66.3,47.0,85.2,6.7,36.4,23.3,9.6,0.424324,-0.305046,0.317568,-1.692461,0.88669,-2.579152,21.0,9130650272.65,0.740793,22.934903,-0.374267,-0.069221,0.48299,,,,,
ND,2012,170.0,72.4,87.3,48.0,97.6,17.6,41.9,22.4,19.1,0.425882,-0.298671,0.282353,-0.867387,0.159373,-1.02676,21.0,10081491574.949999,0.757118,23.033967,-0.33108,-0.032409,0.522512,,,,,
ND,2013,148.0,61.2,72.7,27.0,86.8,11.0,29.0,17.0,11.0,0.413514,-0.349459,0.182432,-0.969401,0.435318,-1.404719,21.0,10099648705.51,0.744333,23.035766,-0.500939,-0.151479,0.382127,,,,,
ND,2014,135.0,55.4,66.2,34.0,79.6,9.3,31.5,21.7,8.5,0.41037,-0.362434,0.251852,-1.219973,0.937246,-2.157219,21.0,10511269066.35,0.74868,23.075714,-0.640453,-0.278019,0.250242,,,,,
ND,2015,131.0,51.5,62.3,27.0,79.5,9.8,24.5,27.2,10.5,0.39313,-0.434175,0.206107,-0.916291,0.951842,-1.868132,21.0,10036216840.22,0.726494,23.029466,-0.667204,-0.233028,0.266412,,,,,
ND,2016,113.0,52.0,54.4,24.0,61.0,17.0,15.1,12.0,8.9,0.460177,-0.15963,0.212389,0.118519,0.298855,-0.180337,21.0,9739208759.08,0.703631,22.999426,-0.627501,-0.467871,0.148643,,,,,
ND,2017,116.0,46.5,55.3,37.0,69.5,5.8,27.2,13.2,13.8,0.400862,-0.401874,0.318966,-1.545359,-0.044452,-1.500907,21.0,9716836373.63,0.699613,22.997126,-0.736993,-0.335118,0.177145,,,,,
ND,2018,105.0,27.8,31.6,23.0,77.2,6.4,12.3,18.6,7.7,0.264762,-1.021363,0.219048,-0.653301,0.881941,-1.535243,21.0,9855663668.6,0.69829,23.011312,-1.265595,-0.244232,0.063329,,,,,
ND,2019,100.0,42.0,46.9,20.0,58.0,10.0,16.2,9.0,7.8,0.42,-0.322773,0.2,-0.482426,0.143101,-0.625527,21.0,9826068271.0,0.699756,23.008305,-0.849954,-0.527181,0.017546,,,,,
ND,2020,100.0,35.6,40.5,21.0,64.4,12.4,11.1,21.6,8.9,0.356,-0.592768,0.21,0.110751,0.886642,-0.775891,21.0,8767600770.0,0.671342,22.894329,-0.901303,-0.308535,0.131522,,,,,
ND,2021,101.0,34.4,38.8,13.0,66.6,5.4,7.1,16.6,6.9,0.340594,-0.660648,0.128713,-0.273696,0.877881,-1.151577,21.0,9255666410.0,0.67979,22.948502,-0.989764,-0.329116,0.087299,,,,,
ND,2022,98.0,32.9,41.0,15.0,65.1,9.1,10.4,14.9,6.6,0.335714,-0.682452,0.153061,-0.133531,0.814292,-0.947823,21.0,9179773050.0,0.684684,22.940268,-1.026115,-0.343663,0.06538,,,,,
ND,2023,106.0,38.1,42.0,19.0,67.9,8.0,12.3,17.0,12.7,0.359434,-0.577822,0.179245,-0.430158,0.291611,-0.721769,21.0,9896021070.0,0.692199,23.015399,-0.954504,-0.376682,0.068721,,,,,
ND,2024,90.0,26.7,29.4,17.0,63.3,3.4,8.7,14.6,10.3,0.296667,-0.863222,0.188889,-0.939548,0.348878,-1.288425,21.0,10029746750.0,0.676547,23.028821,-1.323477,-0.460255,-0.108331,,,,,
NE,1982,261.0,104.9,121.4,60.0,156.1,17.9,57.8,30.1,25.2,0.401916,-0.397489,0.229885,-1.172188,0.177681,-1.349869,20.0,11435000000.0,0.654482,23.159945,-0.086256,0.311233,0.825256,,,,,
NE,1983,255.0,107.7,120.8,55.0,147.3,10.4,79.5,29.6,18.5,0.422353,-0.313122,0.215686,-2.033951,0.470004,-2.503955,20.0,11534000000.0,0.646697,23.168565,-0.068535,0.244587,0.793379,0.0,0.0,0.0,0.0,9.341456
NE,1984,285.0,103.0,123.1,61.0,182.0,18.6,50.6,37.4,23.4,0.361404,-0.569278,0.214035,-1.00079,0.468935,-1.469725,20.0,11968000000.0,0.642045,23.205502,-0.150093,0.419185,0.867668,0.0,0.0,0.0,0.0,9.446045
NE,1985,237.0,79.9,96.3,58.0,157.1,12.0,54.3,29.0,27.7,0.337131,-0.676107,0.244726,-1.509618,0.045863,-1.555481,21.0,12054000000.0,0.641862,23.212662,-0.411206,0.264901,0.676078,0.0,0.0,0.0,0.0,9.502413
NE,1986,290.0,113.4,136.7,69.0,176.6,20.2,69.8,34.8,29.2,0.391034,-0.442966,0.237931,-1.239951,0.175449,-1.4154,21.0,12630000000.0,0.630087,23.259341,-0.107739,0.335227,0.831221,0.0,0.0,0.0,0.0,9.537844
NE,1987,297.0,93.8,128.1,87.0,203.2,18.0,57.2,54.0,36.8,0.315825,-0.773026,0.292929,-1.156182,0.383486,-1.539668,21.0,13091000000.0,0.632419,23.295191,-0.333345,0.439681,0.819222,0.0,0.0,1.0,0.0,9.591103
NE,1988,261.0,107.2,127.6,70.0,153.8,16.8,69.5,30.2,27.5,0.410728,-0.360957,0.268199,-1.419948,0.093656,-1.513604,21.0,13407000000.0,0.632729,23.319043,-0.223666,0.137291,0.666158,0.0,0.0,1.0,0.0,9.649305
NE,1989,296.0,98.0,115.7,55.0,198.0,15.5,47.8,51.5,21.2,0.331081,-0.7033,0.185811,-1.126186,0.887581,-2.013766,21.0,13781000000.0,0.632247,23.346557,-0.340908,0.362391,0.764484,0.0,0.0,1.0,0.0,9.703267
NE,1990,262.0,86.0,103.2,55.0,176.0,7.3,57.2,40.7,29.8,0.328244,-0.716137,0.209924,-2.05868,0.31172,-2.370399,21.0,13958000000.0,0.628958,23.359319,-0.484291,0.231846,0.629707,0.0,0.0,1.0,0.0,9.772011
NE,1991,275.0,88.9,112.9,72.0,186.1,14.9,51.5,36.1,30.5,0.323273,-0.738772,0.261818,-1.240221,0.168566,-1.408787,21.0,14095000000.0,0.6337,23.369086,-0.460893,0.277879,0.668366,0.0,0.0,1.0,0.0,9.798793
NE,1992,269.0,66.6,86.8,58.0,202.4,11.8,34.8,31.2,36.2,0.247584,-1.111541,0.215613,-1.081518,-0.148641,-0.932877,21.0,14621000000.0,0.612817,23.405725,-0.786339,0.325202,0.609667,0.0,0.0,1.0,0.0,9.860423
NE,1993,254.0,70.4,98.7,69.0,183.6,7.3,46.1,48.7,35.9,0.277165,-0.958566,0.271654,-1.842939,0.304942,-2.14788,21.0,14777000000.0,0.61298,23.416338,-0.741464,0.217102,0.541677,0.0,1.0,1.0,0.0,9.889084
NE,1994,271.0,81.7,110.6,59.0,189.3,9.9,48.8,37.1,26.2,0.301476,-0.840279,0.217712,-1.595196,0.347858,-1.943053,21.0,15466000000.0,0.611276,23.46191,-0.638175,0.202104,0.56089,0.0,1.0,1.0,0.0,9.921573
NE,1995,254.0,70.1,90.0,40.0,183.9,10.9,34.7,32.1,21.3,0.275984,-0.964469,0.15748,-1.157977,0.410149,-1.568126,21.0,15807000000.0,0.612134,23.483719,-0.813115,0.151354,0.474296,0.0,1.0,1.0,0.0,9.953658
NE,1996,293.0,80.5,97.0,62.0,212.5,17.3,37.1,44.7,33.9,0.274744,-0.970685,0.211604,-0.76291,0.276558,-1.039469,21.0,16238000000.0,0.608942,23.51062,-0.701682,0.269003,0.590233,0.0,1.0,1.0,0.0,10.036575
NE,1997,302.0,88.1,103.5,58.0,213.9,29.8,36.0,50.2,28.0,0.291722,-0.887036,0.192053,-0.189011,0.583811,-0.772821,21.0,17077000000.0,0.622826,23.560998,-0.661845,0.225191,0.570109,0.0,1.0,1.0,0.0,10.069764
NE,1998,315.0,90.2,115.1,61.0,224.8,15.4,48.5,52.6,26.5,0.286349,-0.913182,0.193651,-1.147196,0.685571,-1.832768,21.0,17558000000.0,0.622451,23.588776,-0.666065,0.247116,0.584478,,,,,
NE,1999,295.0,101.5,121.5,63.0,193.5,12.2,43.1,41.8,44.9,0.344068,-0.645219,0.213559,-1.262087,-0.071541,-1.190546,21.0,18012000000.0,0.623251,23.614304,-0.573564,0.071654,0.493352,,,,,
NE,2000,276.0,71.9,95.9,53.0,204.1,7.6,38.6,56.4,36.4,0.260507,-1.043334,0.192029,-1.625104,0.4379,-2.063004,21.0,18081000000.0,0.620928,23.618128,-0.92217,0.121163,0.422954,,,,,
NE,2001,246.0,73.4,91.8,41.0,172.6,16.8,35.1,40.2,19.9,0.298374,-0.855053,0.166667,-0.736822,0.703147,-1.43997,21.0,18102000000.0,0.616617,23.619288,-0.902684,-0.047631,0.306724,,,,,
NE,2002,307.0,94.1,114.3,66.0,212.9,17.4,51.7,55.6,38.3,0.306515,-0.816465,0.214984,-1.088988,0.372733,-1.461721,21.0,18719000000.0,0.618569,23.652805,-0.687766,0.128698,0.494724,,,,,
NE,2003,293.0,94.9,116.4,63.0,198.1,10.7,58.1,45.3,34.9,0.323891,-0.735948,0.215017,-1.691922,0.26082,-1.952742,21.0,19016000000.0,0.604806,23.668547,-0.695042,0.040906,0.432307,,,,,
NE,2004,254.0,76.7,90.1,63.0,177.3,6.5,48.5,39.5,23.5,0.301969,-0.837942,0.248031,-2.009762,0.5193,-2.529062,21.0,19171000000.0,0.599134,23.676665,-0.916082,-0.078141,0.28135,,,,,
NE,2005,276.0,77.2,91.7,57.0,198.8,11.6,37.6,40.4,29.4,0.27971,-0.9459,0.206522,-1.175999,0.317835,-1.493834,21.0,19291000000.0,0.593904,23.682905,-0.915824,0.030076,0.358177,,,,,
NE,2006,269.0,72.2,88.0,58.0,196.8,12.4,40.0,38.6,36.0,0.268401,-1.002748,0.215613,-1.171183,0.069733,-1.240916,21.0,19415000000.0,0.574247,23.689312,-0.989191,0.013557,0.32608,,,,,
NE,2007,256.0,77.1,98.5,49.0,178.9,13.4,47.6,28.6,20.4,0.301172,-0.841724,0.191406,-1.267578,0.337872,-1.60545,21.0,19439000000.0,0.579505,23.690547,-0.924763,-0.083039,0.275311,,,,,
NE,2008,208.0,52.7,73.3,40.0,155.3,5.1,26.2,34.9,17.8,0.253365,-1.080743,0.192308,-1.636519,0.673288,-2.309807,21.0,19170000000.0,0.568597,23.676612,-1.291316,-0.210573,0.081606,,,,,
NE,2009,223.0,68.4,89.6,46.0,154.6,14.6,29.1,31.4,25.9,0.306726,-0.815468,0.206278,-0.689717,0.192565,-0.882282,21.0,19359000000.0,0.568108,23.686423,-1.04037,-0.224901,0.141429,,,,,
NE,2010,190.0,50.1,57.9,32.0,139.9,6.2,27.2,27.8,27.8,0.263684,-1.026907,0.168421,-1.478668,0.0,-1.478668,21.0,19437951655.55,0.571557,23.690493,-1.355792,-0.328885,-0.022788,,,,,
NE,2011,181.0,44.9,53.8,29.0,136.1,7.9,23.2,32.1,14.8,0.248066,-1.108952,0.160221,-1.07729,0.774229,-1.851518,21.0,19093318573.44,0.580094,23.672604,-1.447486,-0.338534,-0.053427,,,,,
NE,2012,212.0,72.8,88.4,49.0,139.2,11.1,38.8,28.9,25.2,0.343396,-0.648196,0.231132,-1.251475,0.136998,-1.388473,21.0,19276550844.79,0.580038,23.682155,-0.973759,-0.325563,0.095112,,,,,
NE,2013,211.0,60.6,70.6,49.0,150.4,15.1,29.9,42.9,24.1,0.287204,-0.909004,0.232227,-0.683164,0.57666,-1.259824,21.0,19321561403.09,0.581471,23.684487,-1.159512,-0.250508,0.088051,,,,,
NE,2014,225.0,61.0,78.3,35.0,164.0,9.2,26.0,29.8,21.0,0.271111,-0.988993,0.155556,-1.038893,0.349986,-1.388879,21.0,19612581566.44,0.582073,23.699437,-1.167883,-0.17889,0.137344,,,,,
NE,2015,246.0,64.7,82.8,34.0,181.3,10.9,24.4,43.1,24.6,0.263008,-1.030392,0.138211,-0.80582,0.560777,-1.366597,21.0,20100958613.85,0.566295,23.724033,-1.133591,-0.103199,0.201979,,,,,
NE,2016,218.0,61.6,82.3,28.0,156.4,10.5,28.4,32.5,15.6,0.282569,-0.931755,0.12844,-0.995014,0.733969,-1.728983,21.0,20699915995.13,0.54844,23.753395,-1.212053,-0.280298,0.05178,,,,,
NE,2017,228.0,67.9,73.2,35.0,160.1,7.4,29.8,26.6,21.2,0.297807,-0.857763,0.153509,-1.393028,0.22691,-1.619938,21.0,21002014792.98,0.547631,23.767884,-1.129167,-0.271405,0.082142,,,,,
NE,2018,230.0,68.1,80.6,29.0,161.9,7.0,26.1,31.0,21.9,0.296087,-0.866002,0.126087,-1.316025,0.347501,-1.663526,21.0,20974735093.39,0.553854,23.766584,-1.124927,-0.258925,0.092176,,,,,
NE,2019,248.0,60.0,72.0,43.0,188.0,11.3,26.2,38.7,19.8,0.241935,-1.142097,0.173387,-0.840957,0.670158,-1.511114,21.0,21241792157.96,0.549067,23.779236,-1.264211,-0.122114,0.154873,,,,,
NE,2020,233.0,71.7,84.1,31.0,161.3,9.8,27.8,30.2,27.2,0.307725,-0.810775,0.133047,-1.042654,0.104625,-1.147279,21.0,19431864700.0,0.557649,23.69018,-0.997009,-0.186233,0.181539,,,,,
NE,2021,221.0,64.0,78.3,28.0,157.0,9.0,30.0,27.0,21.0,0.289593,-0.897363,0.126697,-1.203973,0.251314,-1.455287,21.0,21209666280.0,0.559592,23.777723,-1.198159,-0.300796,0.041121,,,,,
NE,2022,244.0,68.0,89.2,37.0,176.0,11.8,31.4,44.2,27.6,0.278689,-0.950976,0.151639,-0.978708,0.470909,-1.449617,21.0,21270328890.0,0.546794,23.780579,-1.14039,-0.189414,0.13727,,,,,
NE,2023,227.0,68.7,77.1,35.0,158.3,9.5,29.2,35.5,21.8,0.302643,-0.834743,0.154185,-1.122877,0.487623,-1.6105,21.0,21274567420.0,0.546574,23.780778,-1.130348,-0.295605,0.064853,,,,,
NE,2024,251.0,74.5,91.7,40.0,176.5,14.0,42.1,37.0,26.9,0.296813,-0.862522,0.159363,-1.10099,0.318792,-1.419782,21.0,21899734550.0,0.532261,23.80974,-1.07826,-0.215739,0.136393,,,,,
NH,1982,173.0,94.3,106.8,56.0,78.7,18.7,52.5,22.3,11.5,0.545087,0.180838,0.323699,-1.03229,0.66224,-1.694529,20.0,6971000000.0,0.615407,22.665025,0.302137,0.121299,0.908948,,,,,
NH,1983,191.0,91.1,100.6,70.0,99.9,20.1,47.7,30.9,17.3,0.476963,-0.092212,0.366492,-0.864212,0.58005,-1.444261,20.0,7181000000.0,0.606879,22.694704,0.237934,0.330146,0.97825,0.0,0.0,0.0,0.0,9.47355
NH,1984,192.0,94.7,106.1,44.0,97.3,18.4,44.9,17.6,7.1,0.493229,-0.027085,0.229167,-0.892087,0.907804,-1.799891,20.0,7294000000.0,0.605978,22.710318,0.261077,0.288162,0.967858,0.0,0.0,0.0,0.0,9.583145
NH,1985,191.0,74.7,127.8,47.0,116.3,13.9,31.0,22.1,18.0,0.391099,-0.442693,0.246073,-0.802098,0.205206,-1.007304,20.0,7538000000.0,0.609047,22.743223,-0.009062,0.433631,0.929731,0.0,0.0,0.0,0.0,9.67042
NH,1986,172.0,71.5,129.2,48.0,100.5,13.4,32.5,25.6,14.5,0.415698,-0.34046,0.27907,-0.885985,0.568444,-1.454429,20.5,7913000000.0,0.614053,22.791773,-0.101395,0.239066,0.776402,0.0,0.0,0.0,0.0,9.742908
NH,1987,179.0,60.4,90.8,50.0,118.6,13.5,25.4,30.5,8.6,0.33743,-0.674767,0.27933,-0.632059,1.265964,-1.898024,21.0,9167000000.0,0.613287,22.938876,-0.417206,0.257561,0.669191,0.0,0.0,1.0,0.0,9.818039
NH,1988,166.0,60.1,81.0,35.0,105.9,6.4,33.7,25.6,18.3,0.362048,-0.566485,0.210843,-1.6612,0.335691,-1.996891,21.0,9575000000.0,0.615561,22.982421,-0.465731,0.100755,0.550247,0.0,0.0,1.0,0.0,9.890048
NH,1989,187.0,77.1,92.6,56.0,109.9,16.9,32.8,26.1,15.2,0.412299,-0.354468,0.299465,-0.663115,0.54064,-1.203755,21.0,9819000000.0,0.621346,23.007585,-0.241801,0.112666,0.644204,0.0,0.0,1.0,0.0,9.931054
NH,1990,158.0,64.2,73.9,33.0,93.8,13.3,25.4,18.7,7.6,0.406329,-0.379162,0.208861,-0.646985,0.900375,-1.54736,21.0,9844000000.0,0.624543,23.010128,-0.427444,-0.048282,0.473148,0.0,0.0,1.0,0.0,9.939241
NH,1991,144.0,55.2,60.0,43.0,88.8,13.5,27.7,15.5,15.3,0.383333,-0.475424,0.298611,-0.718743,0.012987,-0.73173,21.0,9935000000.0,0.630398,23.01933,-0.587686,-0.112262,0.371164,0.0,0.0,1.0,0.0,9.970679
NH,1992,122.0,34.1,37.1,24.0,87.9,6.3,16.1,19.7,9.9,0.279508,-0.946902,0.196721,-0.93827,0.688084,-1.626354,21.0,10067000000.0,0.63127,23.032529,-1.08255,-0.135648,0.192173,0.0,0.0,1.0,0.0,10.009378
NH,1993,121.0,39.6,47.1,37.0,81.4,10.2,19.9,17.8,15.1,0.327273,-0.720546,0.305785,-0.668332,0.164504,-0.832836,21.0,10336000000.0,0.577786,23.058899,-0.959389,-0.238843,0.157573,0.0,0.0,1.0,0.0,10.030561
NH,1994,119.0,43.9,49.4,27.0,75.1,8.4,23.1,11.6,9.9,0.368908,-0.536906,0.226891,-1.011601,0.15847,-1.170071,21.0,10501000000.0,0.581564,23.074736,-0.872141,-0.335235,0.125068,0.0,0.0,1.0,1.0,10.090755
NH,1995,118.0,33.9,44.1,32.0,84.1,6.6,18.7,21.4,18.3,0.287288,-0.908592,0.271186,-1.041454,0.15649,-1.197944,21.0,10643000000.0,0.581885,23.088168,-1.144072,-0.235481,0.103197,0.0,0.0,1.0,1.0,10.139073
NH,1996,134.0,36.7,41.7,29.0,97.3,4.9,18.1,26.1,12.9,0.273881,-0.975022,0.216418,-1.306677,0.704708,-2.011385,21.0,10987000000.0,0.581687,23.119979,-1.096521,-0.121499,0.198542,0.0,0.0,1.0,1.0,10.181801
NH,1997,125.0,47.6,57.0,31.0,77.4,12.2,21.1,18.8,7.9,0.3808,-0.486154,0.248,-0.547837,0.866994,-1.414831,21.0,11202000000.0,0.585878,23.139358,-0.855845,-0.369691,0.109636,0.0,0.0,1.0,1.0,10.231568
NH,1998,128.0,39.3,56.5,28.0,88.7,10.7,17.7,19.3,9.3,0.307031,-0.814035,0.21875,-0.503321,0.730091,-1.233412,21.0,11573000000.0,0.586278,23.171941,-1.080035,-0.266,0.10077,,,,,
NH,1999,140.0,44.3,65.9,39.0,95.7,9.7,25.3,20.3,12.7,0.316429,-0.770234,0.278571,-0.958679,0.469019,-1.427697,21.0,11893000000.0,0.589002,23.199216,-0.98755,-0.217317,0.163107,,,,,
NH,2000,126.0,42.0,46.6,30.0,84.0,7.6,22.2,18.4,7.8,0.333333,-0.693147,0.238095,-1.071944,0.858227,-1.930171,21.0,12021000000.0,0.589219,23.209921,-1.051571,-0.358423,0.047042,,,,,
NH,2001,142.0,51.4,65.6,29.0,90.6,5.6,28.8,13.4,11.2,0.361972,-0.566816,0.204225,-1.637609,0.179341,-1.81695,21.0,12315000000.0,0.589119,23.234084,-0.873765,-0.306949,0.142424,,,,,
NH,2002,127.0,42.7,48.0,30.0,84.3,13.2,20.1,15.8,9.9,0.33622,-0.680183,0.23622,-0.420503,0.467475,-0.887978,21.0,12578000000.0,0.590634,23.255215,-1.080335,-0.400152,0.009653,,,,,
NH,2003,127.0,36.3,46.1,35.0,90.7,8.3,17.3,21.7,9.7,0.285827,-0.91574,0.275591,-0.734451,0.805186,-1.539637,21.0,12953000000.0,0.591755,23.284593,-1.272095,-0.356355,-0.019725,,,,,
NH,2004,171.0,51.4,56.9,42.0,119.6,8.8,30.7,28.2,12.3,0.300585,-0.844515,0.245614,-1.249511,0.829723,-2.079234,21.0,13543000000.0,0.445765,23.329136,-0.968817,-0.124302,0.233209,,,,,
NH,2005,166.0,54.3,59.6,41.0,111.7,16.3,29.4,21.7,14.6,0.327108,-0.721292,0.246988,-0.58983,0.396291,-0.98612,21.0,13429000000.0,0.442922,23.320682,-0.905477,-0.184185,0.211986,,,,,
NH,2006,127.0,45.6,48.1,26.0,81.4,7.7,20.1,14.3,7.9,0.359055,-0.579468,0.204724,-0.959499,0.593397,-1.552896,21.0,13614000000.0,0.442486,23.334365,-1.093776,-0.514308,-0.069497,,,,,
NH,2007,129.0,34.0,44.4,25.0,95.0,7.0,19.0,19.0,13.0,0.263566,-1.027516,0.193798,-0.998529,0.37949,-1.378018,21.0,13459000000.0,0.43978,23.322914,-1.375873,-0.348356,-0.042421,,,,,
NH,2008,138.0,45.0,53.1,29.0,93.0,10.9,20.8,22.1,12.2,0.326087,-0.725937,0.210145,-0.64619,0.594142,-1.240332,21.0,13040000000.0,0.440031,23.291287,-1.063944,-0.338007,0.056647,,,,,
NH,2009,110.0,29.1,35.5,22.0,80.9,4.2,15.1,14.8,6.9,0.264545,-1.022476,0.2,-1.27961,0.763106,-2.042716,21.0,12975431928.43,0.439388,23.286324,-1.494905,-0.472429,-0.165162,,,,,
NH,2010,128.0,44.5,53.3,30.0,83.5,8.2,22.0,17.8,16.0,0.347656,-0.629357,0.234375,-0.986908,0.10661,-1.093518,21.0,13065220251.630001,0.439457,23.29322,-1.07705,-0.447692,-0.020509,,,,,
NH,2011,90.0,26.6,28.4,19.0,63.4,3.6,16.1,19.4,5.9,0.295556,-0.868553,0.211111,-1.497885,1.190321,-2.688206,21.0,12719529760.13,0.438814,23.266404,-1.564812,-0.69626,-0.345914,,,,,
NH,2012,108.0,32.1,37.3,27.0,75.9,7.4,16.3,16.6,9.7,0.297222,-0.860561,0.25,-0.789685,0.537277,-1.326962,21.0,12893651744.69,0.450852,23.280001,-1.390464,-0.529903,-0.177189,,,,,
NH,2013,135.0,45.4,52.3,30.0,89.6,12.9,18.5,12.1,13.5,0.336296,-0.679843,0.222222,-0.360543,-0.109484,-0.251059,21.0,12902814757.95,0.392767,23.280711,-1.044518,-0.364675,0.045244,,,,,
NH,2014,95.0,28.9,33.4,17.0,66.1,4.7,11.0,19.3,8.0,0.304211,-0.827327,0.178947,-0.850333,0.880664,-1.730996,21.0,12970408519.94,0.39338,23.285936,-1.501414,-0.674087,-0.311379,,,,,
NH,2015,114.0,33.0,40.7,28.0,81.0,10.0,13.8,27.0,7.2,0.289474,-0.897942,0.245614,-0.322083,1.321756,-1.643839,21.0,13093741758.24,0.39453,23.2954,-1.378212,-0.48027,-0.138521,,,,,
NH,2016,136.0,40.4,48.8,30.0,95.6,13.2,12.4,25.8,14.6,0.297059,-0.861343,0.220588,0.06252,0.569353,-0.506833,21.0,13512596543.43,0.396492,23.326888,-1.207378,-0.346035,0.006447,,,,,
NH,2017,102.0,26.0,31.2,22.0,76.0,4.5,8.9,9.5,14.1,0.254902,-1.072637,0.215686,-0.681974,-0.394883,-0.287091,21.0,13681376626.44,0.397048,23.339301,-1.660524,-0.587887,-0.293648,,,,,
NH,2018,147.0,46.2,53.5,33.0,100.8,11.6,23.8,21.4,12.2,0.314286,-0.780159,0.22449,-0.71868,0.561955,-1.280635,21.0,13776473056.300001,0.398073,23.346228,-1.092568,-0.312409,0.064885,,,,,
NH,2019,101.0,38.1,43.1,19.0,62.9,14.6,14.0,16.4,6.0,0.377228,-0.501332,0.188119,0.041964,1.005522,-0.963558,21.0,13828121483.4,0.401659,23.34997,-1.289075,-0.787743,-0.314169,,,,,
NH,2020,104.0,38.1,44.7,20.0,65.9,14.5,11.6,8.5,8.4,0.366346,-0.547924,0.192308,0.223144,0.011834,0.211309,21.0,11956255780.0,0.412949,23.20452,-1.143625,-0.595701,-0.139449,,,,,
NH,2021,118.0,44.6,53.1,27.0,73.4,6.2,22.2,12.8,14.8,0.377966,-0.49819,0.228814,-1.275543,-0.145182,-1.130361,21.0,13129807710.0,0.41349,23.298151,-1.079736,-0.581546,-0.106786,,,,,
NH,2022,146.0,51.9,57.4,32.0,94.1,13.0,17.4,20.0,9.6,0.355479,-0.595039,0.219178,-0.291521,0.733969,-1.02549,21.0,13280563420.0,0.412952,23.309567,-0.939568,-0.344529,0.09472,,,,,
NH,2023,127.0,33.7,38.9,20.0,93.3,5.5,13.7,25.5,9.3,0.265354,-1.018322,0.15748,-0.912648,1.008664,-1.921312,21.0,13514730490.0,0.401047,23.327046,-1.388867,-0.370545,-0.062178,,,,,
NH,2024,133.0,39.1,49.1,17.0,93.9,10.4,15.9,26.6,10.1,0.293985,-0.876108,0.12782,-0.424513,0.968376,-1.392889,21.0,13853632340.0,0.397659,23.351813,-1.26501,-0.388902,-0.040783,,,,,
NJ,1982,1061.0,448.4,553.3,340.0,612.6,60.8,289.0,153.2,145.0,0.42262,-0.312027,0.320452,-1.558837,0.055011,-1.613847,19.0,51935000000.0,0.180957,24.673259,-0.146892,0.165134,0.714389,,,,,
NJ,1983,932.0,380.9,440.0,271.0,551.1,74.5,228.6,149.5,116.4,0.408691,-0.369379,0.290773,-1.121175,0.250264,-1.371438,21.0,52217000000.0,0.187927,24.678674,-0.315456,0.053923,0.57934,0.0,0.0,0.0,0.0,9.621125
NJ,1984,922.0,318.4,385.3,239.0,603.6,66.4,174.9,148.6,129.1,0.345336,-0.639603,0.259219,-0.968517,0.140671,-1.109188,21.0,52312000000.0,0.184795,24.680492,-0.496502,0.143101,0.566734,0.0,0.0,0.0,0.0,9.721966
NJ,1985,964.0,334.9,405.5,258.0,629.1,63.2,186.4,157.8,146.6,0.347407,-0.630458,0.267635,-1.081591,0.073621,-1.155211,21.0,52690000000.0,0.194211,24.687692,-0.453179,0.177279,0.604081,0.0,1.0,0.0,0.0,9.787347
NJ,1986,1039.0,326.4,416.1,286.0,712.6,59.0,177.1,173.0,154.9,0.314148,-0.780797,0.275265,-1.099177,0.110512,-1.209689,21.0,55589000000.0,0.189624,24.741251,-0.532447,0.24835,0.625444,0.0,1.0,0.0,0.0,9.846917
NJ,1987,1023.0,307.1,378.0,269.0,715.9,64.2,167.4,152.8,150.6,0.300196,-0.846367,0.262952,-0.958383,0.014503,-0.972886,21.0,57071000000.0,0.185681,24.767562,-0.619708,0.226659,0.583614,0.0,1.0,0.0,0.0,9.922849
NJ,1988,1051.0,330.8,390.6,287.0,720.2,56.6,194.0,144.4,164.0,0.314748,-0.778015,0.273073,-1.231849,-0.127279,-1.10457,21.0,58671000000.0,0.184691,24.795211,-0.573017,0.204998,0.582967,0.0,1.0,0.0,0.0,10.012432
NJ,1989,891.0,258.5,324.9,225.0,632.5,46.9,154.0,152.1,127.0,0.290123,-0.894785,0.252525,-1.188935,0.180351,-1.369286,21.0,59898000000.0,0.184864,24.815909,-0.840333,0.054452,0.397116,0.0,1.0,0.0,0.0,10.07538
NJ,1990,886.0,258.5,318.7,204.0,627.5,53.0,141.6,148.0,143.4,0.291761,-0.886848,0.230248,-0.982714,0.031574,-1.014289,21.0,58923000000.0,0.178487,24.799497,-0.823921,0.062927,0.4079,0.0,1.0,0.0,0.0,10.12194
NJ,1991,783.0,223.8,266.3,181.0,559.2,44.5,133.5,138.5,118.5,0.285824,-0.915754,0.231162,-1.098612,0.155957,-1.25457,21.0,59289000000.0,0.198131,24.80569,-0.974256,-0.058502,0.278124,0.0,1.0,0.0,0.0,10.139666
NJ,1992,763.0,177.8,232.6,168.0,585.2,26.9,103.9,154.1,94.1,0.233028,-1.191294,0.220183,-1.351303,0.493244,-1.844546,21.0,59410000000.0,0.199461,24.807728,-1.206388,-0.015094,0.25021,0.0,1.0,0.0,0.0,10.194252
NJ,1993,789.0,181.9,235.8,159.0,607.1,33.6,90.3,131.4,114.7,0.230545,-1.205236,0.201521,-0.988611,0.135926,-1.124537,21.0,59726000000.0,0.169608,24.813033,-1.188895,0.016341,0.278414,0.0,1.0,0.0,0.0,10.220376
NJ,1994,761.0,208.6,241.1,196.0,552.4,36.4,115.9,131.6,92.1,0.274113,-0.973854,0.257556,-1.158159,0.356892,-1.515051,21.0,60466000000.0,0.180961,24.825347,-1.064248,-0.090394,0.229967,0.0,1.0,0.0,0.0,10.251782
NJ,1995,774.0,180.2,230.9,199.0,593.8,29.7,106.7,142.3,113.3,0.232817,-1.192475,0.257106,-1.278874,0.227898,-1.506772,21.0,61012000000.0,0.188406,24.834336,-1.219588,-0.027113,0.237916,0.0,1.0,0.0,0.0,10.294448
NJ,1996,814.0,183.3,234.0,187.0,630.7,30.6,108.2,141.4,125.8,0.225184,-1.235706,0.22973,-1.262981,0.116899,-1.379881,21.0,62334000000.0,0.194116,24.855773,-1.223968,0.011738,0.266868,0.0,1.0,0.0,0.0,10.338253
NJ,1997,775.0,183.0,235.3,188.0,592.0,26.0,104.3,145.0,110.7,0.236129,-1.17402,0.242581,-1.389175,0.26991,-1.659085,21.0,62784000000.0,0.189714,24.862966,-1.232799,-0.058779,0.210578,0.0,1.0,0.0,0.0,10.384555
NJ,1998,741.0,176.1,228.5,170.0,564.9,30.2,99.2,118.8,113.8,0.237652,-1.165597,0.22942,-1.189296,0.042999,-1.232295,21.0,64510000000.0,0.195164,24.890086,-1.298353,-0.132757,0.138595,,,,,
NJ,1999,726.0,193.0,232.6,167.0,533.0,35.7,110.4,134.3,98.6,0.26584,-1.015831,0.230028,-1.128959,0.309005,-1.437964,21.0,65541000000.0,0.195465,24.905942,-1.222571,-0.20674,0.102289,,,,,
NJ,2000,731.0,227.5,275.6,150.0,503.5,39.2,122.9,114.8,91.1,0.311218,-0.794433,0.205198,-1.142694,0.231234,-1.373928,21.0,67446000000.0,0.201732,24.934593,-1.086762,-0.292329,0.080501,,,,,
NJ,2001,745.0,202.9,248.5,167.0,542.1,32.2,120.8,117.8,105.2,0.272349,-0.982737,0.224161,-1.32217,0.113125,-1.435295,21.0,68725000000.0,0.204292,24.953379,-1.219985,-0.237248,0.080686,,,,,
NJ,2002,771.0,194.8,232.5,201.0,576.2,30.5,130.0,139.5,118.0,0.252659,-1.084481,0.2607,-1.449808,0.16738,-1.617188,21.0,69942000000.0,0.203612,24.970932,-1.278278,-0.193797,0.097437,,,,,
NJ,2003,733.0,195.2,234.5,167.0,537.8,25.1,121.5,118.9,103.5,0.266303,-1.013462,0.227831,-1.577046,0.138711,-1.715758,21.0,69778000000.0,0.097137,24.968585,-1.273879,-0.260417,0.049242,,,,,
NJ,2004,723.0,184.7,234.9,171.0,538.3,34.0,98.7,121.0,127.3,0.255463,-1.069683,0.236515,-1.065724,-0.050756,-1.014968,21.0,72844000000.0,0.096425,25.011586,-1.372172,-0.302489,-0.007496,,,,,
NJ,2005,747.0,203.1,247.4,189.0,543.9,33.4,125.5,134.6,108.5,0.271888,-0.985067,0.253012,-1.32375,0.215557,-1.539307,21.0,73819000000.0,0.095829,25.024882,-1.290503,-0.305436,0.011864,,,,,
NJ,2006,771.0,217.7,279.9,189.0,553.3,44.2,115.9,126.8,132.1,0.282361,-0.932782,0.245136,-0.964003,-0.040948,-0.923055,21.0,75371000000.0,0.096297,25.045688,-1.24189,-0.309107,0.022681,,,,,
NJ,2007,724.0,200.5,255.5,183.0,523.5,36.4,111.9,120.6,119.1,0.276934,-0.959723,0.252762,-1.123037,0.012516,-1.135553,21.0,76152000000.0,0.0907,25.055997,-1.334502,-0.374779,-0.050525,,,,,
NJ,2008,590.0,151.9,191.6,163.0,438.1,25.4,90.1,101.6,115.9,0.257458,-1.059225,0.276271,-1.266171,-0.131684,-1.134487,21.0,73629000000.0,0.085523,25.022305,-1.578402,-0.519177,-0.221502,,,,,
NJ,2009,584.0,146.3,183.7,144.0,437.7,22.0,77.5,105.0,98.5,0.250514,-1.095874,0.246575,-1.259235,0.063904,-1.323139,21.0,73029000000.0,0.085418,25.014122,-1.607782,-0.511908,-0.223541,,,,,
NJ,2010,556.0,160.8,195.7,142.0,395.2,21.4,100.4,84.6,86.6,0.289209,-0.899231,0.255396,-1.545771,-0.023366,-1.522406,21.0,73027659189.0,0.087958,25.014104,-1.513262,-0.614031,-0.272655,,,,,
NJ,2011,627.0,193.6,226.3,158.0,433.4,34.4,116.8,105.6,83.2,0.308772,-0.805867,0.251994,-1.222407,0.238411,-1.460818,21.0,73093771102.45,0.086166,25.015009,-1.328534,-0.522667,-0.153382,,,,,
NJ,2012,589.0,164.0,209.9,151.0,425.0,41.1,79.2,112.9,93.8,0.278438,-0.952223,0.256367,-0.655968,0.185338,-0.841306,21.0,74225375698.04001,0.061316,25.030372,-1.509825,-0.557602,-0.231265,,,,,
NJ,2013,542.0,147.7,186.5,132.0,394.3,33.6,71.6,83.4,81.4,0.272509,-0.981929,0.243542,-0.756569,0.024273,-0.780842,21.0,74529791942.0,0.060987,25.034465,-1.618601,-0.636672,-0.318518,,,,,
NJ,2014,556.0,160.9,197.9,137.0,395.1,27.9,85.6,91.1,83.4,0.289388,-0.898356,0.246403,-1.121059,0.088309,-1.209368,21.0,74856385160.1,0.062709,25.038837,-1.537373,-0.639018,-0.297388,,,,,
NJ,2015,562.0,110.9,138.8,153.0,451.1,19.4,61.4,102.6,93.6,0.197331,-1.40306,0.272242,-1.152137,0.091808,-1.243944,21.0,75393419312.05,0.064132,25.045986,-1.916676,-0.513616,-0.293803,,,,,
NJ,2016,602.0,134.8,175.3,160.0,467.2,19.3,82.3,120.7,100.7,0.22392,-1.242965,0.265781,-1.450266,0.181162,-1.631428,21.0,77092632156.34,0.064186,25.068274,-1.743801,-0.500835,-0.247335,,,,,
NJ,2017,624.0,121.0,156.7,139.0,503.0,22.1,65.8,112.9,102.2,0.19391,-1.4248,0.222756,-1.091042,0.099571,-1.190613,21.0,77508602309.2,0.062966,25.073655,-1.857183,-0.432384,-0.216824,,,,,
NJ,2018,563.0,127.3,162.6,135.0,435.7,19.3,68.7,125.7,92.3,0.22611,-1.230407,0.239787,-1.269644,0.308854,-1.578498,21.0,77538911171.9,0.062781,25.074046,-1.806818,-0.576411,-0.320085,,,,,
NJ,2019,558.0,128.8,169.3,137.0,429.2,26.9,62.3,119.1,88.7,0.230824,-1.203662,0.24552,-0.839835,0.294704,-1.134539,21.0,78205297198.85,0.063517,25.082603,-1.803662,-0.599999,-0.337564,,,,,
NJ,2020,586.0,154.6,187.6,150.0,431.4,40.6,75.6,117.4,109.4,0.263823,-1.026195,0.255973,-0.621688,0.070576,-0.692264,21.0,66341149960.0,0.064075,24.918076,-1.456554,-0.43036,-0.124076,,,,,
NJ,2021,692.0,175.2,219.2,177.0,516.8,40.9,88.4,111.1,122.6,0.253179,-1.081728,0.25578,-0.770742,-0.098496,-0.672246,21.0,73672757410.0,0.06374,25.022899,-1.43629,-0.354562,-0.062632,,,,,
NJ,2022,689.0,180.2,212.8,162.0,508.8,33.6,94.5,110.4,137.5,0.261538,-1.037988,0.235123,-1.034074,-0.219514,-0.81456,21.0,75287570490.0,0.063168,25.044581,-1.429833,-0.391845,-0.088659,,,,,
NJ,2023,605.0,140.5,169.7,126.0,464.5,23.3,71.6,131.7,96.4,0.232231,-1.195754,0.208264,-1.122642,0.31202,-1.434662,21.0,78006655930.0,0.062062,25.08006,-1.714172,-0.518418,-0.254151,,,,,
NJ,2024,670.0,150.4,194.5,165.0,519.6,37.8,81.8,140.2,120.2,0.224478,-1.239761,0.246269,-0.771968,0.153913,-0.925881,21.0,79459786930.0,0.067497,25.098517,-1.664538,-0.424777,-0.170558,,,,,
NM,1982,577.0,288.3,329.6,165.0,288.7,78.1,142.6,73.9,66.4,0.499653,-0.001386,0.285962,-0.602053,0.107016,-0.709069,21.0,11850000000.0,0.590549,23.195594,0.889089,0.890475,1.582929,,,,,
NM,1983,531.0,262.5,294.4,165.0,268.5,50.0,115.2,71.0,61.8,0.49435,-0.0226,0.310734,-0.834647,0.138777,-0.973423,21.0,11678000000.0,0.606868,23.180973,0.809959,0.832559,1.51447,0.0,0.0,0.0,0.0,9.217515
NM,1984,497.0,247.2,282.5,142.0,249.8,48.7,116.0,54.3,52.0,0.497384,-0.010463,0.285714,-0.867911,0.043281,-0.911192,21.0,12896000000.0,0.57103,23.280183,0.650695,0.661158,1.349088,0.0,0.0,0.0,0.0,9.292934
NM,1985,535.0,244.0,279.0,153.0,291.0,50.9,121.0,73.1,60.0,0.456075,-0.176155,0.285981,-0.865928,0.197484,-1.063411,21.0,13269000000.0,0.56681,23.308696,0.609153,0.785308,1.394251,0.0,0.0,0.0,0.0,9.35807
NM,1986,499.0,235.7,278.5,136.0,263.3,64.1,103.1,67.9,50.9,0.472345,-0.110734,0.272545,-0.475255,0.288173,-0.763428,21.0,13171000000.0,0.597753,23.301283,0.581957,0.692692,1.332004,1.0,0.0,0.0,0.0,9.377548
NM,1987,568.0,274.2,323.0,159.0,293.8,64.9,127.7,77.1,79.3,0.482746,-0.069041,0.27993,-0.676836,-0.028135,-0.648701,21.0,15116000000.0,0.544721,23.43902,0.595519,0.66456,1.323783,1.0,0.0,1.0,0.0,9.413852
NM,1988,487.0,251.1,288.9,141.0,235.9,64.9,109.8,62.1,53.2,0.515606,0.062443,0.289528,-0.525813,0.154688,-0.6805,21.0,15283000000.0,0.609304,23.450007,0.496525,0.434082,1.158938,1.0,0.0,1.0,0.0,9.462266
NM,1989,538.0,237.2,275.0,153.0,300.8,37.1,108.1,75.9,72.9,0.440892,-0.237542,0.284387,-1.06944,0.040328,-1.109768,21.0,15839000000.0,0.599975,23.485741,0.403843,0.641385,1.222798,1.0,0.0,1.0,0.0,9.519221
NM,1990,499.0,243.0,276.5,144.0,256.0,46.3,127.0,58.7,54.0,0.486974,-0.052116,0.288577,-1.009045,0.083456,-1.092501,21.0,16148000000.0,0.602242,23.505062,0.40868,0.460796,1.128225,1.0,0.0,1.0,0.0,9.580524
NM,1991,469.0,205.5,223.8,142.0,263.5,34.5,114.1,58.5,61.9,0.438166,-0.248607,0.302772,-1.196116,-0.056493,-1.139623,21.0,16773000000.0,0.610624,23.543036,0.20309,0.451698,1.028247,1.0,0.0,1.0,0.0,9.620395
NM,1992,460.0,213.7,236.5,127.0,246.3,36.9,99.9,57.1,61.1,0.464565,-0.141977,0.276087,-0.995958,-0.067708,-0.92825,21.0,18452000000.0,0.631259,23.638439,0.146815,0.288792,0.913469,1.0,0.0,1.0,0.0,9.665357
NM,1993,431.0,185.9,216.7,134.0,245.1,36.5,87.9,46.5,55.1,0.431323,-0.276457,0.310905,-0.878888,-0.169697,-0.70919,21.0,18945000000.0,0.628029,23.664806,-0.018916,0.257541,0.821983,1.0,0.0,1.0,0.0,9.714685
NM,1994,447.0,176.5,200.8,128.0,270.5,34.0,85.6,77.0,58.4,0.394855,-0.426951,0.286353,-0.923325,0.27649,-1.199814,21.0,20480000000.0,0.620117,23.742715,-0.148713,0.278238,0.780525,1.0,0.0,1.0,1.0,9.749753
NM,1995,485.0,171.2,194.9,125.0,313.8,45.0,63.0,72.0,70.0,0.35299,-0.605923,0.257732,-0.336472,0.028171,-0.364643,21.0,21147000000.0,0.623729,23.774764,-0.211251,0.394673,0.830066,1.0,0.0,1.0,1.0,9.799737
NM,1996,485.0,183.7,210.2,116.0,301.3,32.2,85.2,78.8,58.8,0.378763,-0.494802,0.239175,-0.973035,0.292771,-1.265806,21.0,21510000000.0,0.620456,23.791784,-0.157799,0.337003,0.813046,1.0,0.0,1.0,1.0,9.832743
NM,1997,484.0,159.9,189.6,109.0,324.1,35.9,61.1,75.1,68.9,0.330372,-0.706503,0.225207,-0.531775,0.086164,-0.617939,21.0,21937000000.0,0.621416,23.811441,-0.316211,0.390292,0.791325,1.0,0.0,1.0,1.0,9.867757
NM,1998,424.0,142.7,166.1,112.0,281.3,37.0,65.1,53.0,57.9,0.336557,-0.678677,0.264151,-0.565007,-0.088425,-0.476581,21.0,22192000000.0,0.623783,23.822998,-0.441572,0.237105,0.647416,,,,,
NM,1999,460.0,145.6,172.7,104.0,314.4,26.4,74.4,77.6,64.6,0.316522,-0.769803,0.226087,-1.036092,0.183353,-1.219445,21.0,22429000000.0,0.626599,23.833621,-0.432077,0.337726,0.718287,,,,,
NM,2000,432.0,152.5,186.9,77.0,279.5,43.9,60.5,58.1,41.5,0.353009,-0.605838,0.178241,-0.320729,0.336472,-0.657201,21.0,22760000000.0,0.638225,23.84827,-0.400425,0.205413,0.640836,,,,,
NM,2001,464.0,153.1,185.4,121.0,310.9,37.4,72.3,69.6,61.7,0.329957,-0.70838,0.260776,-0.659153,0.120481,-0.779634,21.0,23232000000.0,0.640625,23.868796,-0.417024,0.291356,0.691769,,,,,
NM,2002,449.0,156.8,183.2,115.0,292.2,30.7,71.1,78.3,56.9,0.34922,-0.622467,0.256125,-0.839825,0.319252,-1.159077,21.0,22789000000.0,0.62947,23.849544,-0.373892,0.248575,0.67816,,,,,
NM,2003,439.0,144.3,174.3,120.0,294.7,40.8,54.3,64.2,76.7,0.328702,-0.714063,0.273349,-0.285842,-0.177898,-0.107944,21.0,22844000000.0,0.585668,23.851954,-0.459379,0.254684,0.653226,,,,,
NM,2004,521.0,156.5,181.1,108.0,364.5,22.3,78.5,76.7,63.5,0.300384,-0.845471,0.207294,-1.258512,0.188862,-1.447374,21.0,23942000000.0,0.556094,23.8989,-0.425163,0.420307,0.777531,,,,,
NM,2005,488.0,148.9,165.9,129.0,339.1,30.3,74.2,69.7,80.8,0.305123,-0.82302,0.264344,-0.895616,-0.147777,-0.74784,21.0,23966000000.0,0.549821,23.899902,-0.475946,0.347074,0.711094,,,,,
NM,2006,484.0,135.6,156.0,138.0,348.4,22.3,63.7,81.7,78.3,0.280165,-0.943642,0.285124,-1.049598,0.042506,-1.092104,21.0,25787000000.0,0.562338,23.973136,-0.642746,0.300896,0.629629,,,,,
NM,2007,413.0,132.1,151.1,103.0,280.9,23.3,61.9,69.7,52.1,0.319855,-0.75444,0.249395,-0.977067,0.291035,-1.268102,21.0,26850000000.0,0.579441,24.013532,-0.709292,0.045148,0.430597,,,,,
NM,2008,366.0,104.9,117.2,93.0,261.1,14.7,55.0,47.3,49.0,0.286612,-0.911896,0.254098,-1.319486,-0.03531,-1.284176,21.0,26279000000.0,0.567716,23.992036,-0.918348,-0.006452,0.331278,,,,,
NM,2009,361.0,112.2,127.8,75.0,248.8,23.7,53.9,63.3,37.1,0.310803,-0.796366,0.207756,-0.821655,0.534268,-1.355924,21.0,26013000000.0,0.567524,23.981862,-0.840899,-0.044532,0.327696,,,,,
NM,2010,349.0,118.6,124.6,87.0,230.4,29.7,48.2,53.3,39.8,0.339828,-0.66406,0.249284,-0.484212,0.292069,-0.776281,21.0,25273678974.33,0.566981,23.953029,-0.756592,-0.092532,0.322723,,,,,
NM,2011,350.0,104.1,117.1,79.0,245.9,32.9,32.2,56.1,40.8,0.297429,-0.859573,0.225714,0.021506,0.318454,-0.296948,21.0,25650165248.02,0.569346,23.967816,-0.901783,-0.04221,0.310798,,,,,
NM,2012,366.0,96.9,111.3,87.0,269.1,27.5,36.1,62.5,55.9,0.264754,-1.021404,0.237705,-0.272107,0.111602,-0.383709,21.0,25561649594.309998,0.570794,23.964359,-0.969999,0.051405,0.358955,,,,,
NM,2013,311.0,97.8,119.8,71.0,213.2,24.4,33.7,49.6,43.3,0.314469,-0.779306,0.228296,-0.322915,0.135838,-0.458753,21.0,25086110774.48,0.572905,23.94558,-0.941975,-0.162669,0.214893,,,,,
NM,2014,386.0,117.6,145.2,95.0,268.4,31.0,37.6,80.0,54.4,0.304663,-0.825189,0.246114,-0.193017,0.385662,-0.578679,21.0,25347197856.87,0.567015,23.955934,-0.767964,0.057225,0.420584,,,,,
NM,2015,298.0,98.0,108.5,62.0,200.0,14.8,37.9,45.2,35.1,0.328859,-0.71335,0.208054,-0.940324,0.252896,-1.19322,21.0,27435418381.78,0.566137,24.035101,-1.029452,-0.316103,0.082674,,,,,
NM,2016,405.0,119.7,148.9,102.0,285.3,33.4,51.2,78.6,61.8,0.295556,-0.868553,0.251852,-0.427184,0.240468,-0.667652,21.0,27885520839.39,0.574329,24.051373,-0.845704,0.022849,0.373194,,,,,
NM,2017,380.0,113.1,143.1,82.0,266.9,30.6,43.5,88.4,46.5,0.297632,-0.858602,0.215789,-0.351761,0.64242,-0.994181,21.0,27835850140.0,0.603908,24.049591,-0.900637,-0.042036,0.311261,,,,,
NM,2018,392.0,113.0,141.2,86.0,279.0,31.2,43.0,54.8,53.0,0.288265,-0.903824,0.219388,-0.320782,0.033398,-0.35418,21.0,27288306972.13,0.592906,24.029724,-0.881656,0.022168,0.362218,,,,,
NM,2019,425.0,126.3,150.6,87.0,298.7,24.0,48.9,71.0,59.1,0.297176,-0.86078,0.204706,-0.711724,0.183449,-0.895173,21.0,27772075050.41,0.591351,24.047297,-0.787956,0.072824,0.425473,,,,,
NM,2020,398.0,129.9,142.2,87.0,268.1,34.2,38.6,71.8,53.4,0.326382,-0.724595,0.218593,-0.121027,0.296074,-0.4171,21.0,23756435590.0,0.598177,23.891119,-0.603674,0.120921,0.516013,,,,,
NM,2021,483.0,156.4,179.5,95.0,326.6,31.7,46.0,79.3,75.0,0.32381,-0.736319,0.196687,-0.372325,0.05575,-0.428075,21.0,26823403270.0,0.598501,24.012541,-0.539443,0.196876,0.588157,,,,,
NM,2022,466.0,147.8,174.1,109.0,318.2,35.9,67.8,73.1,77.2,0.317167,-0.76682,0.233906,-0.635825,-0.054571,-0.581254,21.0,26831448300.0,0.599939,24.01284,-0.5963,0.17052,0.552026,,,,,
NM,2023,440.0,119.9,131.7,97.0,320.1,26.5,49.3,67.5,95.7,0.2725,-0.981975,0.220455,-0.620779,-0.349091,-0.271689,21.0,28168693560.0,0.607326,24.061477,-0.854138,0.127837,0.445978,,,,,
NM,2024,409.0,114.9,134.8,100.0,294.1,26.0,57.9,73.0,96.1,0.280929,-0.939858,0.244499,-0.800621,-0.27493,-0.525691,21.0,28644564020.0,0.592282,24.07823,-0.913487,0.026371,0.356166,,,,,
NV,1982,280.0,154.7,174.6,85.0,125.3,49.9,67.3,34.1,28.7,0.5525,0.210777,0.303571,-0.299139,0.1724,-0.471539,21.0,6413000000.0,0.48121,22.581593,0.880575,0.669799,1.473877,,,,,
NV,1983,253.0,115.6,133.7,55.0,137.4,19.6,55.4,33.4,28.6,0.456917,-0.17276,0.217391,-1.03905,0.155149,-1.194199,21.0,6872000000.0,0.458527,22.650721,0.520096,0.692856,1.303349,0.0,0.0,0.0,0.0,9.484253
NV,1984,249.0,107.6,124.2,48.0,141.4,19.4,39.3,27.6,19.7,0.432129,-0.273172,0.192771,-0.705951,0.337197,-1.043149,21.0,7332000000.0,0.450491,22.715514,0.383587,0.656759,1.222619,0.0,0.0,0.0,0.0,9.55393
NV,1985,259.0,121.2,138.5,71.0,137.8,24.1,58.9,23.9,31.1,0.467954,-0.128361,0.274131,-0.893629,-0.263329,-0.6303,21.0,7566000000.0,0.445414,22.74693,0.471192,0.599554,1.230578,0.0,0.0,0.0,0.0,9.610458
NV,1986,233.0,105.7,125.5,73.0,127.3,28.0,51.9,23.0,35.1,0.453648,-0.185942,0.313305,-0.617114,-0.422707,-0.194407,21.0,7986000000.0,0.446156,22.800956,0.28033,0.466271,1.070763,0.0,0.0,0.0,0.0,9.657267
NV,1987,262.0,114.5,139.7,58.0,147.5,15.8,51.1,30.2,37.9,0.437023,-0.253253,0.221374,-1.173775,-0.227109,-0.946665,21.0,8396000000.0,0.43747,22.851021,0.310234,0.563488,1.138004,0.0,1.0,1.0,0.0,9.706377
NV,1988,286.0,114.0,141.2,83.0,172.0,20.9,58.3,42.1,42.7,0.398601,-0.411296,0.29021,-1.025853,-0.014151,-1.011702,21.0,8989000000.0,0.432529,22.919267,0.237612,0.648908,1.157405,0.0,1.0,1.0,0.0,9.780642
NV,1989,308.0,144.9,159.1,86.0,163.1,38.2,60.3,25.8,44.7,0.470455,-0.11832,0.279221,-0.456497,-0.549599,0.093102,21.0,9392000000.0,0.446444,22.963124,0.4336,0.55192,1.187656,0.0,1.0,1.0,0.0,9.856606
NV,1990,343.0,159.5,178.0,98.0,183.5,19.1,78.1,37.9,43.9,0.465015,-0.140171,0.285714,-1.408302,-0.146963,-1.261339,21.0,10205000000.0,0.428417,23.046144,0.446581,0.586752,1.212268,0.0,1.0,1.0,0.0,9.913883
NV,1991,298.0,130.8,150.8,76.0,167.2,25.6,60.9,33.4,39.1,0.438926,-0.245521,0.255034,-0.866641,-0.157567,-0.709074,21.0,10510000000.0,0.415985,23.075593,0.218757,0.464278,1.042181,0.0,1.0,1.0,0.0,9.932852
NV,1992,254.0,103.8,116.0,47.0,150.2,24.0,36.0,40.0,27.0,0.408661,-0.369502,0.185039,-0.405465,0.393043,-0.798508,21.0,10897000000.0,0.411031,23.111753,-0.048607,0.320895,0.846262,0.0,1.0,1.0,0.0,9.986449
NV,1993,263.0,78.0,99.2,50.0,185.0,19.1,30.3,30.9,38.7,0.296578,-0.863647,0.190114,-0.461459,-0.225083,-0.236376,21.0,11624000000.0,0.400379,23.176338,-0.398948,0.464699,0.816497,0.0,1.0,1.0,0.0,10.01628
NV,1994,294.0,104.4,127.5,73.0,189.6,24.1,37.4,42.9,34.6,0.355102,-0.596687,0.248299,-0.439459,0.215018,-0.654477,21.0,13019000000.0,0.393271,23.289676,-0.220765,0.375922,0.814585,0.0,1.0,1.0,0.0,10.060107
NV,1995,313.0,108.7,127.7,62.0,204.3,25.6,46.1,45.4,44.9,0.347284,-0.630998,0.198083,-0.588221,0.011074,-0.599295,21.0,13974000000.0,0.38865,23.360464,-0.251192,0.379806,0.80642,0.0,1.0,1.0,0.0,10.1081
NV,1996,348.0,122.0,148.3,79.0,226.0,25.7,51.3,60.3,40.7,0.350575,-0.616514,0.227011,-0.6912,0.393104,-1.084304,21.0,15993000000.0,0.33202,23.495417,-0.270715,0.345799,0.777466,0.0,1.0,1.0,0.0,10.16111
NV,1997,347.0,101.0,132.7,65.0,246.0,22.0,45.4,53.0,52.6,0.291066,-0.890211,0.18732,-0.72447,0.007576,-0.732045,21.0,16309000000.0,0.344656,23.514983,-0.479182,0.411029,0.755023,0.0,1.0,1.0,0.0,10.185428
NV,1998,361.0,110.8,152.0,73.0,250.2,22.8,58.3,55.2,49.7,0.306925,-0.814534,0.202216,-0.938842,0.104958,-1.0438,21.0,16486000000.0,0.360609,23.525777,-0.39737,0.417164,0.783781,,,,,
NV,1999,350.0,99.7,130.1,65.0,250.3,21.3,37.4,64.7,44.6,0.284857,-0.920495,0.185714,-0.562964,0.372027,-0.934991,21.0,17390000000.0,0.353537,23.579161,-0.556315,0.36418,0.699453,,,,,
NV,2000,323.0,107.9,129.2,67.0,215.1,24.1,46.6,39.9,41.4,0.334056,-0.689898,0.20743,-0.659389,-0.036905,-0.622484,21.0,17639000000.0,0.332332,23.593378,-0.491493,0.198406,0.604955,,,,,
NV,2001,314.0,100.5,119.4,63.0,213.5,17.9,46.7,48.1,37.3,0.320064,-0.753479,0.200637,-0.958943,0.254289,-1.213232,21.0,18309000000.0,0.327271,23.630659,-0.59982,0.153659,0.539415,,,,,
NV,2002,381.0,123.4,145.5,73.0,257.6,30.8,48.3,58.2,46.7,0.323885,-0.735977,0.191601,-0.449917,0.220141,-0.670058,21.0,17966000000.0,0.286152,23.611747,-0.375635,0.360342,0.751733,,,,,
NV,2003,368.0,121.1,145.3,86.0,246.9,20.8,73.4,59.2,46.6,0.329076,-0.712367,0.233696,-1.260971,0.239321,-1.500292,21.0,19301000000.0,0.309725,23.683423,-0.466125,0.246241,0.645341,,,,,
NV,2004,395.0,113.6,131.4,82.0,281.4,24.3,54.4,66.7,67.6,0.287595,-0.907094,0.207595,-0.805888,-0.013403,-0.792485,21.0,20248000000.0,0.27825,23.731322,-0.577958,0.329136,0.668245,,,,,
NV,2005,427.0,135.3,153.6,78.0,291.7,31.5,63.6,70.5,63.4,0.316862,-0.768231,0.18267,-0.702626,0.106149,-0.808775,21.0,20776000000.0,0.271226,23.757064,-0.428889,0.339342,0.7204,,,,,
NV,2006,431.0,144.1,170.3,96.0,286.9,30.5,78.0,57.5,68.0,0.334339,-0.688626,0.222738,-0.938982,-0.167723,-0.771259,21.0,21824000000.0,0.243952,23.806276,-0.415088,0.273538,0.680513,,,,,
NV,2007,373.0,118.4,143.8,82.0,254.6,12.7,68.0,62.3,50.0,0.317426,-0.765625,0.219839,-1.677906,0.219938,-1.897844,21.0,22146000000.0,0.249571,23.820923,-0.626173,0.139452,0.521336,,,,,
NV,2008,324.0,105.5,119.4,67.0,218.5,15.2,61.8,60.8,48.2,0.325617,-0.728075,0.20679,-1.402608,0.232231,-1.634839,21.0,20780000000.0,0.234264,23.757257,-0.677865,0.05021,0.444167,,,,,
NV,2009,243.0,68.8,91.9,49.0,174.2,16.2,31.4,52.8,37.6,0.283128,-0.929,0.201646,-0.661797,0.339507,-1.001304,21.0,20454000000.0,0.248949,23.741444,-1.08956,-0.160559,0.172298,,,,,
NV,2010,257.0,68.6,84.6,53.0,188.4,10.4,34.1,45.6,20.9,0.266926,-1.010275,0.206226,-1.187492,0.780159,-1.96765,21.0,22201419492.95,0.224937,23.823422,-1.174449,-0.164174,0.146335,,,,,
NV,2011,246.0,70.1,91.2,53.0,175.9,18.6,32.0,42.4,38.0,0.284959,-0.919993,0.215447,-0.542574,0.109562,-0.652137,21.0,24189315810.15,0.20189,23.909177,-1.238573,-0.31858,0.016835,,,,,
NV,2012,261.0,84.9,100.3,50.0,176.1,13.9,34.0,40.1,36.0,0.325287,-0.729578,0.191571,-0.894472,0.107857,-1.002329,21.0,24148288444.73,0.200357,23.907479,-1.045325,-0.315747,0.077722,,,,,
NV,2013,266.0,80.6,93.6,62.0,185.4,11.3,50.9,47.7,32.1,0.303008,-0.833017,0.233083,-1.50506,0.396075,-1.901136,21.0,24649416671.48,0.203437,23.928019,-1.11784,-0.284823,0.076158,,,,,
NV,2014,291.0,92.8,112.4,73.0,198.2,25.3,43.3,43.7,48.7,0.3189,-0.75883,0.250859,-0.537348,-0.108331,-0.429017,21.0,25301901263.3,0.190972,23.954145,-1.003018,-0.244188,0.139859,,,,,
NV,2015,325.0,96.6,113.9,73.0,228.4,15.4,46.3,58.6,39.7,0.297231,-0.86052,0.224615,-1.100774,0.389384,-1.490158,21.0,25925442104.25,0.193279,23.978491,-0.987231,-0.126711,0.226015,,,,,
NV,2016,329.0,101.6,116.6,72.0,227.4,20.3,51.5,57.7,45.5,0.308815,-0.805667,0.218845,-0.930961,0.237545,-1.168506,21.0,26787988359.66,0.195345,24.011219,-0.969495,-0.163828,0.205519,,,,,
NV,2017,311.0,84.7,95.7,74.0,226.3,13.8,41.9,59.2,55.1,0.272347,-0.982746,0.237942,-1.110617,0.071772,-1.182389,21.0,27587009714.8,0.197869,24.040611,-1.180814,-0.198069,0.119863,,,,,
NV,2018,329.0,87.9,109.9,67.0,241.1,20.5,42.7,66.5,54.3,0.267173,-1.009012,0.203647,-0.733774,0.202678,-0.936452,21.0,28319012170.88,0.201317,24.066799,-1.169919,-0.160907,0.149939,,,,,
NV,2019,304.0,89.0,111.1,52.0,215.0,14.0,43.9,64.0,39.1,0.292763,-0.882002,0.171053,-1.142857,0.492761,-1.635618,21.0,28793737433.190002,0.195846,24.083424,-1.174107,-0.292105,0.054285,,,,,
NV,2020,333.0,91.0,108.8,76.0,242.0,22.4,44.0,60.6,54.0,0.273273,-0.978078,0.228228,-0.675129,0.115311,-0.79044,21.0,25231346370.0,0.211361,23.951353,-1.019813,-0.041734,0.27747,,,,,
NV,2021,385.0,121.4,147.0,79.0,263.6,29.5,55.2,56.5,44.8,0.315325,-0.775342,0.205195,-0.626573,0.232032,-0.858605,21.0,27076608000.0,0.21903,24.021936,-0.802164,-0.026822,0.351988,,,,,
NV,2022,417.0,141.4,170.9,89.0,275.6,33.8,47.7,75.2,58.3,0.339089,-0.667358,0.213429,-0.344471,0.254549,-0.59902,21.0,27647356860.0,0.214375,24.042796,-0.670522,-0.003165,0.410971,,,,,
NV,2023,406.0,126.6,145.0,91.0,279.4,17.8,69.4,76.2,61.6,0.311823,-0.791612,0.224138,-1.360688,0.2127,-1.573388,21.0,27776693080.0,0.210923,24.047463,-0.78575,0.005862,0.379571,,,,,
NV,2024,417.0,137.6,159.1,97.0,279.4,32.3,68.7,73.7,84.3,0.329976,-0.708294,0.232614,-0.754682,-0.134379,-0.620303,21.0,28433023830.0,0.205104,24.070817,-0.725785,-0.017492,0.38295,,,,,
NY,1982,2162.0,836.2,972.6,608.0,1325.8,120.3,548.0,300.7,329.0,0.386772,-0.460904,0.281221,-1.516287,-0.089945,-1.426342,19.0,80483000000.0,0.301119,25.111312,0.038237,0.49914,0.988158,,,,,
NY,1983,2077.0,788.8,906.5,583.0,1288.2,124.5,484.7,317.5,257.3,0.379779,-0.490488,0.280693,-1.359224,0.210235,-1.56946,19.0,83783000000.0,0.300061,25.151496,-0.060302,0.430186,0.907865,0.0,0.0,0.0,0.0,9.549523
NY,1984,2060.0,752.5,894.9,536.0,1307.5,123.5,440.0,304.5,273.0,0.365291,-0.552471,0.260194,-1.270534,0.109199,-1.379733,19.0,87268000000.0,0.291355,25.19225,-0.148168,0.404303,0.858892,0.0,0.0,0.0,0.0,9.655987
NY,1985,2006.0,700.0,834.5,523.0,1306.0,126.1,409.9,304.9,281.1,0.348953,-0.623644,0.260718,-1.178838,0.081273,-1.260111,19.16,90518000000.0,0.291964,25.228815,-0.257053,0.36659,0.795764,1.0,0.0,0.0,0.0,9.717941
NY,1986,2121.0,704.8,864.1,541.0,1416.2,139.2,398.2,345.8,293.8,0.332296,-0.697818,0.255068,-1.051043,0.162961,-1.214004,21.0,94716000000.0,0.295135,25.274149,-0.295554,0.402264,0.806175,1.0,0.0,0.0,0.0,9.781828
NY,1987,2339.0,768.7,926.7,583.0,1570.3,143.6,416.9,350.4,344.1,0.328645,-0.714321,0.249252,-1.065815,0.018143,-1.083958,21.0,98002000000.0,0.295433,25.308254,-0.242872,0.471449,0.869906,1.0,0.0,0.0,0.0,9.845382
NY,1988,2256.0,679.4,836.5,550.0,1576.6,109.2,394.1,336.8,325.9,0.301152,-0.841816,0.243794,-1.283424,0.032899,-1.316322,21.0,103692000000.0,0.290832,25.364691,-0.4228,0.419016,0.777339,1.0,0.0,0.0,0.0,9.924907
NY,1989,2260.0,661.6,790.5,579.0,1598.4,109.6,377.1,379.4,312.9,0.292743,-0.882097,0.256195,-1.235673,0.192707,-1.42838,21.0,106059000000.0,0.2923,25.387261,-0.471919,0.410178,0.756539,1.0,0.0,0.0,0.0,9.990582
NY,1990,2217.0,692.5,824.4,569.0,1524.5,108.0,422.9,315.0,333.1,0.312359,-0.789114,0.256653,-1.365005,-0.05587,-1.309134,21.0,106902000000.0,0.293942,25.395178,-0.434189,0.354924,0.729413,1.0,0.0,0.0,0.0,10.047848
NY,1991,2008.0,597.1,683.6,527.0,1410.9,91.9,354.3,343.1,324.7,0.297361,-0.859898,0.26245,-1.349443,0.05512,-1.404563,21.0,107661000000.0,0.294303,25.402253,-0.589488,0.270411,0.623322,1.0,0.0,0.0,0.0,10.069002
NY,1992,1815.0,460.8,562.8,443.0,1354.2,80.4,288.4,332.6,282.6,0.253884,-1.078002,0.244077,-1.277334,0.162908,-1.440242,21.0,109881000000.0,0.276135,25.422664,-0.869019,0.208983,0.501858,1.0,0.0,0.0,0.0,10.118639
NY,1993,1790.0,441.6,532.4,419.0,1348.4,79.5,272.7,327.5,254.3,0.246704,-1.116269,0.234078,-1.232615,0.252973,-1.485589,21.0,112240000000.0,0.271499,25.443905,-0.93282,0.183449,0.466746,1.0,0.0,0.0,0.0,10.141441
NY,1994,1678.0,393.6,475.4,351.0,1284.4,75.2,217.2,276.8,245.8,0.234565,-1.182712,0.209178,-1.060667,0.118777,-1.179444,21.0,112970000000.0,0.276135,25.450388,-1.054372,0.12834,0.39565,1.0,0.0,0.0,0.0,10.175116
NY,1995,1679.0,393.6,479.9,403.0,1285.4,68.8,237.7,317.2,252.3,0.234425,-1.18349,0.240024,-1.239806,0.228914,-1.468719,21.0,115091000000.0,0.268926,25.468989,-1.072973,0.110517,0.377645,1.0,0.0,1.0,0.0,10.2251
NY,1996,1593.0,383.6,463.3,352.0,1209.4,71.8,220.4,285.2,258.6,0.240804,-1.148279,0.220967,-1.12156,0.097908,-1.219468,21.0,118641000000.0,0.267386,25.499368,-1.129087,0.019192,0.294687,1.0,0.0,1.0,0.0,10.275568
NY,1997,1652.0,365.2,446.7,345.0,1286.8,55.9,210.6,317.1,241.4,0.221065,-1.259469,0.208838,-1.326396,0.272762,-1.599158,21.0,120779000000.0,0.268317,25.517228,-1.196102,0.063366,0.313194,1.0,0.0,1.0,0.0,10.317251
NY,1998,1514.0,296.2,387.6,364.0,1217.8,55.8,164.1,282.2,245.9,0.195641,-1.413766,0.240423,-1.078702,0.137691,-1.216393,21.0,123376000000.0,0.275913,25.538502,-1.426787,-0.01302,0.204689,,,,,
NY,1999,1599.0,332.3,405.0,351.0,1266.7,56.2,184.2,282.8,243.8,0.207817,-1.338132,0.219512,-1.187105,0.148392,-1.335497,21.0,126491000000.0,0.288945,25.563437,-1.336718,0.001414,0.234377,,,,,
NY,2000,1460.0,331.1,404.3,316.0,1128.9,70.6,181.3,274.4,214.7,0.226781,-1.226579,0.216438,-0.943123,0.245345,-1.188468,21.0,129057000000.0,0.284487,25.58352,-1.360419,-0.13384,0.123352,,,,,
NY,2001,1564.0,342.3,425.3,372.0,1221.7,54.9,214.5,283.1,254.5,0.218862,-1.272311,0.237852,-1.362796,0.106499,-1.469296,21.0,130722000000.0,0.286509,25.596339,-1.33997,-0.067659,0.179344,,,,,
NY,2002,1530.0,344.8,411.5,370.0,1185.2,55.6,208.8,289.4,271.2,0.225359,-1.234702,0.24183,-1.323194,0.064953,-1.388147,21.0,133057000000.0,0.286772,25.614043,-1.350398,-0.115696,0.13966,,,,,
NY,2003,1493.0,394.9,459.9,364.0,1098.1,61.0,222.3,217.0,206.7,0.264501,-1.022704,0.243804,-1.293154,0.048629,-1.341783,21.0,135047000000.0,0.285826,25.628889,-1.229575,-0.206871,0.100335,,,,,
NY,2004,1495.0,436.9,515.4,319.0,1058.1,72.4,247.3,217.6,187.7,0.292241,-0.884526,0.213378,-1.228396,0.147814,-1.376209,21.0,137898000000.0,0.285936,25.64978,-1.149395,-0.264869,0.080782,,,,,
NY,2005,1434.0,418.7,509.8,366.0,1015.3,66.2,240.4,206.8,190.6,0.29198,-0.885785,0.25523,-1.289624,0.081575,-1.371199,21.0,139197000000.0,0.243001,25.659156,-1.201321,-0.315536,0.029748,,,,,
NY,2006,1454.0,433.0,522.7,325.0,1021.0,85.1,219.1,225.9,195.9,0.297799,-0.8578,0.223521,-0.945701,0.142488,-1.088189,21.0,141348000000.0,0.239353,25.674491,-1.183072,-0.325272,0.028264,,,,,
NY,2007,1332.0,377.4,460.9,333.0,954.6,52.9,211.9,208.1,184.1,0.283333,-0.927987,0.25,-1.387711,0.12254,-1.510251,21.0,136737000000.0,0.246941,25.641325,-1.287339,-0.359352,-0.026208,,,,,
NY,2008,1238.0,345.7,416.5,292.0,892.3,57.6,201.3,195.4,177.7,0.279241,-0.948231,0.235864,-1.251274,0.094952,-1.346226,21.0,134085000000.0,0.247007,25.62174,-1.355488,-0.407257,-0.079807,,,,,
NY,2009,1158.0,317.7,389.4,285.0,840.3,49.4,183.9,198.6,180.1,0.274352,-0.972651,0.246114,-1.314442,0.09778,-1.412222,21.0,133491000000.0,0.246931,25.6173,-1.435512,-0.46286,-0.142169,,,,,
NY,2010,1201.0,361.7,426.4,285.0,839.3,63.0,198.8,186.0,146.2,0.301166,-0.841753,0.237302,-1.149165,0.240771,-1.389936,21.0,131252061499.6,0.25086,25.600385,-1.28889,-0.447136,-0.088795,,,,,
NY,2011,1171.0,327.5,394.3,274.0,843.5,61.0,189.3,200.0,166.7,0.279675,-0.946072,0.233988,-1.132459,0.182122,-1.314581,21.0,122517482260.35,0.220188,25.53152,-1.319351,-0.373279,-0.045225,,,,,
NY,2012,1180.0,339.8,419.6,300.0,840.2,72.7,174.8,197.3,185.2,0.287966,-0.905283,0.254237,-0.877301,0.063289,-0.94059,21.0,122902583122.73999,0.219547,25.534658,-1.28562,-0.380337,-0.040707,,,,,
NY,2013,1202.0,368.9,443.8,297.0,833.1,66.5,198.5,200.5,169.5,0.306905,-0.814628,0.247088,-1.093587,0.167961,-1.261548,21.0,124354675737.8,0.215127,25.546404,-1.215197,-0.400569,-0.033981,,,,,
NY,2014,1041.0,311.8,377.0,258.0,729.2,53.0,174.1,146.0,145.9,0.29952,-0.849586,0.247839,-1.189338,0.000685,-1.190023,21.0,123984381716.85,0.20241,25.543421,-1.380379,-0.530793,-0.174804,,,,,
NY,2015,1121.0,311.3,371.0,256.0,809.7,70.7,144.2,196.3,160.8,0.277698,-0.955907,0.228368,-0.712756,0.199483,-0.912238,21.0,121698639405.7,0.203452,25.524814,-1.363376,-0.407469,-0.082156,,,,,
NY,2016,1041.0,296.3,347.0,239.0,744.7,61.0,150.5,175.0,146.5,0.28463,-0.921609,0.229587,-0.903089,0.177761,-1.08085,21.0,122336683409.54001,0.204306,25.530043,-1.41799,-0.496381,-0.161425,,,,,
NY,2017,1006.0,289.0,337.7,246.0,717.0,67.3,126.3,173.7,150.7,0.287276,-0.908649,0.244533,-0.6295,0.142039,-0.771538,21.0,123476604631.55,0.203763,25.539318,-1.45221,-0.543561,-0.204899,,,,,
NY,2018,964.0,325.1,380.2,234.0,638.9,79.2,144.2,153.8,120.8,0.337241,-0.675615,0.242739,-0.599225,0.241517,-0.840742,21.0,123510398633.35,0.204868,25.539591,-1.334778,-0.659162,-0.247819,,,,,
NY,2019,934.0,256.0,306.1,212.0,678.0,67.6,112.3,151.4,142.7,0.27409,-0.97397,0.226981,-0.507566,0.059181,-0.566747,21.0,123986154320.95,0.205563,25.543436,-1.577578,-0.603608,-0.283279,,,,,
NY,2020,1045.0,296.3,359.1,213.0,748.7,56.9,136.3,177.1,161.7,0.283541,-0.926966,0.203828,-0.873563,0.090972,-0.964535,21.0,102476874540.0,0.213925,25.352903,-1.24085,-0.313884,0.01955,,,,,
NY,2021,1156.0,400.2,468.9,309.0,755.8,98.2,198.6,173.8,171.4,0.346194,-0.635812,0.267301,-0.704287,0.013905,-0.718192,21.0,106869758990.0,0.218284,25.394877,-0.982232,-0.346419,0.078525,,,,,
NY,2022,1182.0,382.8,458.7,273.0,799.2,81.3,198.0,192.7,177.0,0.323858,-0.736099,0.230964,-0.890121,0.084985,-0.975106,21.0,115382314680.0,0.21332,25.471517,-1.103324,-0.367225,0.024127,,,,,
NY,2023,1117.0,337.4,390.0,265.0,779.6,69.7,172.9,188.3,186.1,0.302059,-0.837512,0.237243,-0.908513,0.011752,-0.920265,21.0,120067319490.0,0.209328,25.511318,-1.269369,-0.431857,-0.072236,,,,,
NY,2024,1101.0,300.2,347.6,250.0,800.8,75.5,126.4,199.5,160.6,0.272661,-0.981162,0.227066,-0.515319,0.216897,-0.732216,21.0,120869221930.0,0.211461,25.517975,-1.392845,-0.411683,-0.09332,,,,,
OH,1982,1607.0,807.4,910.9,531.0,799.6,139.4,495.1,202.6,165.9,0.502427,0.009708,0.330429,-1.267412,0.199848,-1.467261,21.0,71751000000.0,0.431757,24.996468,0.118032,0.108325,0.806337,,,,,
OH,1983,1582.0,770.9,862.7,536.0,811.1,145.3,461.6,216.7,149.4,0.487295,-0.050833,0.338812,-1.155898,0.371887,-1.527785,21.0,73214000000.0,0.436925,25.016652,0.051587,0.10242,0.770473,0.0,0.0,0.0,0.0,9.380083
OH,1984,1646.0,786.9,902.2,532.0,859.1,137.1,484.9,196.9,186.1,0.478068,-0.087784,0.323208,-1.263232,0.056412,-1.319644,21.0,74895000000.0,0.438454,25.039353,0.049429,0.137213,0.787431,0.0,0.0,0.0,0.0,9.47861
OH,1985,1646.0,754.7,869.5,478.0,891.3,135.6,450.6,206.4,172.4,0.458505,-0.166361,0.290401,-1.200871,0.179999,-1.380869,21.0,75549000000.0,0.435386,25.048047,-0.001046,0.165315,0.778737,0.0,0.0,0.0,0.0,9.535535
OH,1986,1673.0,807.9,933.1,537.0,865.1,135.3,491.1,200.7,176.9,0.482905,-0.068407,0.32098,-1.289153,0.126227,-1.41538,21.0,77253000000.0,0.433653,25.070352,0.044767,0.113174,0.772703,0.0,1.0,0.0,0.0,9.579003
OH,1987,1772.0,824.0,951.8,511.0,948.0,144.1,488.7,237.9,176.3,0.465011,-0.140184,0.288375,-1.221241,0.299663,-1.520905,21.0,79157000000.0,0.429513,25.094699,0.040152,0.180336,0.805846,0.0,1.0,1.0,0.0,9.626152
OH,1988,1748.0,756.6,892.6,489.0,991.4,154.6,416.9,246.4,191.1,0.432838,-0.270283,0.279748,-0.992005,0.254159,-1.246165,21.0,81990000000.0,0.427162,25.129863,-0.080348,0.189936,0.757045,0.0,1.0,1.0,0.0,9.691964
OH,1989,1772.0,687.1,775.1,474.0,1084.9,118.2,405.7,245.8,202.3,0.387754,-0.456763,0.267494,-1.233236,0.194766,-1.428002,21.0,84418000000.0,0.408112,25.159046,-0.205886,0.250877,0.741498,0.0,1.0,1.0,0.0,9.752839
OH,1990,1638.0,607.1,696.5,447.0,1030.9,101.3,368.5,228.7,207.5,0.370635,-0.529494,0.272894,-1.291354,0.09728,-1.388634,21.0,91303000000.0,0.394127,25.237449,-0.408075,0.121419,0.584463,0.0,1.0,1.0,0.0,9.804551
OH,1991,1636.0,608.5,682.7,476.0,1027.5,97.9,374.9,226.1,213.1,0.371944,-0.523887,0.290954,-1.342713,0.059216,-1.401929,21.0,93002000000.0,0.392798,25.255887,-0.424209,0.099678,0.564803,0.0,1.0,1.0,0.0,9.830325
OH,1992,1439.0,425.8,494.3,384.0,1013.2,85.3,251.0,212.7,206.0,0.2959,-0.866899,0.266852,-1.079278,0.032007,-1.111285,21.0,95221000000.0,0.393075,25.279466,-0.804816,0.062083,0.412918,0.0,1.0,1.0,0.0,9.877246
OH,1993,1478.0,478.7,545.9,360.0,999.3,88.4,283.5,217.6,166.5,0.323884,-0.735981,0.243572,-1.16534,0.267663,-1.433003,21.0,96167000000.0,0.387347,25.289352,-0.697597,0.038384,0.429774,0.0,1.0,1.0,0.0,9.914823
OH,1994,1370.0,367.6,425.9,295.0,1002.4,71.0,210.8,228.0,174.2,0.268321,-1.003157,0.215328,-1.08823,0.269142,-1.357372,21.0,98200000000.0,0.38445,25.310272,-0.982596,0.020561,0.332975,0.0,1.0,1.0,0.0,9.9635
OH,1995,1360.0,382.5,454.4,306.0,977.5,82.5,202.6,209.5,187.4,0.28125,-0.93827,0.225,-0.898435,0.111478,-1.009914,21.0,100788000000.0,0.378646,25.336285,-0.968876,-0.030606,0.299636,0.0,1.0,1.0,0.0,10.008613
OH,1996,1391.0,399.9,476.8,318.0,991.1,80.1,233.8,239.9,173.2,0.287491,-0.907601,0.228613,-1.07119,0.325775,-1.396965,21.0,103090000000.0,0.382423,25.358868,-0.946973,-0.039372,0.299591,0.0,1.0,1.0,0.0,10.045595
OH,1997,1441.0,433.7,494.7,327.0,1007.3,81.6,245.2,232.4,169.8,0.300972,-0.842676,0.226926,-1.100245,0.313839,-1.414084,21.0,103677000000.0,0.386508,25.364546,-0.871512,-0.028837,0.329227,0.0,1.0,1.0,0.0,10.092578
OH,1998,1422.0,432.7,493.0,358.0,989.3,75.0,249.3,227.0,187.7,0.30429,-0.826953,0.251758,-1.201169,0.190105,-1.391274,21.0,104926000000.0,0.388655,25.376521,-0.885796,-0.058843,0.303979,,,,,
OH,1999,1430.0,423.2,491.1,341.0,1006.8,71.4,258.6,231.6,177.4,0.295944,-0.866687,0.238462,-1.286985,0.266605,-1.553589,21.0,105511000000.0,0.393362,25.382081,-0.913555,-0.046868,0.304029,,,,,
OH,2000,1366.0,467.0,535.2,326.0,899.0,98.3,264.1,196.7,157.9,0.341874,-0.654954,0.238653,-0.988304,0.219718,-1.208022,21.0,105903000000.0,0.395494,25.385789,-0.818779,-0.163826,0.254533,,,,,
OH,2001,1378.0,478.9,574.3,381.0,899.1,83.7,292.5,167.3,167.5,0.347533,-0.629902,0.276488,-1.251226,-0.001195,-1.250031,21.0,106589000000.0,0.394084,25.392246,-0.800074,-0.170171,0.256823,,,,,
OH,2002,1418.0,469.5,534.9,350.0,948.5,104.3,272.0,232.7,158.0,0.3311,-0.703213,0.246827,-0.958531,0.387155,-1.345686,21.0,107861000000.0,0.400089,25.404109,-0.83176,-0.128547,0.273574,,,,,
OH,2003,1274.0,370.9,437.9,309.0,903.1,71.1,220.7,207.9,161.3,0.29113,-0.889901,0.242543,-1.132717,0.253791,-1.386508,21.0,108938000000.0,0.339799,25.414045,-1.077432,-0.187531,0.156553,,,,,
OH,2004,1286.0,395.7,467.9,320.0,890.3,60.9,237.4,233.1,147.6,0.307698,-0.810902,0.248834,-1.360513,0.456962,-1.817475,21.0,111654000000.0,0.338761,25.438671,-1.037334,-0.226431,0.141302,,,,,
OH,2005,1321.0,395.8,494.7,317.0,925.2,77.2,221.2,238.8,150.8,0.299621,-0.849101,0.23997,-1.052668,0.459672,-1.51234,21.0,110491000000.0,0.336018,25.4282,-1.02661,-0.177509,0.178625,,,,,
OH,2006,1238.0,386.9,462.6,300.0,851.1,72.5,230.3,193.5,139.7,0.31252,-0.788363,0.242326,-1.155796,0.32578,-1.481576,21.0,111247000000.0,0.330337,25.435019,-1.056172,-0.267808,0.106914,,,,,
OH,2007,1255.0,388.9,471.6,334.0,866.1,70.2,234.1,207.8,139.9,0.30988,-0.800678,0.266135,-1.2044,0.395648,-1.600048,21.0,110631000000.0,0.331055,25.429466,-1.045463,-0.244785,0.126105,,,,,
OH,2008,1191.0,351.1,410.9,287.0,839.9,58.0,218.8,183.0,137.2,0.294794,-0.872212,0.240974,-1.327715,0.288046,-1.615761,21.0,108302000000.0,0.326919,25.408189,-1.126438,-0.254226,0.09504,,,,,
OH,2009,1022.0,324.7,379.9,265.0,697.3,52.9,188.3,151.1,114.7,0.31771,-0.764314,0.259295,-1.269633,0.275622,-1.545255,21.0,110591294115.6,0.328566,25.429107,-1.225525,-0.461211,-0.07891,,,,,
OH,2010,1080.0,335.7,405.4,261.0,744.3,51.0,204.0,171.0,125.0,0.310833,-0.796226,0.241667,-1.386294,0.31335,-1.699644,21.0,111835731562.23,0.323319,25.440297,-1.203398,-0.407172,-0.0349,,,,,
OH,2011,1017.0,312.9,356.7,249.0,704.1,61.8,174.4,171.2,123.6,0.30767,-0.811037,0.244838,-1.037448,0.325782,-1.36323,21.0,111989948249.14,0.324554,25.441675,-1.275111,-0.464074,-0.096382,,,,,
OH,2012,1121.0,389.6,434.9,289.0,731.4,72.8,219.2,164.2,129.8,0.347547,-0.62984,0.257806,-1.102269,0.23509,-1.337359,21.0,112715113125.19,0.323684,25.448129,-1.062328,-0.432488,-0.005472,,,,,
OH,2013,989.0,267.0,319.4,237.0,722.0,55.7,149.1,167.3,120.9,0.26997,-0.994776,0.239636,-0.984637,0.324825,-1.309462,21.0,112766728788.78,0.29472,25.448587,-1.440658,-0.445881,-0.131212,,,,,
OH,2014,1006.0,303.9,349.9,236.0,702.1,50.9,169.0,151.1,121.0,0.302087,-0.837377,0.234592,-1.200036,0.222151,-1.422187,21.0,112766281845.92,0.295351,25.448583,-1.311204,-0.473827,-0.114165,,,,,
OH,2015,1110.0,314.0,365.1,266.0,796.0,58.4,172.1,195.6,140.9,0.282883,-0.930206,0.23964,-1.08076,0.328021,-1.408781,21.0,113672505196.69,0.297194,25.456587,-1.286514,-0.356307,-0.023791,,,,,
OH,2016,1132.0,331.0,394.6,252.0,801.0,60.0,171.3,197.0,151.7,0.292403,-0.883743,0.222615,-1.049072,0.261299,-1.310371,21.0,118607622342.71,0.293739,25.499087,-1.276287,-0.392545,-0.046665,,,,,
OH,2017,1179.0,328.7,379.0,283.0,850.3,58.6,175.8,189.4,151.2,0.278796,-0.950444,0.240034,-1.098612,0.225258,-1.32387,21.0,119597966675.68,0.295506,25.507402,-1.291575,-0.341132,-0.014299,,,,,
OH,2018,1068.0,296.6,339.2,245.0,771.4,60.6,165.2,182.4,150.8,0.277715,-0.955823,0.229401,-1.002862,0.190248,-1.19311,21.0,114474440636.0,0.302577,25.463617,-1.350552,-0.39473,-0.069394,,,,,
OH,2019,1153.0,364.5,432.1,272.0,788.5,70.2,186.8,181.8,151.2,0.316132,-0.771606,0.235906,-0.97869,0.184304,-1.162994,21.0,114693588622.31,0.305352,25.46553,-1.146323,-0.374717,0.005273,,,,,
OH,2020,1230.0,460.5,533.4,300.0,769.5,114.7,202.2,188.3,138.8,0.37439,-0.513428,0.243902,-0.566937,0.305002,-0.87194,21.0,103114936130.0,0.302402,25.35911,-0.806116,-0.292688,0.17634,,,,,
OH,2021,1354.0,526.7,609.0,315.0,827.3,124.1,253.2,199.9,153.8,0.388996,-0.451536,0.232644,-0.713092,0.262164,-0.975256,21.0,112923016050.0,0.301384,25.449972,-0.76266,-0.311124,0.181527,,,,,
OH,2022,1274.0,480.5,568.1,291.0,793.5,111.8,206.7,175.2,155.3,0.377159,-0.501626,0.228414,-0.614557,0.120569,-0.735126,21.0,110577510330.0,0.307339,25.428983,-0.833475,-0.331848,0.141615,,,,,
OH,2023,1242.0,453.9,525.0,274.0,788.1,112.0,212.2,191.0,151.8,0.365459,-0.551748,0.220612,-0.63903,0.22971,-0.86874,21.0,113223724800.0,0.306411,25.452632,-0.914074,-0.362326,0.092527,,,,,
OH,2024,1157.0,424.7,480.7,246.0,732.3,116.3,198.9,192.7,135.1,0.36707,-0.544807,0.212619,-0.536629,0.355119,-0.891748,21.0,116036292890.0,0.29629,25.477169,-1.005105,-0.460298,-0.002902,,,,,
OK,1982,1054.0,487.1,569.0,277.0,566.9,92.9,277.5,133.1,118.5,0.462144,-0.151713,0.262808,-1.094297,0.116188,-1.210485,21.0,30011000000.0,0.551764,24.12483,0.48432,0.636034,1.256199,,,,,
OK,1983,848.0,355.1,400.6,204.0,492.9,84.1,174.1,119.9,81.9,0.41875,-0.327907,0.240566,-0.727623,0.381159,-1.108782,21.0,29565000000.0,0.526129,24.109857,0.183223,0.51113,1.053704,0.0,0.0,0.0,0.0,9.351579
OK,1984,797.0,310.1,352.1,172.0,486.9,71.3,168.5,108.7,80.5,0.389084,-0.451164,0.215809,-0.860039,0.300335,-1.160374,21.0,30981000000.0,0.494109,24.15664,0.000936,0.4521,0.944895,0.0,0.0,0.0,0.0,9.423676
OK,1985,744.0,274.8,325.7,177.0,469.2,48.2,156.4,101.8,96.6,0.369355,-0.534986,0.237903,-1.177058,0.052431,-1.229489,21.0,31181000000.0,0.500305,24.163075,-0.12635,0.408635,0.869647,0.0,0.0,0.0,0.0,9.464517
OK,1986,698.0,263.9,318.6,174.0,434.1,54.2,131.5,85.8,93.5,0.37808,-0.497705,0.249284,-0.886326,-0.085942,-0.800384,21.0,30833000000.0,0.513476,24.151851,-0.1556,0.342104,0.817048,0.0,0.0,0.0,0.0,9.466377
OK,1987,597.0,203.4,235.5,139.0,393.6,48.0,103.9,90.0,75.1,0.340704,-0.660161,0.232831,-0.772228,0.180989,-0.953217,21.0,31606000000.0,0.512308,24.176613,-0.440758,0.219403,0.635985,0.0,1.0,1.0,0.0,9.477922
OK,1988,638.0,245.6,284.8,162.0,392.4,58.0,119.8,103.0,69.2,0.384953,-0.468578,0.253918,-0.725381,0.397728,-1.123109,21.0,32388000000.0,0.500309,24.201054,-0.276669,0.191909,0.677965,0.0,1.0,1.0,0.0,9.534812
OK,1989,648.0,237.5,264.0,166.0,410.5,54.9,127.3,83.1,83.7,0.366512,-0.547208,0.256173,-0.841033,-0.007194,-0.833839,21.0,32836000000.0,0.495158,24.214791,-0.323943,0.223265,0.67978,0.0,1.0,1.0,0.0,9.59499
OK,1990,641.0,226.2,264.7,144.0,414.8,43.5,125.6,90.5,75.4,0.352886,-0.606377,0.224649,-1.060341,0.182543,-1.242884,21.0,33141000000.0,0.498054,24.224037,-0.381937,0.22444,0.659673,0.0,1.0,1.0,0.0,9.655859
OK,1991,652.0,238.0,280.5,160.0,414.0,45.8,130.2,104.2,77.8,0.365031,-0.553595,0.245399,-1.044788,0.292171,-1.336958,21.0,34240000000.0,0.494217,24.25666,-0.363709,0.189886,0.644065,0.0,1.0,1.0,0.0,9.686575
OK,1992,613.0,215.0,249.0,158.0,398.0,37.4,110.8,92.6,73.2,0.350734,-0.615814,0.257749,-1.086056,0.235094,-1.32115,21.0,35119000000.0,0.494519,24.282008,-0.490689,0.125125,0.557038,0.0,1.0,1.0,0.0,9.731037
OK,1993,671.0,226.8,266.1,167.0,444.2,53.2,125.6,100.8,87.4,0.338003,-0.672206,0.248882,-0.859044,0.142643,-1.001687,21.0,35529000000.0,0.495736,24.293615,-0.448866,0.223341,0.635835,0.0,1.0,1.0,0.0,9.765317
OK,1994,687.0,225.0,264.8,180.0,462.0,51.9,118.4,104.1,86.6,0.327511,-0.719464,0.262009,-0.82475,0.184052,-1.008802,21.0,35567000000.0,0.495431,24.294684,-0.457903,0.261562,0.658331,0.0,1.0,1.0,0.0,9.797238
OK,1995,669.0,213.3,241.0,155.0,455.7,55.0,103.9,127.0,84.1,0.318834,-0.759135,0.231689,-0.636096,0.412181,-1.048276,21.0,38489000000.0,0.477669,24.373638,-0.590258,0.168877,0.552826,0.0,1.0,1.0,0.0,9.827902
OK,1996,772.0,228.9,273.7,150.0,543.1,52.3,100.2,142.7,78.8,0.296503,-0.864008,0.194301,-0.650172,0.593832,-1.244003,21.0,39427000000.0,0.475791,24.397717,-0.543751,0.320258,0.671949,0.0,1.0,1.0,0.0,9.870034
OK,1997,838.0,267.3,306.4,195.0,570.7,55.2,129.0,126.8,100.0,0.318974,-0.758492,0.232697,-0.848849,0.237441,-1.08629,21.0,41400000000.0,0.507246,24.446547,-0.437494,0.320998,0.705152,0.0,1.0,1.0,0.0,9.918622
OK,1998,755.0,225.0,253.4,160.0,530.0,45.4,108.1,125.6,84.9,0.298013,-0.856777,0.211921,-0.867545,0.391628,-1.259173,21.0,42033000000.0,0.504104,24.461721,-0.62494,0.231837,0.585678,,,,,
OK,1999,741.0,205.7,238.6,128.0,535.3,46.3,108.6,112.7,69.4,0.277598,-0.956409,0.17274,-0.852529,0.484843,-1.337372,21.0,42569000000.0,0.500411,24.474392,-0.727293,0.229116,0.554289,,,,,
OK,2000,650.0,178.7,212.7,141.0,471.3,43.8,86.2,116.2,87.8,0.274923,-0.969786,0.216923,-0.677036,0.280251,-0.957288,21.0,43355000000.0,0.50045,24.492688,-0.886299,0.083488,0.404965,,,,,
OK,2001,682.0,217.4,251.8,144.0,464.6,50.0,109.4,111.0,82.6,0.318768,-0.759438,0.211144,-0.782988,0.295521,-1.078508,21.0,43527000000.0,0.497852,24.496647,-0.694228,0.06521,0.449063,,,,,
OK,2002,739.0,198.0,233.6,161.0,541.0,43.1,97.7,108.9,96.3,0.26793,-1.005152,0.217862,-0.818379,0.122962,-0.94134,21.0,45731000000.0,0.505784,24.546042,-0.837094,0.168058,0.479936,,,,,
OK,2003,671.0,211.9,247.4,146.0,459.1,41.6,111.5,111.4,85.5,0.315797,-0.773154,0.217586,-0.985924,0.264611,-1.250535,21.0,45725000000.0,0.479672,24.545911,-0.769116,0.004038,0.383539,,,,,
OK,2004,774.0,225.4,257.4,179.0,548.6,58.8,107.7,146.2,108.3,0.291214,-0.889493,0.231266,-0.605208,0.30007,-0.905278,21.0,46443000000.0,0.482915,24.561492,-0.722934,0.166559,0.510761,,,,,
OK,2005,803.0,232.2,267.2,182.0,570.8,40.2,118.2,128.8,104.8,0.289166,-0.89944,0.22665,-1.078511,0.206207,-1.284718,21.0,47019000000.0,0.481912,24.573818,-0.705538,0.193902,0.535218,,,,,
OK,2006,765.0,198.5,240.4,135.0,566.5,35.0,108.3,107.0,83.7,0.259477,-1.048688,0.176471,-1.129557,0.24559,-1.375147,21.0,48689000000.0,0.475261,24.608719,-0.897249,0.151439,0.451838,,,,,
OK,2007,766.0,222.5,242.9,141.0,543.5,35.6,125.2,119.4,83.8,0.29047,-0.893103,0.184073,-1.257567,0.354046,-1.611613,21.0,47572000000.0,0.481964,24.58551,-0.759902,0.1332,0.476353,,,,,
OK,2008,750.0,241.9,269.6,171.0,508.1,40.1,123.5,110.9,83.5,0.322533,-0.742154,0.228,-1.124865,0.283782,-1.408647,21.0,48499000000.0,0.479701,24.604809,-0.695604,0.04655,0.435945,,,,,
OK,2009,737.0,228.6,260.7,164.0,508.4,70.7,98.9,136.3,72.1,0.310176,-0.799295,0.222524,-0.335664,0.636804,-0.972468,21.0,46996988144.95,0.456289,24.573349,-0.720695,0.0786,0.449919,,,,,
OK,2010,668.0,217.6,243.6,150.0,450.4,51.6,114.7,120.4,73.3,0.325749,-0.727478,0.224551,-0.798798,0.496259,-1.295057,21.0,47745917333.3,0.456011,24.589159,-0.78582,-0.058343,0.33581,,,,,
OK,2011,696.0,221.5,249.7,177.0,474.5,40.0,115.4,102.0,83.6,0.318247,-0.761839,0.25431,-1.059525,0.198929,-1.258454,21.0,47463577423.3,0.45449,24.583228,-0.762125,-0.000286,0.382802,,,,,
OK,2012,709.0,209.2,240.4,180.0,499.8,40.9,107.5,134.1,92.5,0.295063,-0.870917,0.253879,-0.966361,0.371377,-1.337738,21.0,47871811676.24,0.455283,24.591793,-0.827821,0.043096,0.392744,,,,,
OK,2013,678.0,169.5,205.7,135.0,508.5,35.1,83.3,137.9,88.7,0.25,-1.098612,0.199115,-0.864247,0.441269,-1.305516,21.0,47998607764.05,0.428786,24.594438,-1.040904,0.057708,0.34539,,,,,
OK,2014,669.0,156.2,182.1,112.0,512.8,35.1,77.3,109.9,80.7,0.233483,-1.188749,0.167414,-0.789493,0.308832,-1.098325,21.0,47698782233.8,0.437202,24.588172,-1.116354,0.072395,0.338293,,,,,
OK,2015,643.0,170.4,201.3,141.0,472.6,44.5,83.1,106.5,92.9,0.265008,-1.020101,0.219285,-0.624556,0.136621,-0.761177,21.0,47713000208.85,0.443676,24.58847,-1.02964,-0.00954,0.298356,,,,,
OK,2016,687.0,186.5,207.1,143.0,500.5,39.8,94.7,126.2,105.3,0.27147,-0.987176,0.208151,-0.866847,0.181055,-1.047902,21.0,49013277923.4,0.445539,24.615357,-0.966245,0.020931,0.337658,,,,,
OK,2017,657.0,161.1,188.0,142.0,495.9,35.3,78.3,123.7,95.7,0.245205,-1.124349,0.216134,-0.796665,0.256641,-1.053306,21.0,49402260404.0,0.449621,24.623262,-1.120556,0.003793,0.285103,,,,,
OK,2018,655.0,146.6,179.0,108.0,508.4,34.1,64.9,115.9,83.1,0.223817,-1.243561,0.164885,-0.64355,0.332683,-0.976233,21.0,45433012819.15,0.48635,24.539505,-1.131116,0.112444,0.365811,,,,,
OK,2019,640.0,156.7,184.4,136.0,483.3,38.1,80.9,104.9,96.1,0.244844,-1.126304,0.2125,-0.753,0.087618,-0.840618,21.0,44648236606.2,0.49319,24.522081,-1.047067,0.079238,0.360068,,,,,
OK,2020,653.0,180.9,210.0,120.0,472.1,35.1,81.4,113.9,78.6,0.277029,-0.959246,0.183767,-0.841174,0.370949,-1.212123,21.0,42000178530.0,0.496943,24.46094,-0.842315,0.116932,0.441318,,,,,
OK,2021,762.0,193.5,237.7,151.0,568.5,50.3,77.5,131.7,123.5,0.253937,-1.077724,0.198163,-0.432273,0.064285,-0.496558,21.0,44759760710.0,0.50188,24.524575,-0.838617,0.239107,0.532052,,,,,
OK,2022,710.0,188.7,218.2,133.0,521.3,51.2,70.7,135.8,87.3,0.265775,-1.016167,0.187324,-0.322706,0.441833,-0.764539,21.0,44565773510.0,0.492451,24.520232,-0.859393,0.156774,0.465714,,,,,
OK,2023,711.0,176.8,215.3,149.0,534.2,47.8,84.0,128.2,110.0,0.248664,-1.105751,0.209564,-0.563791,0.153111,-0.716902,21.0,45759641920.0,0.49744,24.546668,-0.950968,0.154783,0.440685,,,,,
OK,2024,645.0,225.4,259.7,130.0,419.6,49.5,102.3,97.5,84.7,0.349457,-0.621425,0.20155,-0.725937,0.140737,-0.866674,21.0,46456245380.0,0.491615,24.561777,-0.723219,-0.101794,0.328154,,,,,
OR,1982,518.0,271.2,306.0,140.0,246.8,61.3,132.8,61.7,30.2,0.523552,0.094278,0.27027,-0.773064,0.714442,-1.487506,21.0,19384000000.0,0.571451,23.687714,0.335823,0.241545,0.982942,,,,,
OR,1983,550.0,265.1,313.4,130.0,284.9,65.6,124.7,59.4,47.3,0.482,-0.072031,0.236364,-0.642335,0.227784,-0.870119,21.0,19975000000.0,0.554193,23.717747,0.283041,0.355072,1.012852,0.0,0.0,0.0,1.0,9.345832
OR,1984,572.0,265.4,309.8,146.0,306.6,42.6,122.7,72.4,45.3,0.463986,-0.144306,0.255245,-1.057888,0.468899,-1.526787,21.0,20943000000.0,0.551736,23.76507,0.236849,0.381154,1.004749,0.0,0.0,0.0,1.0,9.426177
OR,1985,559.0,246.8,284.3,117.0,312.2,53.9,95.2,63.1,50.8,0.441503,-0.235066,0.209302,-0.568849,0.216824,-0.785674,21.0,21458000000.0,0.546789,23.789363,0.139896,0.374961,0.957467,0.0,0.0,0.0,1.0,9.477692
OR,1986,619.0,242.4,286.0,127.0,376.6,51.6,111.3,92.4,46.7,0.391599,-0.440594,0.20517,-0.768708,0.682383,-1.45109,21.0,22741000000.0,0.546018,23.847435,0.063835,0.504429,1.001351,0.0,0.0,0.0,1.0,9.522007
OR,1987,619.0,222.9,268.4,108.0,396.1,54.3,87.8,79.7,58.2,0.360097,-0.574943,0.174475,-0.480537,0.314384,-0.794922,21.0,23332000000.0,0.586148,23.873092,-0.045688,0.529256,0.975694,0.0,0.0,1.0,1.0,9.566755
OR,1988,677.0,256.5,303.1,135.0,420.5,52.3,112.4,92.7,70.6,0.378877,-0.494316,0.199409,-0.765068,0.272338,-1.037406,21.0,25204000000.0,0.54904,23.950269,0.017541,0.511857,0.988083,1.0,0.0,1.0,1.0,9.636457
OR,1989,626.0,226.0,263.2,138.0,400.0,60.5,88.3,87.5,58.7,0.361022,-0.57093,0.220447,-0.378097,0.399199,-0.777296,21.0,25820000000.0,0.549651,23.974415,-0.133199,0.43773,0.885616,0.0,0.0,1.0,1.0,9.704244
OR,1990,579.0,212.0,258.5,124.0,367.0,46.5,91.3,82.5,64.7,0.366149,-0.548776,0.214162,-0.674698,0.243037,-0.917736,21.0,26738000000.0,0.547498,24.009352,-0.232085,0.316691,0.772632,0.0,0.0,1.0,1.0,9.765546
OR,1991,482.0,184.6,218.0,109.0,297.4,43.7,91.5,68.3,49.5,0.382988,-0.476887,0.226141,-0.738991,0.321937,-1.060928,21.0,25762000000.0,0.543242,23.972166,-0.333294,0.143592,0.626458,1.0,0.0,1.0,1.0,9.792277
OR,1992,471.0,156.3,188.7,94.0,314.7,40.5,62.6,83.5,38.4,0.331847,-0.699843,0.199575,-0.435463,0.776789,-1.212252,21.0,27926000000.0,0.556327,24.052824,-0.580366,0.119477,0.522715,1.0,0.0,1.0,1.0,9.835102
OR,1993,523.0,158.8,199.1,124.0,364.2,39.3,71.3,87.7,63.7,0.303633,-0.830058,0.237094,-0.595672,0.319737,-0.915409,21.0,29657000000.0,0.526587,24.112964,-0.624638,0.20542,0.567298,1.0,0.0,1.0,1.0,9.879092
OR,1994,494.0,154.8,180.7,120.0,339.2,41.3,61.5,80.7,47.5,0.31336,-0.784456,0.242915,-0.398175,0.530009,-0.928184,21.0,29453000000.0,0.532815,24.106062,-0.643247,0.141209,0.517155,1.0,0.0,1.0,1.0,9.92857
OR,1995,574.0,174.5,216.3,125.0,399.5,39.2,79.5,84.8,60.5,0.304007,-0.828289,0.21777,-0.70708,0.337652,-1.044732,21.0,30034000000.0,0.520776,24.125596,-0.54299,0.285299,0.647714,1.0,0.0,1.0,1.0,9.981282
OR,1996,526.0,162.0,202.8,132.0,364.0,33.9,77.6,80.1,57.4,0.307985,-0.809558,0.250951,-0.828152,0.333232,-1.161384,21.0,30319000000.0,0.503183,24.13504,-0.626763,0.182794,0.550942,1.0,0.0,1.0,1.0,10.03863
OR,1997,524.0,168.1,207.7,125.0,355.9,19.3,89.3,94.7,51.7,0.320802,-0.750091,0.23855,-1.531896,0.605256,-2.137153,21.0,32268000000.0,0.513884,24.197342,-0.652102,0.097989,0.484831,1.0,0.0,1.0,1.0,10.08247
OR,1998,538.0,163.8,204.6,112.0,374.2,29.6,83.0,97.4,61.0,0.304461,-0.826144,0.208178,-1.031066,0.467952,-1.499019,21.0,33340000000.0,0.517906,24.230024,-0.710697,0.115447,0.478516,,,,,
OR,1999,414.0,139.9,157.0,87.0,274.1,28.6,55.7,68.4,44.3,0.337923,-0.672565,0.210145,-0.666573,0.434388,-1.100962,21.0,34680000000.0,0.531171,24.269429,-0.90782,-0.235255,0.177118,,,,,
OR,2000,451.0,129.3,166.6,90.0,321.7,31.4,59.0,74.6,48.0,0.286696,-0.911484,0.199557,-0.63073,0.440939,-1.071669,21.0,33870000000.0,0.517744,24.245796,-0.962979,-0.051495,0.286353,,,,,
OR,2001,488.0,135.6,166.1,103.0,352.4,40.2,54.7,97.8,43.3,0.277869,-0.955058,0.211066,-0.307997,0.814772,-1.122769,21.0,34398000000.0,0.509565,24.261264,-0.930874,0.024183,0.349732,,,,,
OR,2002,436.0,134.1,158.9,86.0,301.9,37.0,55.6,73.0,40.4,0.307569,-0.81151,0.197248,-0.407265,0.59163,-0.998895,21.0,34578000000.0,0.516109,24.266483,-0.947217,-0.135707,0.23184,,,,,
OR,2003,512.0,158.4,189.1,114.0,353.6,38.5,67.5,88.5,52.5,0.309375,-0.803043,0.222656,-0.561469,0.522189,-1.083659,21.0,35098000000.0,0.499487,24.28141,-0.795606,0.007437,0.377595,,,,,
OR,2004,456.0,151.3,193.6,104.0,304.7,32.9,76.7,72.1,34.3,0.331798,-0.700063,0.22807,-0.846429,0.742909,-1.589338,21.0,35598000000.0,0.464043,24.295555,-0.85561,-0.155547,0.247618,,,,,
OR,2005,487.0,125.8,156.6,94.0,361.2,40.8,48.5,76.2,66.5,0.258316,-1.054738,0.193018,-0.172882,0.13616,-0.309041,21.0,35282000000.0,0.451108,24.286639,-1.031265,0.023474,0.322306,,,,,
OR,2006,478.0,148.0,178.2,97.0,330.0,34.0,55.1,76.0,46.9,0.309623,-0.80188,0.202929,-0.482789,0.482716,-0.965505,21.0,35483000000.0,0.450638,24.29232,-0.874427,-0.072546,0.297972,,,,,
OR,2007,455.0,149.4,178.7,96.0,305.6,35.1,69.6,63.9,48.4,0.328352,-0.71565,0.210989,-0.684563,0.27782,-0.962383,21.0,34750000000.0,0.438763,24.271445,-0.844137,-0.128488,0.269533,,,,,
OR,2008,416.0,136.5,159.9,100.0,279.5,32.3,49.7,68.7,46.3,0.328125,-0.716678,0.240385,-0.430938,0.394607,-0.825545,21.0,33468000000.0,0.44066,24.233856,-0.89685,-0.180173,0.21751,,,,,
OR,2009,377.0,114.8,141.0,78.0,262.2,31.8,46.8,62.2,46.2,0.304509,-0.825916,0.206897,-0.386417,0.297375,-0.683792,21.0,33972000000.0,0.444572,24.248802,-1.08493,-0.259014,0.104123,,,,,
OR,2010,317.0,70.1,89.7,56.0,246.9,11.5,31.4,70.5,34.6,0.221136,-1.259061,0.176656,-1.004461,0.711759,-1.71622,21.0,33774105561.9,0.442073,24.24296,-1.572357,-0.313296,-0.063378,,,,,
OR,2011,331.0,96.4,116.5,78.0,234.6,22.8,47.9,57.2,24.1,0.291239,-0.889376,0.23565,-0.742355,0.864342,-1.606697,21.0,33373397641.1,0.439457,24.231025,-1.241838,-0.352462,-0.008226,,,,,
OR,2012,337.0,88.1,106.1,87.0,248.9,19.2,38.5,52.8,40.5,0.261424,-1.038579,0.25816,-0.695748,0.265209,-0.960957,21.0,33172937419.96,0.438032,24.225,-1.325847,-0.287268,0.015763,,,,,
OR,2013,313.0,102.7,119.9,71.0,210.3,18.9,49.4,66.1,23.6,0.328115,-0.716723,0.226837,-0.960789,1.029922,-1.990711,21.0,33705846068.75,0.444892,24.240937,-1.188444,-0.471721,-0.074053,,,,,
OR,2014,357.0,99.1,124.1,63.0,257.9,19.0,42.8,65.0,33.2,0.277591,-0.956442,0.176471,-0.812099,0.671837,-1.483937,21.0,34610071295.15,0.389649,24.267411,-1.2506,-0.294158,0.031006,,,,,
OR,2015,447.0,154.7,184.0,111.0,292.3,49.5,54.6,76.5,39.4,0.346085,-0.636293,0.248322,-0.098061,0.663525,-0.761586,21.0,35998504537.0,0.397325,24.306743,-0.844575,-0.208282,0.216496,,,,,
OR,2016,498.0,151.9,176.1,99.0,346.1,34.0,71.2,94.0,52.8,0.30502,-0.823505,0.198795,-0.739132,0.576784,-1.315916,21.0,36719188656.6,0.396845,24.326565,-0.882662,-0.059157,0.304716,,,,,
OR,2017,439.0,144.2,175.9,89.0,294.8,31.3,61.6,54.7,43.4,0.328474,-0.715096,0.202733,-0.677044,0.231404,-0.908448,21.0,36752883291.2,0.395805,24.327483,-0.935601,-0.220505,0.177698,,,,,
OR,2018,502.0,156.5,187.4,112.0,345.5,43.1,68.9,79.9,46.1,0.311753,-0.791937,0.223108,-0.469133,0.549963,-1.019096,21.0,36848416932.15,0.395918,24.330078,-0.856342,-0.064405,0.309202,,,,,
OR,2019,493.0,170.5,210.1,110.0,322.5,35.3,68.4,83.7,54.6,0.345842,-0.637368,0.223124,-0.66149,0.427205,-1.088695,21.0,35808465323.3,0.380022,24.30145,-0.742034,-0.104666,0.31974,,,,,
OR,2020,507.0,184.3,223.6,112.0,322.7,57.4,59.6,73.6,61.4,0.363511,-0.560158,0.220907,-0.037611,0.181235,-0.218846,21.0,32297978450.0,0.383176,24.19827,-0.561025,-0.000867,0.450921,,,,,
OR,2021,599.0,217.4,262.7,122.0,381.6,57.3,83.9,89.7,65.1,0.362938,-0.562634,0.203673,-0.381325,0.320546,-0.701871,21.0,36841975600.0,0.403638,24.329904,-0.527484,0.03515,0.486039,,,,,
OR,2022,602.0,235.9,277.7,138.0,366.1,63.6,94.9,110.4,68.1,0.39186,-0.439499,0.229236,-0.40021,0.483133,-0.883343,21.0,36576159980.0,0.399269,24.322662,-0.438574,0.000925,0.498276,,,,,
OR,2023,587.0,197.2,234.7,119.0,389.8,49.9,76.7,103.1,67.3,0.335945,-0.681415,0.202726,-0.429881,0.426539,-0.85642,21.0,36815893370.0,0.397661,24.329195,-0.624296,0.057119,0.46651,,,,,
OR,2024,538.0,178.4,210.7,111.0,359.6,48.6,59.1,71.4,70.9,0.331599,-0.700964,0.20632,-0.195607,0.007027,-0.202635,21.0,37398889250.0,0.409063,24.344907,-0.740198,-0.039234,0.363632,,,,,
PA,1982,1819.0,862.2,968.2,538.0,956.8,167.0,515.0,227.0,213.0,0.473997,-0.104107,0.295767,-1.126173,0.063658,-1.189831,21.0,71313000000.0,0.483657,24.990344,0.189824,0.293931,0.936378,,,,,
PA,1983,1721.0,830.4,911.6,520.0,890.6,155.9,473.4,193.1,212.6,0.48251,-0.069988,0.30215,-1.110726,-0.096204,-1.014522,21.0,72302000000.0,0.470914,25.004118,0.138471,0.208459,0.867224,0.0,0.0,0.0,0.0,9.409109
PA,1984,1727.0,749.9,847.4,504.0,977.1,165.3,414.7,218.7,227.3,0.434221,-0.264649,0.291836,-0.919793,-0.03857,-0.881224,21.0,74294000000.0,0.461733,25.031296,0.009325,0.273974,0.843526,0.0,0.0,0.0,0.0,9.487972
PA,1985,1771.0,791.2,891.4,520.0,979.8,137.5,502.2,230.5,183.8,0.446753,-0.213798,0.293619,-1.295375,0.226403,-1.521777,21.0,75428000000.0,0.448892,25.046444,0.047787,0.261585,0.853536,0.0,0.0,0.0,0.0,9.554214
PA,1986,1894.0,869.2,986.8,587.0,1024.8,171.5,535.8,232.5,207.2,0.458923,-0.16468,0.309926,-1.139178,0.115206,-1.254383,21.0,77636000000.0,0.448362,25.075297,0.112957,0.277636,0.89183,0.0,0.0,0.0,0.0,9.605418
PA,1987,1987.0,885.8,985.2,526.0,1101.2,150.5,550.8,265.5,186.2,0.445798,-0.217665,0.264721,-1.297409,0.354793,-1.652202,21.0,78626000000.0,0.448007,25.087968,0.119204,0.336868,0.927094,0.0,0.0,0.0,0.0,9.665548
PA,1988,1931.0,780.4,873.8,523.0,1150.6,143.7,483.0,280.3,214.0,0.404143,-0.388232,0.270844,-1.212289,0.269884,-1.482173,21.0,81238000000.0,0.452104,25.120649,-0.040162,0.348071,0.865825,0.0,1.0,0.0,0.0,9.736665
PA,1989,1877.0,806.5,900.9,520.0,1070.5,134.2,474.7,249.8,199.3,0.429675,-0.283177,0.277038,-1.263352,0.225849,-1.489201,21.0,82864000000.0,0.45664,25.140467,-0.027082,0.256095,0.817644,0.0,1.0,0.0,0.0,9.812687
PA,1990,1646.0,700.4,793.9,461.0,945.6,133.6,411.5,202.4,156.5,0.425516,-0.300168,0.280073,-1.124959,0.25719,-1.382149,21.0,85708000000.0,0.453528,25.174212,-0.20188,0.098288,0.652572,0.0,1.0,0.0,0.0,9.871532
PA,1991,1661.0,673.1,762.8,479.0,987.9,108.8,425.2,226.2,198.8,0.405238,-0.383688,0.28838,-1.363048,0.12912,-1.492169,21.0,87282000000.0,0.449783,25.19241,-0.259835,0.123852,0.643446,0.0,1.0,0.0,0.0,9.902237
PA,1992,1545.0,587.2,673.1,415.0,957.8,101.6,349.5,232.4,170.5,0.380065,-0.489274,0.268608,-1.23546,0.309725,-1.545185,21.0,89200000000.0,0.418711,25.214147,-0.418101,0.071173,0.549313,0.0,1.0,0.0,0.0,9.949894
PA,1993,1529.0,578.4,650.9,406.0,950.6,103.3,363.0,208.7,155.0,0.378286,-0.496828,0.265533,-1.256765,0.297473,-1.554238,21.0,90706000000.0,0.425727,25.230889,-0.449943,0.046885,0.522161,0.0,1.0,0.0,0.0,9.982068
PA,1994,1441.0,501.4,573.2,340.0,939.6,99.2,283.2,200.8,155.8,0.347953,-0.62805,0.235947,-1.049015,0.253736,-1.302752,21.0,92347000000.0,0.42585,25.248819,-0.610734,0.017316,0.444954,0.0,1.0,0.0,0.0,10.014268
PA,1995,1480.0,498.5,571.0,389.0,981.5,97.2,293.0,231.8,172.0,0.336824,-0.677478,0.262838,-1.103402,0.29838,-1.401782,21.0,94520000000.0,0.42719,25.272077,-0.639793,0.037685,0.448401,0.0,1.0,1.0,0.0,10.054834
PA,1996,1469.0,480.6,540.5,359.0,988.4,90.5,276.8,242.5,163.2,0.327161,-0.721052,0.244384,-1.117945,0.396025,-1.513971,21.0,96646000000.0,0.432817,25.294321,-0.698605,0.022448,0.418697,0.0,1.0,1.0,0.0,10.107774
PA,1997,1557.0,524.6,588.8,356.0,1032.4,92.3,309.4,235.7,175.6,0.33693,-0.677005,0.228645,-1.209591,0.294351,-1.503942,21.0,98015000000.0,0.442728,25.308386,-0.62507,0.051936,0.462811,0.0,1.0,1.0,0.0,10.153078
PA,1998,1481.0,537.5,606.0,374.0,943.5,100.1,307.7,238.9,148.3,0.36293,-0.562668,0.252532,-1.122956,0.476808,-1.599763,21.0,99908000000.0,0.440275,25.327516,-0.619906,-0.057238,0.393638,,,,,
PA,1999,1549.0,501.9,579.8,370.0,1047.1,90.6,299.4,255.4,175.6,0.324015,-0.735379,0.238864,-1.195326,0.374622,-1.569949,21.0,102011000000.0,0.447128,25.348346,-0.709265,0.026114,0.417699,,,,,
PA,2000,1520.0,538.8,599.9,393.0,981.2,90.5,337.0,197.5,161.0,0.354474,-0.599432,0.258553,-1.314733,0.204334,-1.519067,21.0,102337000000.0,0.447736,25.351537,-0.641512,-0.04208,0.395609,,,,,
PA,2001,1532.0,531.8,611.0,377.0,1000.2,90.5,320.7,228.5,190.3,0.347128,-0.631688,0.246084,-1.265156,0.182934,-1.448091,21.0,103004000000.0,0.445886,25.358034,-0.661085,-0.029398,0.396976,,,,,
PA,2002,1614.0,524.2,610.8,427.0,1089.8,90.1,301.2,240.9,187.8,0.324783,-0.731876,0.26456,-1.206854,0.249004,-1.455859,21.0,104517000000.0,0.445516,25.372616,-0.690062,0.041815,0.434536,,,,,
PA,2003,1577.0,496.3,573.0,392.0,1080.7,81.1,287.1,240.9,190.9,0.314711,-0.778184,0.248573,-1.264148,0.232632,-1.49678,21.0,106347000000.0,0.381299,25.389973,-0.762112,0.016072,0.393987,,,,,
PA,2004,1490.0,517.5,584.2,382.0,972.5,86.5,297.8,202.5,163.2,0.347315,-0.630861,0.256376,-1.236278,0.215763,-1.452041,21.0,108070000000.0,0.362497,25.406045,-0.736355,-0.105494,0.321167,,,,,
PA,2005,1616.0,527.9,602.1,408.0,1088.1,101.2,299.7,235.8,197.3,0.326671,-0.723281,0.252475,-1.085683,0.178259,-1.263942,21.0,108042000000.0,0.359916,25.405786,-0.716198,0.007083,0.402604,,,,,
PA,2006,1525.0,496.0,570.9,403.0,1029.0,80.3,299.0,237.7,197.0,0.325246,-0.729767,0.264262,-1.314674,0.187806,-1.50248,21.0,108278000000.0,0.360987,25.407968,-0.780711,-0.050944,0.342463,,,,,
PA,2007,1491.0,505.4,587.8,414.0,985.6,100.6,286.4,216.4,183.6,0.338967,-0.6679,0.277666,-1.046237,0.164369,-1.210606,21.0,108699000000.0,0.359102,25.411848,-0.765817,-0.097917,0.316035,,,,,
PA,2008,1468.0,499.8,591.5,381.0,968.2,87.2,307.9,212.8,166.1,0.340463,-0.661231,0.259537,-1.261571,0.247763,-1.509333,21.0,107848000000.0,0.359228,25.403989,-0.7691,-0.107869,0.308348,,,,,
PA,2009,1256.0,399.6,469.9,320.0,856.4,76.0,222.1,193.0,140.9,0.318153,-0.762274,0.254777,-1.072394,0.31464,-1.387034,21.0,103205760193.36,0.355612,25.359991,-0.948846,-0.186572,0.196378,,,,,
PA,2010,1324.0,424.7,498.4,344.0,899.3,76.2,249.2,192.8,168.8,0.32077,-0.750234,0.259819,-1.184894,0.132939,-1.317833,21.0,100328712345.81,0.356167,25.331718,-0.859654,-0.10942,0.277376,,,,,
PA,2011,1286.0,399.5,457.6,346.0,886.5,76.8,230.9,194.2,164.1,0.310653,-0.797067,0.269051,-1.10078,0.168413,-1.269193,21.0,99204178771.59,0.359345,25.320446,-0.909551,-0.112484,0.259527,,,,,
PA,2012,1310.0,407.1,460.2,329.0,902.9,62.6,235.1,199.4,159.9,0.310763,-0.796553,0.251145,-1.323246,0.220764,-1.54401,21.0,98884385780.14,0.350715,25.317217,-0.887478,-0.090925,0.281246,,,,,
PA,2013,1210.0,361.1,425.4,306.0,848.9,66.6,206.9,206.4,153.1,0.29843,-0.854786,0.252893,-1.133531,0.298725,-1.432256,21.0,98627976109.63,0.35801,25.314621,-1.004785,-0.149999,0.204436,,,,,
PA,2014,1195.0,349.2,397.0,277.0,845.8,65.0,178.1,165.0,143.9,0.292218,-0.884638,0.231799,-1.007958,0.136827,-1.144785,21.0,99881537564.19,0.359539,25.327251,-1.050925,-0.166287,0.179332,,,,,
PA,2015,1200.0,364.3,410.0,289.0,835.7,85.4,176.5,184.6,154.5,0.303583,-0.830292,0.240833,-0.725975,0.177997,-0.903972,21.0,100945060178.6,0.350637,25.337842,-1.019184,-0.188892,0.172915,,,,,
PA,2016,1188.0,343.1,386.1,274.0,844.9,80.0,177.9,172.0,163.1,0.288805,-0.901196,0.23064,-0.799195,0.053131,-0.852326,21.0,101362492867.70999,0.339065,25.341969,-1.083266,-0.18207,0.158738,,,,,
PA,2017,1137.0,321.5,363.3,279.0,815.5,64.1,164.8,168.9,165.2,0.282762,-0.930804,0.245383,-0.944288,0.02215,-0.966438,21.0,101614053851.19,0.344467,25.344448,-1.150769,-0.219966,0.112382,,,,,
PA,2018,1190.0,339.7,392.5,258.0,850.3,76.0,157.8,195.0,129.2,0.285462,-0.917526,0.216807,-0.730595,0.411638,-1.142233,21.0,102109446772.29,0.33609,25.349311,-1.100567,-0.183041,0.153078,,,,,
PA,2019,1059.0,299.1,345.3,227.0,759.9,62.6,142.7,159.4,131.3,0.282436,-0.932409,0.214353,-0.823979,0.193932,-1.017911,21.0,102863509771.04,0.335442,25.356669,-1.23521,-0.302801,0.029092,,,,,
PA,2020,1129.0,320.2,374.8,242.0,808.8,59.9,163.8,188.1,143.2,0.283614,-0.926606,0.214349,-1.00597,0.272731,-1.278701,21.0,87982490940.0,0.353464,25.200404,-1.010777,-0.084171,0.249365,,,,,
PA,2021,1230.0,331.4,392.7,274.0,898.6,80.3,155.9,202.7,165.1,0.269431,-0.997512,0.222764,-0.663445,0.205176,-0.868621,21.0,102686040590.0,0.333361,25.354942,-1.130935,-0.133423,0.180508,,,,,
PA,2022,1179.0,345.7,397.8,256.0,833.3,79.0,158.9,197.0,152.1,0.293215,-0.879822,0.217133,-0.698827,0.258666,-0.957493,21.0,99912310560.0,0.325374,25.327559,-1.061307,-0.181484,0.165544,,,,,
PA,2023,1211.0,324.1,385.6,260.0,886.9,79.7,146.7,200.3,176.3,0.26763,-1.00668,0.214699,-0.61012,0.127629,-0.737749,21.0,100125598560.0,0.322105,25.329691,-1.127958,-0.121278,0.190191,,,,,
PA,2024,1127.0,290.1,340.4,234.0,836.9,70.6,134.1,191.4,162.9,0.257409,-1.059479,0.207631,-0.641556,0.161229,-0.802785,21.0,95194022740.0,0.36663,25.279183,-1.188277,-0.128798,0.168812,,,,,
RI,1982,105.0,59.5,64.8,51.0,45.5,8.5,44.9,9.5,16.1,0.566667,0.268264,0.485714,-1.664372,-0.527527,-1.136844,20.0,5908000000.0,0.205484,22.499573,0.007084,-0.26118,0.575068,,,,,
RI,1983,100.0,47.2,54.0,33.0,52.8,5.7,29.0,18.3,11.0,0.472,-0.112117,0.33,-1.62683,0.509006,-2.135835,20.0,5430000000.0,0.223573,22.415205,-0.14013,-0.028013,0.610646,0.0,0.0,0.0,0.0,9.416785
RI,1984,79.0,39.7,48.2,35.0,39.3,4.3,26.8,10.7,14.2,0.502532,0.010127,0.443038,-1.829787,-0.282998,-1.546789,20.5,5447000000.0,0.165779,22.418331,-0.316299,-0.326426,0.371798,0.0,0.0,0.0,0.0,9.513404
RI,1985,109.0,47.2,53.3,36.0,61.8,8.6,32.6,14.4,13.4,0.433028,-0.269509,0.330275,-1.33255,0.071973,-1.404524,21.0,5823000000.0,0.159196,22.485081,-0.210007,0.059503,0.626947,0.0,0.0,0.0,0.0,9.575192
RI,1986,124.0,62.2,74.2,47.0,61.8,12.5,31.5,14.5,13.5,0.501613,0.006452,0.379032,-0.924259,0.071459,-0.995718,21.0,5429000000.0,0.174065,22.415021,0.136015,0.129563,0.825942,0.0,0.0,0.0,0.0,9.637632
RI,1987,113.0,44.4,48.2,41.0,68.6,6.4,30.1,16.6,17.9,0.39292,-0.435053,0.362832,-1.548227,-0.075398,-1.472829,21.0,6003000000.0,0.155755,22.515525,-0.301605,0.133448,0.632543,0.0,0.0,0.0,0.0,9.705768
RI,1988,125.0,54.2,64.5,45.0,70.8,9.0,34.8,20.0,10.2,0.4336,-0.267178,0.36,-1.352393,0.673345,-2.025737,21.0,5853000000.0,0.154622,22.49022,-0.076859,0.19032,0.758774,0.0,0.0,0.0,0.0,9.792556
RI,1989,100.0,41.5,46.0,30.0,58.5,8.6,22.6,15.4,8.4,0.415,-0.343333,0.3,-0.966188,0.606136,-1.572324,21.0,6740000000.0,0.131899,22.631326,-0.484952,-0.141618,0.394525,0.0,0.0,0.0,0.0,9.861832
RI,1990,84.0,42.1,48.8,29.0,41.9,6.6,27.1,12.4,6.9,0.50119,0.004762,0.345238,-1.412464,0.586175,-1.998639,21.0,7364000000.0,0.135796,22.719869,-0.559141,-0.563903,0.131628,0.0,0.0,0.0,0.0,9.888272
RI,1991,88.0,32.8,41.7,21.0,55.2,6.8,20.5,12.2,6.5,0.372727,-0.520534,0.238636,-1.103502,0.629634,-1.733136,21.0,7152000000.0,0.136465,22.690658,-0.779549,-0.259014,0.20736,0.0,0.0,0.0,0.0,9.902587
RI,1992,79.0,35.6,39.6,27.0,43.4,7.7,22.2,13.3,7.8,0.450633,-0.198114,0.341772,-1.058872,0.53364,-1.592512,21.0,7559000000.0,0.149358,22.746005,-0.752978,-0.554865,0.044124,0.0,1.0,0.0,0.0,9.943621
RI,1993,74.0,32.5,37.4,26.0,41.5,8.0,18.6,11.0,4.4,0.439189,-0.244453,0.351351,-0.84372,0.916291,-1.760011,21.0,7227000000.0,0.124671,22.70109,-0.799169,-0.554716,0.023656,0.0,1.0,0.0,0.0,9.986679
RI,1994,63.0,19.3,26.4,17.0,43.7,2.0,10.8,9.0,11.2,0.306349,-0.817243,0.269841,-1.686399,-0.218689,-1.46771,21.0,7095000000.0,0.124313,22.682656,-1.30187,-0.484627,-0.118841,0.0,1.0,0.0,0.0,10.013014
RI,1995,69.0,21.7,23.5,23.0,47.3,3.9,13.2,8.1,10.8,0.314493,-0.779198,0.333333,-1.21924,-0.287682,-0.931558,21.0,6896000000.0,0.13022,22.654207,-1.156214,-0.377016,0.00058,0.0,1.0,1.0,0.0,10.065606
RI,1996,69.0,19.9,24.6,21.0,49.1,3.2,11.7,11.8,6.3,0.288406,-0.903139,0.304348,-1.296438,0.62755,-1.923988,21.0,7120000000.0,0.130197,22.686174,-1.274773,-0.371634,-0.031386,0.0,1.0,1.0,0.0,10.100534
RI,1997,75.0,34.8,39.3,26.0,40.2,0.9,23.8,14.1,10.2,0.464,-0.14425,0.346667,-3.275046,0.323787,-3.598833,21.0,7072000000.0,0.144796,22.679409,-0.709111,-0.564861,0.05876,0.0,1.0,1.0,0.0,10.152961
RI,1998,74.0,26.7,34.2,27.0,47.3,6.1,12.0,4.9,11.0,0.360811,-0.571847,0.364865,-0.676618,-0.80866,0.132042,21.0,7983000000.0,0.13416,22.80058,-1.095236,-0.523389,-0.075834,,,,,
RI,1999,88.0,26.8,33.8,24.0,61.2,5.4,14.9,13.6,10.1,0.304545,-0.825745,0.272727,-1.014962,0.297534,-1.312497,21.0,8281000000.0,0.133076,22.83723,-1.128147,-0.302402,0.060788,,,,,
RI,2000,80.0,33.7,38.0,29.0,46.3,5.0,21.8,12.0,8.2,0.42125,-0.317644,0.3625,-1.472472,0.380772,-1.853245,21.0,8359000000.0,0.133868,22.846605,-0.908426,-0.590782,-0.043897,,,,,
RI,2001,81.0,35.3,44.1,27.0,45.7,4.2,21.8,7.8,8.2,0.435802,-0.258215,0.333333,-1.646825,-0.05001,-1.596815,21.0,7991000000.0,0.129896,22.801582,-0.817018,-0.558803,0.013548,,,,,
RI,2002,84.0,35.2,42.4,34.0,48.8,5.4,22.2,5.6,15.8,0.419048,-0.326684,0.404762,-1.413693,-1.037243,-0.37645,21.0,8142000000.0,0.128715,22.820302,-0.838575,-0.511891,0.031196,,,,,
RI,2003,104.0,49.7,55.2,37.0,54.3,5.5,37.2,14.5,15.8,0.477885,-0.088519,0.355769,-1.911561,-0.085861,-1.825699,21.0,8365000000.0,0.102451,22.847322,-0.520636,-0.432117,0.217749,,,,,
RI,2004,83.0,38.0,40.1,40.0,45.0,5.3,23.8,11.7,9.2,0.457831,-0.169076,0.481928,-1.501979,0.240385,-1.742364,21.0,8473000000.0,0.103977,22.86015,-0.801884,-0.632807,-0.020629,,,,,
RI,2005,87.0,33.5,43.8,29.0,53.5,5.6,20.8,15.4,12.2,0.385057,-0.468136,0.333333,-1.312186,0.232932,-1.545118,21.0,8300000000.0,0.100602,22.839521,-0.907295,-0.439159,0.047068,,,,,
RI,2006,81.0,30.0,37.5,27.0,51.0,7.5,18.8,8.5,15.2,0.37037,-0.530628,0.333333,-0.918954,-0.581229,-0.337725,21.0,8300000000.0,0.105904,22.839521,-1.017643,-0.487015,-0.024391,,,,,
RI,2007,69.0,23.7,30.2,18.0,45.3,6.7,15.6,10.3,13.4,0.343478,-0.647832,0.26087,-0.845163,-0.263111,-0.582053,21.0,8636000000.0,0.106994,22.879205,-1.29305,-0.645218,-0.224418,,,,,
RI,2008,65.0,23.4,26.8,29.0,41.6,0.3,20.9,11.7,12.1,0.36,-0.575364,0.446154,-4.243722,-0.033617,-4.210105,21.0,8187000000.0,0.106755,22.825813,-1.252397,-0.677032,-0.230745,,,,,
RI,2009,83.0,34.4,40.1,29.0,48.6,3.9,22.0,5.1,17.0,0.414458,-0.345567,0.349398,-1.730066,-1.203973,-0.526093,21.0,8250000000.0,0.105818,22.833479,-0.874742,-0.529175,0.006042,,,,,
RI,2010,67.0,27.1,30.5,23.0,39.9,3.0,15.4,9.0,8.6,0.404478,-0.386843,0.343284,-1.635755,0.045462,-1.681218,21.0,8280220438.54,0.10676,22.837135,-1.116921,-0.730078,-0.211762,,,,,
RI,2011,66.0,26.0,28.4,21.0,40.0,4.5,15.9,13.5,11.1,0.393939,-0.430783,0.318182,-1.262242,0.195745,-1.457986,21.0,7901428390.139999,0.111244,22.790309,-1.111532,-0.680749,-0.179974,,,,,
RI,2012,64.0,27.9,32.9,21.0,36.1,3.0,18.4,6.0,5.6,0.435938,-0.257666,0.328125,-1.813738,0.068993,-1.882731,21.0,7806872877.49,0.10778,22.77827,-1.028963,-0.771297,-0.198706,,,,,
RI,2013,65.0,22.9,26.7,19.0,42.1,3.5,14.0,8.5,10.0,0.352308,-0.608911,0.292308,-1.386294,-0.162519,-1.223775,21.0,7775124822.37,0.116123,22.774195,-1.222378,-0.613467,-0.179127,,,,,
RI,2014,51.0,16.5,17.2,16.0,34.5,5.1,9.4,10.9,4.6,0.323529,-0.737599,0.313725,-0.611469,0.862706,-1.474176,21.0,7676978032.89,0.114125,22.761492,-1.537451,-0.799852,-0.408985,,,,,
RI,2015,45.0,19.2,23.0,14.0,25.8,2.9,13.8,11.1,3.2,0.426667,-0.295464,0.311111,-1.559958,1.243794,-2.803752,21.0,7832561416.32,0.113335,22.781555,-1.405964,-1.1105,-0.554212,,,,,
RI,2016,51.0,18.7,22.5,16.0,32.3,3.6,11.6,11.4,3.4,0.366667,-0.546544,0.313725,-1.170071,1.209838,-2.379909,21.0,7927070506.61,0.114128,22.793549,-1.444345,-0.897801,-0.441043,,,,,
RI,2017,84.0,36.0,37.7,26.0,48.0,6.2,18.2,12.8,8.8,0.428571,-0.287682,0.309524,-1.076872,0.374693,-1.451566,21.0,8000980443.76,0.113047,22.80283,-0.79863,-0.510948,0.048668,,,,,
RI,2018,59.0,22.4,26.2,14.0,36.6,4.7,12.0,11.3,4.0,0.379661,-0.490987,0.237288,-0.937344,1.038508,-1.975853,21.0,8008582206.93,0.114042,22.80378,-1.274038,-0.783051,-0.305561,,,,,
RI,2019,57.0,23.6,29.3,23.0,33.4,2.5,15.7,13.5,9.3,0.414035,-0.347309,0.403509,-1.83737,0.372675,-2.210045,21.0,7580832257.860001,0.121134,22.748889,-1.166961,-0.819652,-0.285157,,,,,
RI,2020,67.0,28.2,32.8,21.0,38.8,5.5,15.9,6.5,5.1,0.420896,-0.319098,0.313433,-1.061571,0.242562,-1.304133,21.0,6864093260.0,0.112455,22.64957,-0.889567,-0.570469,-0.024196,,,,,
RI,2021,63.0,24.0,28.6,19.0,39.0,4.9,14.8,13.1,9.2,0.380952,-0.485508,0.301587,-1.105392,0.353409,-1.458801,21.0,7526312090.0,0.133673,22.741671,-1.142936,-0.657429,-0.177856,,,,,
RI,2022,52.0,22.7,28.3,16.0,29.3,3.8,13.3,5.2,5.7,0.436538,-0.255223,0.307692,-1.252763,-0.091808,-1.160955,21.0,7530619760.0,0.117617,22.742243,-1.199198,-0.943975,-0.370319,,,,,
RI,2023,71.0,24.6,27.7,17.0,46.4,2.9,16.8,12.1,7.2,0.346479,-0.634553,0.239437,-1.756668,0.519124,-2.275793,21.0,7563928920.0,0.118695,22.746657,-1.123229,-0.488676,-0.063296,,,,,
RI,2024,52.0,19.1,22.8,13.0,32.9,2.6,8.7,8.4,4.3,0.367308,-0.543784,0.25,-1.207812,0.669617,-1.877428,21.0,7655865970.0,0.104061,22.758738,-1.388369,-0.844585,-0.386814,,,,,
SC,1982,730.0,343.0,379.8,221.0,387.0,66.6,192.0,82.4,78.0,0.469863,-0.120694,0.30274,-1.058791,0.054877,-1.113667,21.0,24222000000.0,0.704401,23.910527,0.347884,0.468578,1.103198,,,,,
SC,1983,844.0,402.0,447.8,272.0,442.0,74.8,227.8,111.2,90.2,0.476303,-0.094858,0.322275,-1.11365,0.209301,-1.322951,21.0,24977000000.0,0.645474,23.941221,0.475912,0.570769,1.217612,0.0,0.0,0.0,0.0,9.160835
SC,1984,916.0,398.2,447.2,250.0,517.8,76.7,212.6,126.3,111.4,0.434716,-0.262635,0.272926,-1.019511,0.125533,-1.145043,21.0,25971000000.0,0.642486,23.980246,0.427389,0.690023,1.260451,0.0,0.0,0.0,0.0,9.260843
SC,1985,951.0,425.1,479.9,269.0,525.9,87.1,218.1,98.9,115.9,0.447003,-0.212787,0.28286,-0.917897,-0.158619,-0.759278,21.0,26677000000.0,0.630656,24.007068,0.465938,0.678724,1.271127,0.0,0.0,0.0,0.0,9.324205
SC,1986,1059.0,510.7,587.9,307.0,548.3,88.7,257.6,147.3,117.4,0.482247,-0.07104,0.289896,-1.066148,0.226884,-1.293033,21.0,28250000000.0,0.633487,24.064359,0.592104,0.663144,1.321402,0.0,0.0,0.0,0.0,9.373649
SC,1987,1086.0,447.9,524.3,323.0,638.1,82.0,240.7,155.0,146.3,0.412431,-0.353925,0.297422,-1.076832,0.057766,-1.134598,21.0,30224000000.0,0.641675,24.131902,0.393349,0.747274,1.279035,0.0,0.0,1.0,0.0,9.435242
SC,1988,1031.0,426.5,491.3,295.0,604.5,90.6,200.3,141.4,153.7,0.413676,-0.348789,0.28613,-0.793362,-0.08341,-0.709952,21.0,31759000000.0,0.641362,24.181442,0.294851,0.64364,1.177523,0.0,0.0,1.0,0.0,9.508072
SC,1989,996.0,363.5,426.7,258.0,632.5,72.6,160.7,149.4,131.3,0.36496,-0.553901,0.259036,-0.794574,0.129142,-0.923717,21.0,32780000000.0,0.645668,24.213084,0.103376,0.657277,1.111344,0.0,0.0,1.0,0.0,9.559588
SC,1990,979.0,385.9,453.9,274.0,593.1,80.8,182.6,129.2,153.4,0.394178,-0.429785,0.279877,-0.815321,-0.171687,-0.643634,21.0,34376000000.0,0.647341,24.260624,0.115635,0.545419,1.046588,0.0,1.0,1.0,0.0,9.643875
SC,1991,890.0,338.0,379.0,262.0,552.0,67.8,175.3,123.2,137.7,0.379775,-0.490502,0.294382,-0.949937,-0.111268,-0.838668,21.0,34456000000.0,0.645809,24.262949,-0.019222,0.47128,0.948953,0.0,1.0,1.0,0.0,9.662053
SC,1992,807.0,270.0,314.6,199.0,537.0,47.1,134.4,120.9,109.6,0.334572,-0.687576,0.246592,-1.048547,0.098126,-1.146674,21.0,35049000000.0,0.602385,24.280013,-0.26091,0.426666,0.833991,0.0,1.0,1.0,0.0,9.705646
SC,1993,846.0,231.3,261.8,238.0,614.7,41.3,122.6,137.7,151.4,0.273404,-0.977419,0.281324,-1.088065,-0.094848,-0.993217,21.0,36125000000.0,0.613149,24.310251,-0.445855,0.531564,0.850949,0.0,1.0,1.0,0.0,9.746307
SC,1994,847.0,207.9,232.1,215.0,639.1,30.9,110.5,133.1,157.5,0.245455,-1.123004,0.253837,-1.274259,-0.168325,-1.105935,21.0,37245000000.0,0.6167,24.340784,-0.583046,0.539958,0.821598,0.0,1.0,1.0,0.0,9.793338
SC,1995,881.0,263.8,304.8,250.0,617.2,54.5,134.2,142.5,144.8,0.299432,-0.850002,0.283768,-0.901131,-0.016011,-0.885119,21.0,38724000000.0,0.620778,24.379725,-0.383853,0.466148,0.822013,0.0,1.0,1.0,0.0,9.841027
SC,1996,930.0,322.4,373.1,239.0,607.6,63.2,171.0,148.8,106.0,0.346667,-0.633724,0.256989,-0.995359,0.339164,-1.334523,21.0,39756000000.0,0.622522,24.406027,-0.209553,0.424171,0.849839,0.0,1.0,1.0,0.0,9.885884
SC,1997,903.0,277.8,308.9,263.0,625.2,51.5,150.7,150.5,148.3,0.307641,-0.81117,0.291251,-1.073709,0.014726,-1.088435,21.0,41333000000.0,0.623739,24.444927,-0.397345,0.413825,0.781476,0.0,1.0,1.0,0.0,9.92857
SC,1998,1002.0,285.3,323.6,251.0,716.7,48.4,131.3,194.6,140.7,0.284731,-0.921116,0.250499,-0.997985,0.324316,-1.322301,21.0,42821000000.0,0.628173,24.480294,-0.406072,0.515044,0.85014,,,,,
SC,1999,1065.0,307.5,335.7,269.0,757.5,53.2,157.9,200.8,151.1,0.288732,-0.901548,0.252582,-1.087904,0.284368,-1.372271,21.0,44148000000.0,0.631104,24.510813,-0.361658,0.539891,0.880597,,,,,
SC,2000,1065.0,387.9,443.0,267.0,677.1,77.4,186.3,150.6,125.7,0.364225,-0.557071,0.250704,-0.878371,0.180729,-1.059101,21.0,45538000000.0,0.637028,24.541813,-0.160385,0.396687,0.849598,,,,,
SC,2001,1060.0,459.8,530.8,300.0,600.2,82.3,242.8,136.7,128.2,0.433774,-0.266471,0.283019,-1.081867,0.064197,-1.146064,21.0,46601000000.0,0.639214,24.564888,-0.013415,0.253056,0.821817,,,,,
SC,2002,1053.0,445.7,509.3,307.0,607.3,88.8,225.3,148.2,113.7,0.423267,-0.309377,0.291548,-0.931046,0.264999,-1.196046,21.0,47290000000.0,0.641616,24.579565,-0.059238,0.250139,0.800515,,,,,
SC,2003,969.0,388.9,452.5,267.0,580.1,60.5,228.0,160.5,119.0,0.401342,-0.399878,0.275542,-1.326702,0.29917,-1.625873,21.0,48120000000.0,0.64042,24.596964,-0.212961,0.186918,0.699982,,,,,
SC,2004,1046.0,368.5,422.3,310.0,677.5,69.7,201.7,153.3,152.3,0.352294,-0.608969,0.296367,-1.062581,0.006545,-1.069126,21.0,49551000000.0,0.647595,24.626268,-0.296147,0.312822,0.747141,,,,,
SC,2005,1094.0,436.9,514.5,310.0,657.1,87.1,229.8,173.9,142.2,0.39936,-0.408132,0.283364,-0.970152,0.201246,-1.171398,21.0,49434000000.0,0.495024,24.623904,-0.123519,0.284613,0.794372,,,,,
SC,2006,1045.0,419.0,482.7,320.0,626.0,86.8,225.2,151.2,147.8,0.400957,-0.401479,0.30622,-0.953382,0.022743,-0.976126,21.0,50199000000.0,0.495149,24.639261,-0.180709,0.22077,0.733192,,,,,
SC,2007,1077.0,466.7,530.7,347.0,610.3,71.8,262.1,131.2,151.9,0.433333,-0.268264,0.322191,-1.294842,-0.1465,-1.148342,21.0,51109000000.0,0.495784,24.657226,-0.090859,0.177405,0.745389,,,,,
SC,2008,921.0,402.2,463.4,306.0,518.8,70.7,216.7,126.3,128.3,0.436699,-0.254569,0.332248,-1.120068,-0.015711,-1.104357,21.0,49597000000.0,0.487691,24.627196,-0.209566,0.045003,0.618945,,,,,
SC,2009,894.0,375.0,422.6,291.0,519.0,82.2,187.2,132.8,107.8,0.419463,-0.324978,0.325503,-0.823022,0.208567,-1.031589,21.0,49130000000.0,0.493629,24.617736,-0.270129,0.054849,0.598651,,,,,
SC,2010,809.0,353.3,407.8,223.0,455.7,69.6,184.7,115.4,79.3,0.436712,-0.254517,0.275649,-0.975968,0.375166,-1.351135,21.0,49124335197.08,0.482091,24.61762,-0.329622,-0.075105,0.498859,,,,,
SC,2011,828.0,309.1,373.0,221.0,518.9,60.8,156.0,113.2,108.0,0.373309,-0.518046,0.266908,-0.942266,0.047025,-0.989291,21.0,48730179467.93,0.480215,24.609564,-0.455219,0.062828,0.53013,,,,,
SC,2012,863.0,348.0,396.1,232.0,515.0,74.2,154.6,124.8,107.4,0.403244,-0.391964,0.26883,-0.734077,0.150152,-0.884229,21.0,49036190298.93,0.47823,24.615824,-0.342941,0.049023,0.565271,,,,,
SC,2013,767.0,340.2,385.1,250.0,426.8,58.5,189.2,116.5,89.8,0.443546,-0.226782,0.325945,-1.173778,0.260306,-1.434084,21.0,48986259575.2,0.478118,24.614806,-0.364591,-0.137809,0.448362,,,,,
SC,2014,823.0,331.4,391.6,225.0,491.6,67.2,164.7,104.8,102.3,0.402673,-0.394339,0.27339,-0.896452,0.024144,-0.920596,21.0,49931269114.57,0.453345,24.633913,-0.409906,-0.015567,0.499724,,,,,
SC,2015,977.0,301.2,343.4,254.0,675.8,65.7,154.7,168.3,147.3,0.308291,-0.808123,0.25998,-0.856389,0.133277,-0.989666,21.0,51726048484.01,0.456449,24.669227,-0.540772,0.267351,0.63594,,,,,
SC,2016,1020.0,343.7,412.3,267.0,676.3,69.0,179.7,176.0,165.3,0.336961,-0.676868,0.261765,-0.957182,0.062722,-1.019904,21.0,54552642226.3,0.455186,24.722432,-0.461982,0.214886,0.625807,,,,,
SC,2017,989.0,305.3,362.9,255.0,683.7,65.5,131.3,163.5,184.7,0.308696,-0.806224,0.257836,-0.695435,-0.12192,-0.573515,21.0,55497235730.86,0.455595,24.739599,-0.597623,0.208601,0.577776,,,,,
SC,2018,1036.0,290.3,331.6,274.0,745.7,68.4,139.7,162.6,194.3,0.280212,-0.943409,0.264479,-0.714124,-0.17811,-0.536014,21.0,56800682751.57,0.450627,24.762814,-0.671219,0.27219,0.600989,,,,,
SC,2019,1006.0,275.5,333.7,251.0,730.5,55.4,137.4,191.6,159.6,0.273857,-0.975142,0.249503,-0.908317,0.182739,-1.091056,21.0,57939397375.91,0.449002,24.782663,-0.743395,0.231747,0.551755,,,,,
SC,2020,1066.0,318.5,387.3,317.0,747.5,72.8,158.7,176.2,205.3,0.29878,-0.853112,0.297373,-0.7793,-0.152853,-0.626447,21.0,53972052030.0,0.451915,24.711732,-0.527429,0.325683,0.680617,,,,,
SC,2021,1198.0,408.8,458.0,317.0,789.2,105.6,199.3,201.4,188.7,0.341235,-0.657794,0.264608,-0.635153,0.065135,-0.700287,21.0,57491954880.0,0.45252,24.774911,-0.341004,0.31679,0.734179,,,,,
SC,2022,1094.0,470.8,532.3,293.0,623.2,109.1,224.4,138.9,146.6,0.430347,-0.280434,0.267824,-0.721165,-0.053954,-0.667212,21.0,58988379580.0,0.447893,24.800606,-0.225492,0.054942,0.61767,,,,,
SC,2023,1047.0,427.7,478.8,300.0,619.3,119.3,181.1,178.7,122.9,0.4085,-0.370168,0.286533,-0.417408,0.374337,-0.791745,21.0,60793779450.0,0.374569,24.830753,-0.351651,0.018517,0.543612,,,,,
SC,2024,1038.0,417.1,463.2,271.0,620.9,85.4,193.5,137.6,138.5,0.40183,-0.397844,0.261079,-0.817931,-0.006519,-0.811412,21.0,62042095360.0,0.376211,24.851079,-0.397072,0.000772,0.514653,,,,,
SD,1982,148.0,74.1,84.0,46.0,73.9,8.1,40.9,14.9,11.1,0.500676,0.002703,0.310811,-1.619266,0.294416,-1.913682,21.0,6361000000.0,0.805534,22.573451,0.152645,0.149942,0.844442,,,,,
SD,1983,175.0,82.6,90.6,43.0,92.4,16.5,34.4,20.5,10.6,0.472,-0.112117,0.245714,-0.734696,0.659571,-1.394267,21.0,6317000000.0,0.793256,22.56651,0.26818,0.380297,1.018956,0.0,0.0,0.0,0.0,9.188299
SD,1984,143.0,65.5,78.7,44.0,77.5,15.4,26.9,22.6,14.1,0.458042,-0.168228,0.307692,-0.557759,0.471775,-1.029534,21.0,6401000000.0,0.796438,22.57972,0.023011,0.191239,0.803805,0.0,0.0,0.0,0.0,9.316231
SD,1985,130.0,68.5,72.5,27.0,61.5,15.4,24.0,12.6,5.0,0.526923,0.107797,0.207692,-0.443686,0.924259,-1.367945,21.0,6277000000.0,0.785726,22.560158,0.087356,-0.02044,0.728057,0.0,0.0,0.0,0.0,9.344871
SD,1986,134.0,59.2,68.0,43.0,74.8,15.5,31.6,19.5,13.4,0.441791,-0.233896,0.320896,-0.712317,0.37516,-1.087477,21.0,6238000000.0,0.780859,22.553925,-0.052323,0.181573,0.764595,0.0,0.0,0.0,0.0,9.393661
SD,1987,134.0,58.1,65.0,22.0,75.9,11.6,28.8,17.4,9.2,0.433582,-0.267251,0.164179,-0.90937,0.637267,-1.546637,21.0,6426000000.0,0.777778,22.583618,-0.100772,0.166479,0.734902,0.0,0.0,1.0,0.0,9.448018
SD,1988,147.0,62.5,71.9,41.0,84.5,11.5,35.6,21.5,18.4,0.42517,-0.301585,0.278912,-1.129999,0.155702,-1.285701,21.0,6634000000.0,0.768616,22.615474,-0.059626,0.241959,0.79564,0.0,0.0,1.0,0.0,9.486683
SD,1989,152.0,72.7,81.1,44.0,79.3,13.2,40.2,20.8,6.8,0.478289,-0.086897,0.289474,-1.11365,1.11803,-2.231681,21.0,6704000000.0,0.769242,22.62597,0.081052,0.167949,0.818591,0.0,0.0,1.0,0.0,9.549523
SD,1990,153.0,69.5,76.0,35.0,83.5,11.3,39.0,14.7,6.0,0.454248,-0.18352,0.228758,-1.238759,0.896088,-2.134847,21.0,6989000000.0,0.77994,22.667603,-0.005596,0.177924,0.783515,0.0,0.0,1.0,0.0,9.647821
SD,1991,143.0,60.7,61.6,35.0,82.3,8.5,29.9,20.5,9.1,0.424476,-0.304427,0.244755,-1.257792,0.81215,-2.069943,21.0,6711000000.0,0.778274,22.627014,-0.100389,0.204038,0.756512,0.0,0.0,1.0,0.0,9.681219
SD,1992,161.0,65.1,74.6,32.0,95.9,13.0,24.4,18.0,17.6,0.404348,-0.387381,0.198758,-0.629634,0.022473,-0.652107,21.0,7218000000.0,0.786644,22.699844,-0.103238,0.284143,0.802241,0.0,0.0,1.0,0.0,9.744199
SD,1993,140.0,47.7,53.2,32.0,92.3,12.3,18.4,17.7,17.6,0.340714,-0.660113,0.228571,-0.402751,0.005666,-0.408417,21.0,7413000000.0,0.780521,22.726501,-0.440889,0.219224,0.635822,0.0,0.0,1.0,0.0,9.775654
SD,1994,154.0,61.2,68.3,45.0,92.8,9.4,30.1,24.6,12.9,0.397403,-0.416299,0.292208,-1.163815,0.645519,-1.809335,21.0,7631000000.0,0.775521,22.755485,-0.220657,0.195643,0.702149,0.0,0.0,1.0,0.0,9.829195
SD,1995,158.0,64.6,70.0,42.0,93.4,7.6,43.0,16.4,12.0,0.408861,-0.368677,0.265823,-1.733052,0.312375,-2.045427,21.0,7669000000.0,0.767506,22.760452,-0.171557,0.19712,0.722824,0.0,1.0,1.0,0.0,9.837561
SD,1996,175.0,54.7,67.6,44.0,120.3,6.5,28.7,25.5,14.3,0.312571,-0.788125,0.251429,-1.485095,0.578419,-2.063514,21.0,7817000000.0,0.771907,22.779567,-0.357022,0.431103,0.8059,0.0,1.0,1.0,0.0,9.925738
SD,1997,148.0,46.6,59.9,34.0,101.4,3.9,22.8,23.1,23.2,0.314865,-0.777473,0.22973,-1.765784,-0.00432,-1.761464,21.0,7939000000.0,0.774027,22.795053,-0.532772,0.244701,0.62284,0.0,1.0,1.0,0.0,9.95589
SD,1998,165.0,56.3,64.4,37.0,108.7,11.5,24.9,32.5,18.1,0.341212,-0.657897,0.224242,-0.772521,0.585328,-1.357849,21.0,8097000000.0,0.771644,22.814759,-0.363384,0.294513,0.711867,,,,,
SD,1999,150.0,55.4,62.9,33.0,94.6,11.1,23.3,28.9,10.7,0.369333,-0.535078,0.22,-0.741508,0.993598,-1.735106,21.0,8244000000.0,0.773168,22.832751,-0.397491,0.137587,0.598565,,,,,
SD,2000,173.0,68.1,78.5,38.0,104.9,13.3,27.0,20.7,13.0,0.393642,-0.43203,0.219653,-0.708073,0.465184,-1.173257,21.0,8432000000.0,0.773126,22.8553,-0.213642,0.218388,0.718673,,,,,
SD,2001,171.0,68.5,80.7,43.0,102.5,12.2,22.8,27.8,17.2,0.400585,-0.403029,0.251462,-0.625325,0.480127,-1.105451,21.0,8542000000.0,0.772302,22.868261,-0.220747,0.182283,0.694083,,,,,
SD,2002,180.0,77.1,89.7,48.0,102.9,14.2,30.4,18.8,18.6,0.428333,-0.288654,0.266667,-0.761201,0.010695,-0.771896,21.0,8499000000.0,0.770679,22.863214,-0.09743,0.191224,0.750423,,,,,
SD,2003,203.0,83.5,91.1,48.0,119.5,15.3,28.4,21.7,12.6,0.41133,-0.35847,0.236453,-0.618536,0.543615,-1.162152,21.0,8527000000.0,0.772253,22.866503,-0.020976,0.337494,0.867383,,,,,
SD,2004,197.0,70.9,80.1,48.0,126.1,11.0,31.3,23.0,18.7,0.359898,-0.575805,0.243655,-1.045723,0.206971,-1.252694,21.0,8784000000.0,0.751025,22.896198,-0.214247,0.361558,0.807687,,,,,
SD,2005,186.0,69.7,73.7,43.0,116.3,17.2,31.4,19.8,18.6,0.374731,-0.511973,0.231183,-0.601899,0.06252,-0.664419,21.0,8397000000.0,0.749315,22.85114,-0.186259,0.325713,0.795287,,,,,
SD,2006,191.0,67.3,77.9,44.0,123.7,13.0,34.0,27.0,23.0,0.352356,-0.608699,0.230366,-0.961411,0.160343,-1.121754,21.0,9168000000.0,0.733857,22.938985,-0.309144,0.299555,0.733969,,,,,
SD,2007,146.0,45.3,54.4,38.0,100.7,4.1,25.0,27.9,11.0,0.310274,-0.798839,0.260274,-1.807889,0.930731,-2.73862,21.0,9005000000.0,0.712493,22.921046,-0.687058,0.111781,0.483242,,,,,
SD,2008,121.0,36.5,43.2,38.0,84.5,3.7,19.9,22.3,9.1,0.301653,-0.839439,0.31405,-1.682387,0.896312,-2.578699,21.0,8986000000.0,0.710661,22.918934,-0.900941,-0.061501,0.297538,,,,,
SD,2009,131.0,55.6,61.1,33.0,75.4,10.2,24.4,20.8,10.6,0.424427,-0.304624,0.251908,-0.872195,0.674099,-1.546294,21.0,8837961673.85,0.70503,22.902322,-0.463458,-0.158834,0.393556,,,,,
SD,2010,140.0,37.6,48.7,24.0,102.4,7.3,18.7,29.7,9.3,0.268571,-1.001883,0.171429,-0.940649,1.161133,-2.101782,21.0,8865980484.6,0.717347,22.905487,-0.857803,0.14408,0.456836,,,,,
SD,2011,111.0,32.5,37.6,21.0,78.5,5.0,10.3,16.0,7.7,0.292793,-0.881859,0.189189,-0.722706,0.731368,-1.454074,21.0,9002048071.37,0.719523,22.920718,-1.018797,-0.136939,0.209493,,,,,
SD,2012,133.0,43.8,52.3,21.0,89.2,5.0,19.9,18.0,9.1,0.329323,-0.711247,0.157895,-1.381282,0.682097,-2.063379,21.0,9113471451.67,0.710861,22.93302,-0.732705,-0.021458,0.37801,,,,,
SD,2013,135.0,41.4,47.8,27.0,93.6,9.6,17.6,25.4,9.4,0.306667,-0.81575,0.2,-0.606136,0.994039,-1.600175,21.0,9121797358.62,0.704483,22.933933,-0.789971,0.025778,0.392023,,,,,
SD,2014,136.0,44.5,51.5,27.0,91.5,7.6,23.7,24.4,10.3,0.327206,-0.72085,0.198529,-1.137327,0.862439,-1.999766,21.0,9225040615.26,0.697315,22.945187,-0.729017,-0.008168,0.388148,,,,,
SD,2015,133.0,43.3,46.2,17.0,89.7,5.8,16.1,29.2,5.9,0.325564,-0.728318,0.12782,-1.020961,1.599216,-2.620178,21.0,9324353331.93,0.698368,22.955895,-0.767062,-0.038744,0.355134,,,,,
SD,2016,116.0,45.7,53.8,26.0,70.3,7.0,17.2,20.0,7.8,0.393966,-0.430674,0.224138,-0.898999,0.941609,-1.840608,21.0,9506534322.74,0.698532,22.975245,-0.732466,-0.301793,0.199026,,,,,
SD,2017,129.0,36.2,47.7,26.0,92.8,6.1,11.7,21.9,11.3,0.28062,-0.941388,0.20155,-0.6513,0.661684,-1.312984,21.0,9642559370.89,0.70017,22.989452,-0.979713,-0.038325,0.291041,,,,,
SD,2018,130.0,45.6,50.1,28.0,84.4,3.8,22.8,16.2,12.2,0.350769,-0.61566,0.215385,-1.791759,0.283575,-2.075335,21.0,9719406132.65,0.698179,22.99739,-0.756802,-0.141142,0.290825,,,,,
SD,2019,102.0,28.4,32.8,21.0,73.6,7.1,12.9,16.9,5.1,0.278431,-0.952256,0.205882,-0.597133,1.198073,-1.795206,21.0,9922399543.82,0.69879,23.018061,-1.250991,-0.298735,0.027593,,,,,
SD,2020,141.0,50.5,57.1,31.0,90.5,7.9,16.0,23.1,13.0,0.358156,-0.583377,0.219858,-0.705726,0.574883,-1.280609,21.0,9742507880.0,0.701976,22.999764,-0.65711,-0.073734,0.369676,,,,,
SD,2021,148.0,51.0,61.4,32.0,97.0,13.1,18.1,18.9,10.9,0.344595,-0.642885,0.216216,-0.3233,0.550399,-0.873699,21.0,9993910740.0,0.709138,23.025242,-0.672735,-0.02985,0.392651,,,,,
SD,2022,137.0,45.2,53.8,31.0,91.8,9.3,20.2,26.7,16.8,0.329927,-0.708515,0.226277,-0.775668,0.463285,-1.238953,21.0,10169528880.0,0.700674,23.042662,-0.810884,-0.102369,0.298,,,,,
SD,2023,140.0,38.6,51.2,29.0,101.4,10.4,13.1,25.6,15.9,0.275714,-0.965821,0.207143,-0.230806,0.476273,-0.70708,21.0,10344667450.0,0.698951,23.059737,-0.985804,-0.019983,0.302586,,,,,
SD,2024,146.0,43.1,59.1,28.0,102.9,10.3,16.7,20.7,11.3,0.295205,-0.870235,0.191781,-0.483265,0.605331,-1.088596,21.0,10450143740.0,0.696141,23.069882,-0.885678,-0.015443,0.334406,,,,,
TN,1982,1055.0,569.4,639.8,332.0,485.6,108.7,299.9,100.3,109.1,0.539716,0.159198,0.314692,-1.014857,-0.084099,-0.930758,19.0,34793000000.0,0.520737,24.272682,0.492582,0.333384,1.109295,,,,,
TN,1983,1037.0,553.1,614.5,278.0,483.9,106.4,286.5,105.6,89.5,0.533365,0.133661,0.268081,-0.990533,0.16542,-1.155953,19.0,36261000000.0,0.52009,24.314009,0.422211,0.28855,1.050759,0.0,0.0,0.0,0.0,9.21084
TN,1984,1095.0,524.9,606.7,296.0,570.1,99.2,274.4,119.8,101.6,0.479361,-0.082604,0.27032,-1.017449,0.16478,-1.182229,19.67,36523000000.0,0.483504,24.321208,0.36268,0.445284,1.097982,0.0,0.0,0.0,0.0,9.31677
TN,1985,1101.0,474.3,559.2,264.0,626.7,99.3,224.7,158.7,119.3,0.43079,-0.278628,0.239782,-0.816621,0.285374,-1.101995,21.0,36307000000.0,0.485691,24.315276,0.267244,0.545872,1.109378,0.0,0.0,0.0,0.0,9.381938
TN,1986,1230.0,572.0,653.2,351.0,658.0,110.4,319.7,151.6,105.3,0.465041,-0.140066,0.285366,-1.063273,0.364432,-1.427705,21.0,39521000000.0,0.488652,24.400098,0.369722,0.509788,1.135352,0.0,1.0,0.0,0.0,9.443355
TN,1987,1247.0,507.6,592.1,346.0,739.4,113.3,258.3,173.7,174.7,0.407057,-0.376145,0.277466,-0.824083,-0.005741,-0.818342,21.0,42126000000.0,0.486232,24.463931,0.186444,0.562589,1.085246,0.0,1.0,1.0,0.0,9.509185
TN,1988,1266.0,532.6,636.1,346.0,733.4,105.8,272.9,157.2,162.1,0.420695,-0.319921,0.273302,-0.947555,-0.030695,-0.91686,21.0,44193000000.0,0.48528,24.511832,0.186619,0.50654,1.052466,0.0,1.0,1.0,0.0,9.580662
TN,1989,1088.0,475.3,540.3,284.0,612.7,78.4,252.6,131.6,110.4,0.436857,-0.253929,0.261029,-1.169983,0.175657,-1.34564,21.0,45639000000.0,0.485352,24.544028,0.040598,0.294528,0.868749,0.0,1.0,1.0,0.0,9.644587
TN,1990,1177.0,474.3,571.1,317.0,702.7,113.0,228.7,162.0,116.3,0.402974,-0.39309,0.269329,-0.705023,0.331423,-1.036447,21.0,46710000000.0,0.489831,24.567224,0.015297,0.408387,0.924181,0.0,1.0,1.0,0.0,9.699472
TN,1991,1113.0,470.9,563.9,324.0,642.1,95.3,258.7,146.7,128.3,0.423091,-0.310098,0.291105,-0.998639,0.134018,-1.132658,21.0,47267000000.0,0.48994,24.579078,-0.003752,0.306347,0.856417,0.0,1.0,1.0,0.0,9.739556
TN,1992,1153.0,477.0,532.8,272.0,676.0,94.0,241.9,165.0,103.1,0.413703,-0.348677,0.235906,-0.94523,0.470246,-1.415476,21.0,49994000000.0,0.452074,24.635169,-0.046972,0.301705,0.835634,0.0,1.0,1.0,0.0,9.812249
TN,1993,1170.0,435.0,512.2,295.0,735.0,85.7,209.7,145.3,137.3,0.371795,-0.524524,0.252137,-0.894825,0.056632,-0.951457,21.0,52112000000.0,0.450472,24.676661,-0.180634,0.34389,0.808779,0.0,1.0,1.0,0.0,9.859483
TN,1994,1214.0,400.0,467.8,282.0,814.0,79.1,197.1,170.9,132.9,0.329489,-0.710496,0.23229,-0.912998,0.251482,-1.16448,21.0,54524000000.0,0.451122,24.721907,-0.309762,0.400734,0.80045,0.0,1.0,1.0,0.0,9.907878
TN,1995,1259.0,438.8,498.3,283.0,820.2,92.3,210.8,202.7,138.2,0.348531,-0.625504,0.224782,-0.825866,0.383025,-1.208891,21.0,56214000000.0,0.449194,24.752432,-0.247707,0.377797,0.806322,0.0,1.0,1.0,0.0,9.957455
TN,1996,1239.0,425.8,486.2,309.0,813.2,73.5,230.6,176.5,142.4,0.343664,-0.647007,0.249395,-1.143399,0.214681,-1.35808,21.0,58435000000.0,0.451134,24.791181,-0.31653,0.330477,0.75156,0.0,1.0,1.0,0.0,9.989665
TN,1997,1225.0,419.0,476.5,274.0,806.0,76.9,213.4,177.1,148.6,0.342041,-0.654213,0.223673,-1.020662,0.175456,-1.196119,21.0,60526000000.0,0.447163,24.826339,-0.367787,0.286426,0.705038,0.0,1.0,1.0,0.0,10.030076
TN,1998,1216.0,408.0,480.9,291.0,808.0,80.2,210.0,178.8,150.0,0.335526,-0.683295,0.239309,-0.962584,0.175633,-1.138217,21.0,62562000000.0,0.449138,24.859424,-0.427476,0.255819,0.664579,,,,,
TN,1999,1302.0,432.8,494.6,283.0,869.2,91.6,219.1,179.4,130.9,0.332412,-0.697298,0.217358,-0.872097,0.315184,-1.187281,21.0,64756000000.0,0.454568,24.893892,-0.402936,0.294362,0.698445,,,,,
TN,2000,1307.0,420.3,500.8,329.0,886.7,67.1,228.9,183.9,167.1,0.321576,-0.746538,0.251721,-1.227101,0.0958,-1.322901,21.0,65732000000.0,0.463808,24.908852,-0.447202,0.299336,0.687319,,,,,
TN,2001,1251.0,441.2,510.8,293.0,809.8,86.1,209.2,167.9,150.8,0.352678,-0.607289,0.234213,-0.887781,0.107414,-0.995195,21.0,67632000000.0,0.469171,24.937347,-0.427168,0.180121,0.615032,,,,,
TN,2002,1177.0,384.9,457.0,271.0,792.1,69.0,191.1,166.0,141.9,0.327018,-0.721704,0.230246,-1.01869,0.156865,-1.175556,21.0,68229000000.0,0.470005,24.946136,-0.572471,0.149233,0.545269,,,,,
TN,2003,1193.0,370.4,413.9,245.0,822.6,83.2,163.9,167.8,132.1,0.310478,-0.797887,0.205365,-0.678009,0.239214,-0.917223,21.0,69154000000.0,0.429144,24.959602,-0.624337,0.173549,0.545305,,,,,
TN,2004,1339.0,440.7,511.0,311.0,898.3,83.5,205.7,188.5,171.3,0.329126,-0.71214,0.232263,-0.901572,0.095682,-0.997254,21.0,70943000000.0,0.417377,24.985143,-0.476097,0.236042,0.635217,,,,,
TN,2005,1270.0,376.6,444.7,251.0,893.4,76.1,169.5,194.9,153.5,0.296535,-0.863851,0.197638,-0.800805,0.238786,-1.039591,21.0,70814000000.0,0.41263,24.983323,-0.631458,0.232393,0.58413,,,,,
TN,2006,1284.0,414.2,485.8,295.0,869.8,86.2,201.7,186.8,169.3,0.322586,-0.741914,0.229751,-0.850111,0.098366,-0.948478,21.0,70596000000.0,0.409414,24.980239,-0.53321,0.208705,0.598177,,,,,
TN,2007,1211.0,377.7,444.7,280.0,833.3,76.9,187.5,179.1,155.5,0.311891,-0.791293,0.231214,-0.891273,0.141299,-1.032572,21.0,71179000000.0,0.408842,24.988464,-0.633683,0.157611,0.531419,,,,,
TN,2008,1043.0,305.9,375.3,247.0,737.1,71.9,153.6,162.1,140.4,0.293289,-0.879465,0.236817,-0.759076,0.143718,-0.902793,21.0,69469000000.0,0.402842,24.964146,-0.820207,0.059258,0.406391,,,,,
TN,2009,986.0,299.8,349.2,250.0,686.2,66.9,148.5,156.1,107.5,0.304057,-0.828054,0.25355,-0.797386,0.373006,-1.170392,21.0,70226000000.0,0.40035,24.974984,-0.851188,-0.023135,0.339353,,,,,
TN,2010,1032.0,289.2,347.8,217.0,742.8,70.7,138.7,138.3,119.3,0.280233,-0.943308,0.210271,-0.673868,0.147784,-0.821652,21.0,70438824331.4,0.403359,24.97801,-0.890211,0.053097,0.381924,,,,,
TN,2011,937.0,259.2,313.2,213.0,677.8,46.7,118.3,149.3,105.7,0.276628,-0.961252,0.227321,-0.92948,0.345353,-1.274832,21.0,70751103870.1,0.39865,24.982434,-1.004153,-0.042901,0.28093,,,,,
TN,2012,1015.0,285.5,341.3,211.0,729.5,70.1,126.5,171.9,113.5,0.281281,-0.938117,0.207882,-0.59032,0.41511,-1.00543,21.0,71166871193.16,0.396412,24.988293,-0.91337,0.024747,0.355031,,,,,
TN,2013,995.0,284.3,336.9,190.0,710.7,54.5,131.1,166.5,113.9,0.285729,-0.91622,0.190955,-0.87776,0.379674,-1.257434,21.0,71067043614.2,0.393107,24.98689,-0.916179,4.2e-05,0.336534,,,,,
TN,2014,963.0,273.4,319.0,213.0,689.6,49.2,135.8,164.8,117.2,0.283904,-0.925176,0.221184,-1.01529,0.340851,-1.35614,21.0,72335754264.95,0.35081,25.004584,-0.972968,-0.047792,0.28615,,,,,
TN,2015,958.0,253.0,301.1,199.0,705.0,49.9,121.8,161.1,115.2,0.264092,-1.024808,0.207724,-0.892359,0.335356,-1.227715,21.0,76670318405.25,0.332161,25.06278,-1.10871,-0.083902,0.222748,,,,,
TN,2016,1037.0,226.7,286.0,186.0,810.3,47.7,90.9,166.3,147.1,0.218611,-1.273777,0.179364,-0.644829,0.122681,-0.767509,21.0,76883747376.66,0.319264,25.06556,-1.221252,0.052525,0.299208,,,,,
TN,2017,1024.0,252.1,308.9,219.0,771.9,54.9,116.5,160.1,146.5,0.246191,-1.119029,0.213867,-0.752378,0.088773,-0.841151,21.0,82253263968.8,0.308479,25.133069,-1.182562,-0.063533,0.219084,,,,,
TN,2018,1040.0,243.4,278.6,182.0,796.6,57.8,104.5,199.2,141.5,0.234038,-1.185646,0.175,-0.592198,0.34201,-0.934208,21.0,81321490967.75,0.318392,25.121676,-1.206289,-0.020643,0.245981,,,,,
TN,2019,1136.0,288.6,337.8,268.0,847.4,62.0,139.3,192.0,145.7,0.254049,-1.077131,0.235915,-0.809495,0.275946,-1.085441,21.0,82891770859.6,0.315881,25.140802,-1.055079,0.022052,0.315148,,,,,
TN,2020,1217.0,325.3,379.0,256.0,891.7,76.2,142.7,217.8,181.3,0.267297,-1.008382,0.210353,-0.627383,0.183424,-0.810807,21.0,76392474940.0,0.326674,25.05915,-0.853721,0.15466,0.465675,,,,,
TN,2021,1327.0,350.4,412.0,253.0,976.6,78.7,150.4,223.3,191.6,0.264054,-1.025002,0.190656,-0.647655,0.153106,-0.800762,21.0,82595592500.0,0.325545,25.137222,-0.857466,0.167536,0.474135,,,,,
TN,2022,1313.0,361.1,432.6,270.0,951.9,88.3,156.4,221.7,173.6,0.275019,-0.969305,0.205636,-0.571677,0.244571,-0.816248,21.0,83218639250.0,0.323253,25.144737,-0.834902,0.134404,0.456013,,,,,
TN,2023,1323.0,370.3,428.5,273.0,952.7,84.2,177.3,229.8,209.7,0.279894,-0.944987,0.206349,-0.744648,0.091531,-0.83618,21.0,83404980500.0,0.332018,25.146974,-0.81198,0.133007,0.461364,,,,,
TN,2024,1197.0,332.3,378.7,235.0,864.7,56.6,163.5,189.4,152.5,0.277611,-0.956344,0.196324,-1.060804,0.216697,-1.277501,21.0,78904423520.0,0.375735,25.091503,-0.864784,0.09156,0.416751,,,,,
TX,1982,4213.0,2358.0,2605.2,1401.0,1855.0,466.0,1294.9,410.0,467.1,0.559696,0.239929,0.332542,-1.022003,-0.130386,-0.891617,19.0,125218000000.0,0.377078,25.553322,0.632928,0.392999,1.213289,,,,,
TX,1983,3823.0,2139.7,2342.3,1161.0,1683.3,376.8,1160.1,371.2,391.9,0.559691,0.239909,0.303688,-1.124547,-0.054266,-1.070281,19.0,131883000000.0,0.379981,25.605181,0.483921,0.244011,1.06429,0.0,0.0,0.0,0.0,9.409683
TX,1984,3912.0,2059.6,2295.1,1194.0,1852.4,413.2,1081.7,393.8,403.3,0.526483,0.10603,0.305215,-0.962357,-0.023838,-0.93852,19.0,137737000000.0,0.383601,25.648612,0.402336,0.296306,1.043873,0.0,0.0,0.0,0.0,9.490015
TX,1985,3678.0,1841.8,2093.2,1122.0,1836.2,367.0,1002.1,403.0,437.9,0.500761,0.003045,0.305057,-1.004491,-0.083054,-0.921437,19.0,143263000000.0,0.371191,25.687948,0.251231,0.248186,0.942857,0.0,0.0,0.0,0.0,9.545383
TX,1986,3567.0,1762.7,2044.9,1108.0,1804.3,349.5,964.5,411.5,430.5,0.494169,-0.023326,0.310625,-1.015106,-0.045138,-0.969968,19.67,148348000000.0,0.349691,25.722827,0.172456,0.195782,0.877334,1.0,0.0,0.0,0.0,9.544811
TX,1987,3260.0,1552.8,1813.3,961.0,1707.2,289.5,842.5,381.5,374.5,0.476319,-0.094795,0.294785,-1.068218,0.018519,-1.086737,21.0,151186000000.0,0.347354,25.741777,0.026719,0.121514,0.768387,1.0,0.0,1.0,0.0,9.565704
TX,1988,3392.0,1618.4,1862.7,1016.0,1773.6,303.4,912.1,384.6,370.9,0.477123,-0.091573,0.299528,-1.100698,0.036271,-1.136969,21.0,156458000000.0,0.343313,25.776053,0.033821,0.125394,0.773802,1.0,0.0,1.0,0.0,9.623641
TX,1989,3370.0,1550.7,1750.1,993.0,1819.3,291.7,896.4,408.3,404.6,0.460148,-0.159745,0.294659,-1.122661,0.009103,-1.131764,21.0,159512000000.0,0.336608,25.795385,-0.028243,0.131503,0.747964,1.0,0.0,1.0,0.0,9.687195
TX,1990,3250.0,1605.2,1834.6,1050.0,1644.8,282.4,930.3,347.6,402.7,0.493908,-0.02437,0.323077,-1.192183,-0.147139,-1.045043,21.0,156578000000.0,0.349104,25.77682,0.024864,0.049235,0.730271,1.0,0.0,1.0,0.0,9.757884
TX,1991,3078.0,1428.4,1648.8,963.0,1649.6,284.9,831.6,367.1,395.4,0.464068,-0.143978,0.312865,-1.071213,-0.074264,-0.99695,21.0,158756000000.0,0.349776,25.790634,-0.105643,0.038335,0.662082,1.0,0.0,1.0,0.0,9.797293
TX,1992,3059.0,1431.2,1633.5,905.0,1627.8,263.2,818.3,398.8,357.7,0.467865,-0.128716,0.295848,-1.134315,0.108765,-1.24308,21.0,163329000000.0,0.350017,25.819032,-0.132083,-0.003367,0.627492,1.0,0.0,1.0,0.0,9.846176
TX,1993,3043.0,1407.6,1588.8,851.0,1635.4,253.7,784.5,365.3,345.5,0.46257,-0.150001,0.279658,-1.128894,0.055726,-1.18462,21.0,167611000000.0,0.325486,25.844912,-0.17459,-0.024588,0.596368,1.0,0.0,1.0,0.0,9.883591
TX,1994,3187.0,1411.8,1585.6,848.0,1775.2,231.7,789.7,386.3,334.3,0.442987,-0.229048,0.266081,-1.22621,0.144575,-1.370785,21.0,178348000000.0,0.319073,25.907003,-0.233701,-0.004653,0.580514,1.0,0.0,1.0,0.0,9.918967
TX,1995,3183.0,1387.6,1603.2,904.0,1795.4,238.7,740.6,400.3,360.4,0.435941,-0.257652,0.284009,-1.132253,0.105,-1.237253,21.0,181096000000.0,0.310708,25.922293,-0.266281,-0.008629,0.563967,1.0,0.0,1.0,0.0,9.967401
TX,1996,3742.0,1571.1,1800.4,1033.0,2170.9,291.8,847.6,520.2,442.4,0.419856,-0.323366,0.276056,-1.06634,0.161999,-1.228339,21.0,185386000000.0,0.311652,25.945706,-0.165494,0.157872,0.70235,1.0,0.0,1.0,0.0,10.014358
TX,1997,3513.0,1348.0,1538.2,872.0,2165.0,260.8,708.1,481.2,419.9,0.383718,-0.473798,0.248221,-0.998831,0.136266,-1.135098,21.0,198702000000.0,0.326821,26.015072,-0.388014,0.085784,0.569834,1.0,0.0,1.0,0.0,10.073526
TX,1998,3586.0,1400.5,1594.3,900.0,2185.5,265.2,764.9,495.8,422.1,0.390547,-0.445015,0.250976,-1.059261,0.16093,-1.220191,21.0,206023000000.0,0.330351,26.051254,-0.385988,0.059027,0.55422,,,,,
TX,1999,3522.0,1312.0,1533.4,872.0,2210.0,260.8,685.6,501.2,418.4,0.372516,-0.52144,0.247587,-0.966541,0.180567,-1.147108,21.0,210874000000.0,0.333725,26.074527,-0.474538,0.046902,0.512938,,,,,
TX,2000,3779.0,1501.7,1702.9,909.0,2277.3,276.7,825.8,529.3,422.2,0.39738,-0.416393,0.24054,-1.093419,0.226076,-1.319495,21.0,220064000000.0,0.336275,26.117184,-0.38215,0.034242,0.540711,,,,,
TX,2001,3736.0,1439.1,1660.9,917.0,2296.9,245.9,787.0,487.1,445.0,0.385198,-0.467542,0.24545,-1.163303,0.090395,-1.253698,21.0,216269000000.0,0.350984,26.099789,-0.407335,0.060208,0.546663,,,,,
TX,2002,3823.0,1463.5,1660.9,993.0,2359.5,216.4,852.4,497.6,466.6,0.382815,-0.477619,0.259744,-1.370927,0.064324,-1.435252,21.0,221026000000.0,0.353963,26.121546,-0.412279,0.06534,0.547925,,,,,
TX,2003,3821.0,1406.4,1629.5,945.0,2414.6,222.0,835.9,488.0,493.1,0.368071,-0.5405,0.247317,-1.325832,-0.010397,-1.315435,21.0,223418000000.0,0.352514,26.13231,-0.462841,0.077659,0.536638,,,,,
TX,2004,3699.0,1336.2,1552.0,874.0,2362.8,231.5,750.6,540.5,483.4,0.361233,-0.570018,0.23628,-1.176293,0.11165,-1.287943,21.0,231008000000.0,0.355343,26.165718,-0.547452,0.022565,0.47078,,,,,
TX,2005,3536.0,1320.2,1525.3,849.0,2215.8,239.9,709.0,476.1,447.0,0.37336,-0.51783,0.240102,-1.083633,0.063069,-1.146703,21.0,235170000000.0,0.355522,26.183574,-0.577355,-0.059525,0.407858,,,,,
TX,2006,3531.0,1402.5,1609.8,895.0,2128.5,232.0,750.7,466.0,455.3,0.397196,-0.417161,0.253469,-1.174269,0.023229,-1.197498,21.0,238256000000.0,0.354245,26.196612,-0.529919,-0.112758,0.393406,,,,,
TX,2007,3466.0,1333.5,1539.8,895.0,2132.5,226.5,769.4,501.5,442.6,0.384737,-0.469488,0.258223,-1.222866,0.124937,-1.347803,21.0,243443000000.0,0.353126,26.218149,-0.601906,-0.132418,0.353289,,,,,
TX,2008,3476.0,1313.6,1522.0,929.0,2162.4,210.9,760.0,491.1,489.0,0.377906,-0.498447,0.267261,-1.281934,0.004285,-1.28622,21.0,235382000000.0,0.299709,26.184476,-0.583268,-0.084821,0.389843,,,,,
TX,2009,3104.0,1252.9,1465.8,856.0,1851.1,214.5,723.3,418.5,397.7,0.40364,-0.390319,0.275773,-1.215514,0.050979,-1.266493,21.0,229984197776.4,0.293549,26.161276,-0.60738,-0.21706,0.299851,,,,,
TX,2010,3023.0,1272.3,1465.3,810.0,1750.7,197.3,738.5,377.7,368.5,0.420873,-0.319189,0.267946,-1.319896,0.02466,-1.344555,21.0,234015906037.55,0.294956,26.178655,-0.609393,-0.290203,0.256031,,,,,
TX,2011,3054.0,1215.9,1398.3,827.0,1838.1,175.8,713.2,411.2,411.8,0.398134,-0.413248,0.270792,-1.400415,-0.001458,-1.398957,21.0,237439891087.59,0.295178,26.19318,-0.66926,-0.256012,0.251708,,,,,
TX,2012,3408.0,1289.8,1500.4,893.0,2118.2,207.7,732.2,443.3,493.8,0.378462,-0.49608,0.262031,-1.259959,-0.107884,-1.152075,21.0,237835822756.37,0.297828,26.194846,-0.611923,-0.115844,0.359715,,,,,
TX,2013,3389.0,1327.0,1535.4,846.0,2062.0,203.4,726.0,398.6,444.0,0.391561,-0.440756,0.249631,-1.272376,-0.107866,-1.164509,21.0,244524882871.78998,0.310089,26.222583,-0.611226,-0.170471,0.326388,,,,,
TX,2014,3536.0,1445.5,1675.4,886.0,2090.5,270.7,759.7,428.3,465.3,0.408795,-0.368948,0.250566,-1.031912,-0.082858,-0.949054,21.0,243075845834.02,0.27933,26.216639,-0.519748,-0.1508,0.374793,,,,,
TX,2015,3516.0,1326.1,1556.0,833.0,2189.9,259.7,671.3,438.3,509.7,0.377162,-0.501614,0.236917,-0.949689,-0.150919,-0.79877,21.0,258122309171.87,0.266887,26.276699,-0.666021,-0.164407,0.309061,,,,,
TX,2016,3797.0,1481.8,1736.3,957.0,2315.2,274.7,786.4,458.3,570.6,0.390255,-0.446239,0.252041,-1.051786,-0.219164,-0.832622,21.0,271262838263.55,0.262278,26.326354,-0.60466,-0.158422,0.336293,,,,,
TX,2017,3732.0,1462.5,1703.1,854.0,2269.5,345.3,707.4,488.7,488.6,0.391881,-0.439412,0.228832,-0.717183,0.000205,-0.717387,21.0,272980907045.5,0.267021,26.332668,-0.624084,-0.184672,0.312713,,,,,
TX,2018,3648.0,1471.0,1694.8,904.0,2177.0,324.5,746.0,485.5,495.0,0.403235,-0.392005,0.247807,-0.83244,-0.019378,-0.813062,21.0,282037265101.35,0.272116,26.365305,-0.650927,-0.258921,0.25731,,,,,
TX,2019,3619.0,1338.7,1561.2,845.0,2280.3,269.1,688.5,513.9,540.5,0.369909,-0.532608,0.23349,-0.939432,-0.050466,-0.888966,21.0,288227235544.53,0.272789,26.387015,-0.76688,-0.234272,0.227619,,,,,
TX,2020,3876.0,1535.8,1773.5,968.0,2340.2,327.2,742.0,547.8,555.0,0.396233,-0.421185,0.249742,-0.818778,-0.013058,-0.80572,21.0,260581955440.0,0.275083,26.286183,-0.528696,-0.107511,0.397056,,,,,
TX,2021,4500.0,1927.3,2190.7,1156.0,2572.7,408.5,963.1,549.5,661.9,0.428289,-0.288836,0.256889,-0.857665,-0.186106,-0.67156,21.0,285027661290.0,0.277811,26.375852,-0.391296,-0.10246,0.456661,,,,,
TX,2022,4408.0,1881.5,2172.2,1081.0,2526.5,381.8,983.1,551.2,644.9,0.426838,-0.294766,0.245236,-0.945814,-0.156998,-0.788816,21.0,290890077820.0,0.272696,26.396211,-0.435706,-0.14094,0.415646,,,,,
TX,2023,4294.0,1678.9,1934.3,1028.0,2615.1,370.4,838.8,586.6,631.2,0.390987,-0.443164,0.239404,-0.817389,-0.07328,-0.744109,21.0,300338034480.0,0.264885,26.428174,-0.5816,-0.138436,0.35748,,,,,
TX,2024,4160.0,1681.2,1918.8,1006.0,2478.8,356.5,848.5,588.5,622.5,0.404135,-0.388267,0.241827,-0.867136,-0.056167,-0.810969,21.0,308460735250.0,0.268097,26.45486,-0.606917,-0.21865,0.299091,,,,,
UT,1982,295.0,94.7,110.8,69.0,200.3,16.9,56.1,42.1,41.9,0.321017,-0.749102,0.233898,-1.199822,0.004762,-1.204584,21.0,10925000000.0,0.399908,23.11432,-0.142925,0.606177,0.993337,,,,,
UT,1983,283.0,76.0,96.0,74.0,207.0,12.1,39.2,50.9,37.8,0.268551,-1.001985,0.261484,-1.175471,0.297554,-1.473025,21.0,11221000000.0,0.386686,23.141053,-0.389639,0.612347,0.925075,0.0,0.0,0.0,1.0,9.167642
UT,1984,315.0,110.0,127.7,92.0,205.0,17.1,53.2,53.9,39.8,0.349206,-0.62253,0.292063,-1.13498,0.303264,-1.438243,21.0,11661000000.0,0.398165,23.179516,-0.058355,0.564175,0.993738,0.0,0.0,0.0,1.0,9.252346
UT,1985,303.0,94.8,108.0,65.0,208.2,19.7,48.7,55.3,34.3,0.312871,-0.78673,0.214521,-0.90506,0.477628,-1.382688,21.0,12037000000.0,0.391626,23.211251,-0.238801,0.547929,0.923162,0.0,0.0,0.0,1.0,9.307195
UT,1986,313.0,94.0,108.8,81.0,219.0,19.8,48.6,39.2,37.4,0.300319,-0.845777,0.258786,-0.897942,0.047006,-0.944948,21.0,12246000000.0,0.383309,23.228465,-0.26449,0.581287,0.938419,0.0,1.0,0.0,1.0,9.339613
UT,1987,297.0,74.8,86.2,71.0,222.2,13.9,43.2,61.1,35.8,0.251852,-1.08876,0.239057,-1.133952,0.534564,-1.668516,21.0,12679000000.0,0.380077,23.263213,-0.527714,0.561046,0.8512,0.0,1.0,1.0,1.0,9.381095
UT,1988,297.0,94.7,113.0,67.0,202.3,26.0,39.2,46.0,32.8,0.318855,-0.759038,0.225589,-0.41058,0.338213,-0.748793,21.0,13263000000.0,0.382342,23.308244,-0.336849,0.422188,0.806169,0.0,1.0,1.0,1.0,9.429476
UT,1989,303.0,74.9,83.8,65.0,228.1,12.0,38.2,52.0,42.8,0.247195,-1.11363,0.214521,-1.157929,0.194706,-1.352634,21.0,13915000000.0,0.386346,23.356233,-0.619399,0.494232,0.77818,0.0,1.0,1.0,1.0,9.490847
UT,1990,272.0,57.1,66.3,56.0,214.9,14.3,24.1,49.7,40.9,0.209926,-1.325369,0.205882,-0.521952,0.194875,-0.716827,21.0,14646000000.0,0.38857,23.407433,-0.941948,0.38342,0.61905,0.0,1.0,1.0,1.0,9.561983
UT,1991,271.0,65.2,81.0,64.0,205.8,18.2,30.7,51.8,39.3,0.24059,-1.149445,0.236162,-0.522841,0.276166,-0.799007,21.0,15391000000.0,0.387889,23.457049,-0.858909,0.290537,0.565751,0.0,1.0,1.0,1.0,9.606092
UT,1992,269.0,60.3,75.9,63.0,208.7,9.5,33.3,50.5,39.7,0.224164,-1.241566,0.234201,-1.254266,0.240622,-1.494888,21.0,16307000000.0,0.364383,23.51486,-0.994847,0.246718,0.500532,0.0,1.0,1.0,1.0,9.652523
UT,1993,303.0,63.7,79.7,58.0,239.3,13.1,30.0,59.9,45.0,0.210231,-1.323533,0.191419,-0.828585,0.286014,-1.114599,21.0,17056000000.0,0.365326,23.559768,-0.984903,0.338631,0.574646,0.0,1.0,1.0,1.0,9.702533
UT,1994,343.0,69.4,87.4,82.0,273.6,14.7,36.2,48.3,55.8,0.202332,-1.37178,0.239067,-0.901212,-0.144342,-0.756869,21.0,18078000000.0,0.366246,23.617962,-0.957394,0.414386,0.64045,0.0,1.0,1.0,1.0,9.741204
UT,1995,325.0,72.4,82.0,61.0,252.6,13.8,29.8,62.2,39.2,0.222769,-1.249601,0.187692,-0.76984,0.461678,-1.231518,21.0,18781000000.0,0.370694,23.656112,-0.953225,0.296376,0.548394,0.0,1.0,1.0,1.0,9.801123
UT,1996,321.0,65.2,79.9,65.0,255.8,14.7,28.9,58.3,38.1,0.203115,-1.366936,0.202492,-0.675994,0.425388,-1.101382,21.0,19539000000.0,0.374994,23.695678,-1.097538,0.269398,0.496444,0.0,1.0,1.0,1.0,9.863394
UT,1997,366.0,57.6,74.0,58.0,308.4,12.6,13.5,78.4,62.5,0.157377,-1.677875,0.15847,-0.068993,0.226657,-0.29565,21.0,20444000000.0,0.374095,23.740955,-1.266752,0.411123,0.582359,0.0,1.0,1.0,1.0,9.912695
UT,1998,350.0,46.8,55.0,57.0,303.2,9.6,19.2,78.4,45.8,0.133714,-1.868509,0.162857,-0.693147,0.53754,-1.230687,21.0,21270000000.0,0.37922,23.780563,-1.514,0.35451,0.49805,,,,,
UT,1999,360.0,68.0,82.8,75.0,292.0,12.3,32.3,60.7,45.7,0.188889,-1.457246,0.208333,-0.965468,0.283845,-1.249313,21.0,22043000000.0,0.377943,23.816261,-1.176072,0.281174,0.490524,,,,,
UT,2000,373.0,83.9,99.3,60.0,289.1,12.9,42.3,61.1,53.7,0.224933,-1.237147,0.160858,-1.18756,0.129099,-1.316659,21.0,22597000000.0,0.379918,23.841083,-0.990777,0.24637,0.501176,,,,,
UT,2001,291.0,50.9,64.9,53.0,240.1,15.0,15.1,49.0,46.9,0.174914,-1.551193,0.182131,-0.006645,0.043803,-0.050447,21.0,23452000000.0,0.378859,23.878222,-1.527678,0.023515,0.215782,,,,,
UT,2002,328.0,62.8,69.2,50.0,265.2,14.3,25.5,58.7,53.5,0.191463,-1.440529,0.152439,-0.578419,0.092758,-0.671177,21.0,24564000000.0,0.375753,23.924548,-1.363912,0.076617,0.289147,,,,,
UT,2003,309.0,36.3,44.1,45.0,272.7,12.1,11.6,57.9,40.4,0.117476,-2.016555,0.145631,0.0422,0.359888,-0.317687,21.0,24029000000.0,0.363228,23.902527,-1.890029,0.126526,0.251495,,,,,
UT,2004,296.0,67.2,69.8,55.0,228.8,20.3,23.6,53.7,37.4,0.227027,-1.225175,0.185811,-0.150626,0.361742,-0.512368,21.0,24696000000.0,0.296404,23.929907,-1.301553,-0.076378,0.181133,,,,,
UT,2005,282.0,33.2,37.6,37.0,248.8,4.7,8.6,47.3,49.4,0.11773,-2.014099,0.131206,-0.6042,-0.04344,-0.56076,21.0,25158000000.0,0.297758,23.948442,-2.025211,-0.011112,0.114146,,,,,
UT,2006,287.0,55.0,64.4,42.0,232.0,8.2,29.5,53.8,37.5,0.191638,-1.439404,0.146341,-1.280256,0.360933,-1.641189,21.0,25964000000.0,0.309505,23.979977,-1.551963,-0.112559,0.100186,,,,,
UT,2007,299.0,55.6,65.8,67.0,243.4,10.2,28.3,44.8,58.7,0.185953,-1.476523,0.22408,-1.020474,-0.270232,-0.750242,21.0,26832000000.0,0.301282,24.012861,-1.573997,-0.097474,0.108263,,,,,
UT,2008,276.0,49.0,56.4,48.0,227.0,8.8,21.1,55.2,28.9,0.177536,-1.53313,0.173913,-0.874521,0.647121,-1.521643,21.0,25974000000.0,0.301917,23.980362,-1.667861,-0.134731,0.06072,,,,,
UT,2009,244.0,41.2,58.5,42.0,202.8,9.2,18.8,57.8,34.2,0.168852,-1.593782,0.172131,-0.714653,0.524763,-1.239417,21.0,26264000000.0,0.302505,23.991465,-1.852346,-0.258564,-0.073616,,,,,
UT,2010,253.0,46.1,50.4,41.0,206.9,7.3,19.4,40.7,27.6,0.182213,-1.501423,0.162055,-0.977399,0.388412,-1.365811,21.0,26585222151.3,0.301012,24.003621,-1.752128,-0.250705,-0.049551,,,,,
UT,2011,243.0,53.7,62.3,46.0,189.3,12.2,25.5,46.8,32.5,0.220988,-1.25992,0.1893,-0.737243,0.364643,-1.101886,21.0,26221626339.52,0.296196,23.98985,-1.585757,-0.325837,-0.076108,,,,,
UT,2012,217.0,31.9,40.2,47.0,185.1,7.4,14.5,54.6,34.5,0.147005,-1.75829,0.21659,-0.672669,0.459075,-1.131743,21.0,26527834363.21,0.30177,24.00146,-2.118174,-0.359883,-0.200882,,,,,
UT,2013,220.0,37.1,43.0,37.0,182.9,9.2,14.2,45.8,23.8,0.168636,-1.595323,0.168182,-0.434038,0.654599,-1.088637,21.0,27005476071.41,0.268388,24.019305,-1.985008,-0.389685,-0.204997,,,,,
UT,2014,256.0,57.0,62.8,45.0,199.0,12.4,24.0,36.6,33.0,0.222656,-1.250254,0.175781,-0.660357,0.103541,-0.763898,21.0,27554419299.91,0.265777,24.039429,-1.575697,-0.325443,-0.073571,,,,,
UT,2015,276.0,43.1,53.0,44.0,232.9,5.0,22.4,64.0,42.6,0.156159,-1.687086,0.15942,-1.499623,0.407029,-1.906652,21.0,29603663493.75,0.279934,24.111164,-1.92696,-0.239874,-0.070082,,,,,
UT,2016,281.0,52.7,59.4,44.0,228.3,8.4,25.2,58.6,38.8,0.187544,-1.466045,0.156584,-1.098612,0.412314,-1.510927,21.0,31448897057.510002,0.264228,24.17163,-1.786334,-0.320288,-0.112594,,,,,
UT,2017,273.0,52.0,60.0,44.0,221.0,16.4,16.4,44.6,36.6,0.190476,-1.446919,0.161172,0.0,0.197686,-0.197686,21.0,31475025711.010002,0.278141,24.17246,-1.800536,-0.353617,-0.142308,,,,,
UT,2018,260.0,61.6,70.9,50.0,198.4,7.4,28.7,50.6,30.3,0.236923,-1.169623,0.192308,-1.355417,0.512804,-1.868221,21.0,32069287913.53,0.278016,24.191165,-1.649822,-0.480199,-0.209802,,,,,
UT,2019,248.0,38.1,48.7,40.0,209.9,3.1,17.6,40.9,29.4,0.153629,-1.706417,0.16129,-1.736497,0.330135,-2.066632,21.0,32910675124.48,0.270062,24.217063,-2.156168,-0.449751,-0.282953,,,,,
UT,2020,276.0,60.1,72.1,52.0,215.9,12.9,26.2,48.1,41.8,0.217754,-1.278805,0.188406,-0.708532,0.140386,-0.848918,21.0,30251183460.0,0.290122,24.132801,-1.616111,-0.337305,-0.09172,,,,,
UT,2021,332.0,77.9,89.0,67.0,254.1,23.6,27.3,47.4,48.7,0.234639,-1.182302,0.201807,-0.14564,-0.027057,-0.118583,21.0,33637947020.0,0.292323,24.238921,-1.462814,-0.280512,-0.013105,,,,,
UT,2022,319.0,72.7,89.2,67.0,246.3,16.9,31.7,54.1,43.3,0.2279,-1.220209,0.210031,-0.629003,0.222682,-0.851685,21.0,34336151080.0,0.287217,24.259465,-1.552442,-0.332234,-0.073593,,,,,
UT,2023,280.0,63.1,71.6,46.0,216.9,13.3,27.2,54.7,39.8,0.225357,-1.234716,0.164286,-0.715453,0.317997,-1.03345,21.0,34584232860.0,0.287033,24.266664,-1.701262,-0.466547,-0.211193,,,,,
UT,2024,277.0,73.2,80.6,53.0,203.8,20.4,29.0,50.6,45.0,0.26426,-1.023944,0.191336,-0.351761,0.117289,-0.46905,21.0,36160233140.0,0.282067,24.311226,-1.59735,-0.573406,-0.266528,,,,,
VA,1982,881.0,396.7,450.8,271.0,484.3,66.9,214.7,117.1,119.3,0.450284,-0.199524,0.307605,-1.166043,-0.018613,-1.14743,21.0,41430000000.0,0.509703,24.447271,-0.04341,0.156114,0.754467,,,,,
VA,1983,901.0,422.1,476.7,282.0,478.9,88.2,213.9,122.8,108.1,0.468479,-0.12625,0.312986,-0.885902,0.1275,-1.013402,21.0,42299000000.0,0.510461,24.468029,-0.002106,0.124143,0.756157,0.0,0.0,0.0,0.0,9.440579
VA,1984,1013.0,450.7,515.9,314.0,562.3,96.7,246.2,132.3,130.8,0.444916,-0.221234,0.30997,-0.934531,0.011403,-0.945933,21.0,44527000000.0,0.508725,24.519362,0.012121,0.233355,0.821991,0.0,0.0,0.0,0.0,9.541513
VA,1985,976.0,391.9,450.4,285.0,584.1,80.2,201.4,135.8,116.6,0.401537,-0.399065,0.292008,-0.920769,0.152434,-1.073203,21.0,47928000000.0,0.478259,24.592966,-0.201278,0.197787,0.711178,0.0,0.0,0.0,0.0,9.609519
VA,1986,1126.0,470.4,559.1,362.0,655.6,68.1,275.4,152.9,145.6,0.417762,-0.331967,0.321492,-1.397247,0.048921,-1.446168,21.0,51726000000.0,0.465433,24.669226,-0.094962,0.237005,0.777881,0.0,0.0,0.0,0.0,9.670104
VA,1987,1021.0,421.3,493.4,285.0,599.7,90.3,205.2,127.7,122.8,0.412635,-0.353084,0.279138,-0.820848,0.039127,-0.859974,21.0,54834000000.0,0.457618,24.727576,-0.26355,0.089534,0.621642,0.0,0.0,0.0,0.0,9.734122
VA,1988,1072.0,397.1,470.7,284.0,674.9,91.2,199.7,144.8,155.3,0.370429,-0.530376,0.264925,-0.783761,-0.070005,-0.713756,21.0,57453000000.0,0.462709,24.774233,-0.369364,0.161012,0.623729,0.0,1.0,1.0,0.0,9.801676
VA,1989,1004.0,364.7,421.0,289.0,639.3,59.2,209.4,158.8,117.6,0.363247,-0.561299,0.287849,-1.263325,0.300357,-1.563681,21.0,59337000000.0,0.463471,24.806499,-0.486743,0.074556,0.525929,0.0,1.0,1.0,0.0,9.864955
VA,1990,1079.0,423.0,500.2,315.0,656.0,62.7,231.7,123.3,146.3,0.39203,-0.438789,0.291937,-1.307082,-0.171039,-1.136043,21.0,60178000000.0,0.466267,24.820573,-0.35252,0.086269,0.583898,0.0,1.0,1.0,0.0,9.904537
VA,1991,948.0,343.4,391.5,278.0,604.6,68.4,196.4,127.6,120.6,0.362236,-0.565671,0.293249,-1.054781,0.056421,-1.111202,21.0,61099000000.0,0.469238,24.835761,-0.576185,-0.010514,0.439274,0.0,1.0,1.0,0.0,9.928083
VA,1992,839.0,293.9,337.7,234.0,545.1,59.4,157.1,107.6,112.9,0.350298,-0.61773,0.278903,-0.972588,-0.048082,-0.924506,21.0,63447000000.0,0.469211,24.873471,-0.76955,-0.151821,0.279421,0.0,1.0,1.0,0.0,9.965523
VA,1993,879.0,307.1,362.2,227.0,571.9,62.3,165.8,122.7,108.2,0.349374,-0.621791,0.258248,-0.978821,0.125761,-1.104582,21.0,65421000000.0,0.465233,24.904109,-0.756255,-0.134464,0.295356,0.0,1.0,1.0,0.0,10.004825
VA,1994,930.0,310.4,352.3,225.0,619.6,73.1,157.6,145.9,113.4,0.333763,-0.691212,0.241935,-0.768232,0.252,-1.020232,21.0,67609000000.0,0.431806,24.937007,-0.778464,-0.087252,0.318858,0.0,1.0,1.0,1.0,10.044596
VA,1995,900.0,283.0,339.0,240.0,617.0,54.0,144.9,136.0,130.1,0.314444,-0.779422,0.266667,-0.98706,0.044352,-1.031411,21.0,69811000000.0,0.435418,24.969057,-0.90293,-0.123508,0.254018,0.0,1.0,1.0,1.0,10.083431
VA,1996,877.0,274.9,317.5,215.0,602.1,60.5,149.8,127.5,115.2,0.313455,-0.784016,0.245154,-0.906658,0.101447,-1.008104,21.0,71302000000.0,0.439385,24.99019,-0.953102,-0.169086,0.206998,0.0,1.0,1.0,1.0,10.124629
VA,1997,984.0,312.0,369.6,246.0,672.0,64.1,163.5,156.9,114.5,0.317073,-0.767255,0.25,-0.936369,0.315034,-1.251402,21.0,70320000000.0,0.442961,24.976322,-0.812638,-0.045383,0.335985,0.0,1.0,1.0,1.0,10.170035
VA,1998,935.0,265.9,319.5,217.0,669.1,67.8,134.1,153.2,116.9,0.284385,-0.922813,0.232086,-0.682024,0.270425,-0.952449,21.0,72679000000.0,0.432546,25.009318,-1.005517,-0.082704,0.251909,,,,,
VA,1999,878.0,255.3,310.7,243.0,622.7,46.5,130.7,133.5,128.3,0.290774,-0.891626,0.276765,-1.033452,0.03973,-1.073183,21.0,73908000000.0,0.424095,25.026087,-1.062967,-0.171341,0.17224,,,,,
VA,2000,929.0,282.0,334.8,221.0,647.0,53.4,150.5,140.6,134.5,0.303552,-0.830439,0.23789,-1.036152,0.044355,-1.080507,21.0,74801000000.0,0.431171,25.038097,-0.975509,-0.14507,0.216692,,,,,
VA,2001,935.0,269.4,316.0,235.0,665.6,60.3,139.5,149.7,114.5,0.288128,-0.904492,0.251337,-0.838732,0.268058,-1.106791,21.0,73745000000.0,0.439691,25.023879,-1.007001,-0.102509,0.237348,,,,,
VA,2002,914.0,293.6,345.4,267.0,620.4,51.0,177.2,156.0,129.8,0.321225,-0.748146,0.292123,-1.245453,0.183861,-1.429315,21.0,77450000000.0,0.437908,25.072898,-0.969999,-0.221853,0.165613,,,,,
VA,2003,943.0,280.9,332.9,211.0,662.1,56.9,146.1,155.1,116.9,0.297879,-0.857418,0.223754,-0.942996,0.282751,-1.225747,21.0,76868000000.0,0.387808,25.065356,-1.006676,-0.149258,0.204392,,,,,
VA,2004,922.0,289.4,337.3,232.0,632.6,54.6,155.9,151.4,116.1,0.313883,-0.782028,0.251627,-1.049181,0.265473,-1.314654,21.0,78877000000.0,0.38792,25.091156,-1.002665,-0.220636,0.15607,,,,,
VA,2005,947.0,278.5,340.6,237.0,668.5,46.0,140.2,132.0,127.8,0.294087,-0.875618,0.250264,-1.114429,0.032335,-1.146764,21.0,80337000000.0,0.384095,25.109496,-1.059397,-0.183779,0.164484,,,,,
VA,2006,962.0,299.0,342.2,263.0,663.0,51.7,163.6,140.3,151.4,0.310811,-0.796331,0.273389,-1.151967,-0.076142,-1.075824,21.0,81095000000.0,0.388816,25.118887,-0.997763,-0.201431,0.170808,,,,,
VA,2007,1027.0,302.5,370.8,260.0,724.5,53.3,171.7,144.7,141.3,0.294547,-0.8734,0.253165,-1.169812,0.023777,-1.19359,21.0,82077000000.0,0.376403,25.130924,-0.998162,-0.124761,0.224154,,,,,
VA,2008,825.0,275.7,345.5,221.0,549.3,59.6,141.5,135.4,115.5,0.334182,-0.689331,0.267879,-0.864644,0.158963,-1.023607,21.0,82278000000.0,0.36706,25.13337,-1.093376,-0.404044,0.002695,,,,,
VA,2009,758.0,243.8,280.0,211.0,514.2,45.9,141.0,118.1,109.0,0.321636,-0.746264,0.278364,-1.122295,0.080184,-1.202479,21.0,80927000000.0,0.369852,25.116813,-1.199784,-0.45352,-0.065449,,,,,
VA,2010,740.0,206.8,259.7,227.0,533.2,34.3,117.5,118.7,123.5,0.279459,-0.947144,0.306757,-1.231293,-0.039642,-1.191651,21.0,82170614276.3,0.363466,25.132064,-1.379631,-0.432486,-0.104733,,,,,
VA,2011,764.0,229.8,282.4,224.0,534.2,43.5,129.1,135.5,113.9,0.300785,-0.843561,0.293194,-1.087826,0.173651,-1.261477,21.0,80973992063.65,0.365791,25.117394,-1.259504,-0.415943,-0.058145,,,,,
VA,2012,776.0,209.2,250.0,203.0,566.8,40.4,97.8,120.6,109.2,0.269588,-0.996716,0.261598,-0.884095,0.099298,-0.983393,21.0,80958667790.96,0.367048,25.117205,-1.353233,-0.356517,-0.042371,,,,,
VA,2013,740.0,263.7,321.4,201.0,476.3,49.2,137.0,94.8,100.0,0.356351,-0.591236,0.271622,-1.024087,-0.053401,-0.970687,21.0,80767005700.3,0.372673,25.114834,-1.119342,-0.528106,-0.087503,,,,,
VA,2014,703.0,216.2,258.1,193.0,486.8,46.7,109.3,110.3,92.7,0.307539,-0.811649,0.274538,-0.850352,0.173835,-1.024188,21.0,80984636144.27,0.372878,25.117525,-1.320641,-0.508991,-0.141488,,,,,
VA,2015,753.0,208.0,254.0,196.0,545.0,47.9,96.2,114.1,114.8,0.276228,-0.963248,0.260292,-0.697314,-0.006116,-0.691198,21.0,82624527638.81,0.285648,25.137572,-1.379354,-0.416106,-0.092826,,,,,
VA,2016,760.0,223.0,251.0,211.0,537.0,55.6,107.7,134.4,111.3,0.293421,-0.878826,0.277632,-0.661166,0.188591,-0.849758,21.0,84462671606.03,0.339889,25.159576,-1.331723,-0.452897,-0.105576,,,,,
VA,2017,839.0,244.6,277.4,188.0,594.4,64.3,114.9,134.7,92.1,0.291538,-0.887928,0.224076,-0.580503,0.380175,-0.960678,21.0,85262944946.13,0.342579,25.169006,-1.248701,-0.360773,-0.016114,,,,,
VA,2018,820.0,244.7,285.7,202.0,575.3,62.8,120.7,141.2,109.3,0.298415,-0.854859,0.246341,-0.653353,0.256081,-0.909434,21.0,85336102057.1,0.339937,25.169863,-1.24915,-0.394291,-0.039878,,,,,
VA,2019,831.0,236.9,280.5,202.0,594.1,38.4,114.6,134.6,121.4,0.285078,-0.91941,0.243081,-1.09339,0.103217,-1.196607,21.0,85432484153.11,0.344039,25.170992,-1.282673,-0.363264,-0.027682,,,,,
VA,2020,850.0,281.7,325.1,236.0,568.3,74.1,139.5,132.9,122.5,0.331412,-0.701807,0.277647,-0.632649,0.081486,-0.714135,21.0,76110269220.0,0.347369,25.055449,-0.993926,-0.292119,0.110468,,,,,
VA,2021,973.0,283.8,335.7,228.0,689.2,57.8,136.7,160.2,126.3,0.291675,-0.887262,0.234327,-0.8608,0.237763,-1.098563,21.0,80102466100.0,0.374748,25.106572,-1.037622,-0.15036,0.194492,,,,,
VA,2022,1006.0,289.4,337.2,250.0,716.6,50.6,136.2,182.4,133.8,0.287674,-0.906708,0.248509,-0.990173,0.309856,-1.300029,21.0,82083233050.0,0.354633,25.131,-1.042509,-0.135801,0.203418,,,,,
VA,2023,914.0,263.9,309.8,224.0,650.1,70.1,119.6,150.9,148.4,0.288731,-0.901556,0.245077,-0.53423,0.016706,-0.550936,21.0,87730191840.0,0.305641,25.197532,-1.201281,-0.299725,0.040979,,,,,
VA,2024,917.0,251.7,313.9,238.0,665.3,53.2,121.1,151.8,140.9,0.274482,-0.972,0.259542,-0.822558,0.074513,-0.897072,21.0,88511124810.0,0.301397,25.206394,-1.257475,-0.285475,0.035394,,,,,
VT,1982,107.0,48.7,64.0,31.0,58.3,8.1,24.3,11.9,14.7,0.45514,-0.179923,0.28972,-1.098612,-0.211309,-0.887303,18.0,3970000000.0,0.767003,22.102032,0.204328,0.384251,0.991478,,,,,
VT,1983,94.0,48.0,57.7,30.0,46.0,13.1,25.1,5.9,6.9,0.510638,0.04256,0.319149,-0.650256,-0.156569,-0.493687,18.0,4151000000.0,0.763912,22.146615,0.145267,0.102707,0.81736,0.0,0.0,0.0,0.0,9.288504
VT,1984,114.0,48.2,57.9,28.0,65.8,7.0,23.7,8.0,10.3,0.422807,-0.311261,0.245614,-1.219565,-0.252702,-0.966863,18.0,4393000000.0,0.75552,22.203278,0.092762,0.404022,0.953601,0.0,0.0,0.0,0.0,9.380674
VT,1985,115.0,45.0,53.7,30.0,70.0,11.7,21.7,19.3,10.3,0.391304,-0.441833,0.26087,-0.617723,0.627961,-1.245685,18.0,4688000000.0,0.760239,22.268272,-0.040929,0.400904,0.897341,0.0,0.0,0.0,0.0,9.4572
VT,1986,109.0,52.1,75.9,24.0,56.9,13.8,21.7,12.2,9.3,0.477982,-0.08813,0.220183,-0.452644,0.271422,-0.724065,19.5,4778000000.0,0.76622,22.287288,0.086558,0.174688,0.824741,0.0,0.0,0.0,0.0,9.523325
VT,1987,119.0,57.0,71.0,28.0,62.0,6.7,22.8,10.3,9.2,0.478992,-0.084083,0.235294,-1.224653,0.11294,-1.337593,21.0,5039000000.0,0.771185,22.340473,0.123259,0.207342,0.859331,0.0,0.0,1.0,0.0,9.598998
VT,1988,129.0,56.8,65.5,33.0,72.2,6.5,37.9,16.5,9.1,0.44031,-0.239904,0.255814,-1.763149,0.595086,-2.358235,21.0,5553000000.0,0.770394,22.437604,0.022613,0.262517,0.842889,0.0,0.0,1.0,0.0,9.677089
VT,1989,116.0,40.4,54.6,31.0,75.6,13.5,16.7,18.5,5.3,0.348276,-0.626626,0.267241,-0.212719,1.250064,-1.462783,21.0,5765000000.0,0.729228,22.475071,-0.35556,0.271066,0.6992,0.0,0.0,1.0,0.0,9.753536
VT,1990,90.0,40.1,48.6,29.0,49.9,4.5,24.7,13.5,7.3,0.445556,-0.218645,0.322222,-1.702726,0.614815,-2.317541,21.0,5838000000.0,0.727989,22.487654,-0.375597,-0.156952,0.432836,0.0,0.0,1.0,1.0,9.78002
VT,1991,110.0,44.8,56.6,28.0,65.2,7.0,24.2,16.0,7.8,0.407273,-0.375251,0.254545,-1.240442,0.718465,-1.958907,21.0,5870000000.0,0.727257,22.49312,-0.270232,0.10502,0.628041,0.0,0.0,1.0,1.0,9.7925
VT,1992,96.0,34.5,38.2,26.0,61.5,5.1,20.0,7.9,9.0,0.359375,-0.578078,0.270833,-1.366492,-0.130362,-1.23613,21.0,6019000000.0,0.716896,22.518187,-0.556547,0.021531,0.466842,0.0,0.0,1.0,1.0,9.846017
VT,1993,110.0,39.5,47.7,28.0,70.5,14.5,18.6,10.5,10.4,0.359091,-0.579312,0.254545,-0.249013,0.009569,-0.258582,21.0,5976000000.0,0.703983,22.511017,-0.414036,0.165276,0.610144,0.0,0.0,1.0,1.0,9.872616
VT,1994,77.0,31.2,36.2,19.0,45.8,6.0,16.1,9.0,5.9,0.405195,-0.383866,0.246753,-0.98706,0.422272,-1.409332,21.0,6152000000.0,0.705787,22.540043,-0.678944,-0.295078,0.224443,0.0,1.0,1.0,1.0,9.91324
VT,1995,106.0,38.9,46.7,24.0,67.1,9.7,13.2,19.3,8.8,0.366981,-0.54519,0.226415,-0.308091,0.785353,-1.093444,21.0,6206000000.0,0.706091,22.548782,-0.467107,0.078082,0.535337,0.0,1.0,1.0,1.0,9.963924
VT,1996,88.0,32.6,36.6,18.0,55.4,12.1,11.0,5.9,9.0,0.370455,-0.530267,0.204545,0.09531,-0.422272,0.517582,21.0,6377000000.0,0.71209,22.575964,-0.670971,-0.140703,0.322054,0.0,1.0,1.0,1.0,10.006901
VT,1997,96.0,32.5,36.5,17.0,63.5,6.0,11.6,10.0,7.4,0.338542,-0.6698,0.177083,-0.659246,0.301105,-0.960351,21.0,6466000000.0,0.711568,22.589824,-0.687903,-0.018103,0.395205,0.0,1.0,1.0,1.0,10.043988
VT,1998,104.0,32.9,39.0,35.0,71.1,8.8,16.4,10.2,12.6,0.316346,-0.770615,0.336538,-0.62253,-0.211309,-0.411221,21.0,6596000000.0,0.712705,22.609729,-0.695576,0.075039,0.455342,,,,,
VT,1999,90.0,26.3,33.7,17.0,63.7,7.2,7.5,5.8,10.5,0.292222,-0.884616,0.188889,-0.040822,-0.593517,0.552695,21.0,6543000000.0,0.699679,22.601662,-0.911412,-0.026796,0.318829,,,,,
VT,2000,76.0,26.3,29.5,22.0,49.7,8.3,12.8,13.7,8.2,0.346053,-0.636436,0.289474,-0.43319,0.513262,-0.946451,21.0,6811000000.0,0.713845,22.641805,-0.951555,-0.315119,0.109609,,,,,
VT,2001,92.0,30.1,32.2,25.0,61.9,5.2,15.0,19.8,3.0,0.327174,-0.720995,0.271739,-1.059392,1.88707,-2.946461,21.0,7888000000.0,0.750127,22.788608,-0.963403,-0.242408,0.153861,,,,,
VT,2002,78.0,22.2,27.1,10.0,55.8,5.1,5.2,12.9,4.8,0.284615,-0.921682,0.128205,-0.019418,0.988611,-1.008029,21.0,7955000000.0,0.746323,22.797066,-1.276293,-0.354612,-0.019677,,,,,
VT,2003,69.0,21.3,27.8,10.0,47.7,8.2,7.2,5.8,3.8,0.308696,-0.806224,0.144928,0.130053,0.422857,-0.292804,21.0,8309000000.0,0.726201,22.840605,-1.361217,-0.554993,-0.185818,,,,,
VT,2004,98.0,19.9,31.3,9.0,78.1,3.1,6.3,17.9,6.7,0.203061,-1.36727,0.091837,-0.709148,0.982693,-1.691841,21.0,7855000000.0,0.743857,22.784416,-1.373016,-0.005745,0.221232,,,,,
VT,2005,73.0,28.4,29.6,21.0,44.6,8.0,16.0,5.0,4.0,0.389041,-0.451345,0.287671,-0.693147,0.223144,-0.916291,21.0,7713000000.0,0.76222,22.766173,-0.999103,-0.547758,-0.055033,,,,,
VT,2006,87.0,26.6,28.9,18.0,60.4,4.1,10.7,9.9,5.3,0.305747,-0.820078,0.206897,-0.959257,0.624828,-1.584085,21.0,7832000000.0,0.756129,22.781484,-1.079892,-0.259814,0.105105,,,,,
VT,2007,66.0,22.5,26.0,13.0,43.5,7.0,8.6,10.0,7.4,0.340909,-0.659246,0.19697,-0.205852,0.301105,-0.506957,21.0,7694000000.0,0.744866,22.763707,-1.229511,-0.570265,-0.153371,,,,,
VT,2008,73.0,11.8,15.2,7.0,61.2,1.0,3.4,11.0,4.6,0.161644,-1.646048,0.09589,-1.223775,0.871839,-2.095614,21.0,7312000000.0,0.743572,22.712783,-1.824002,-0.177955,-0.001642,,,,,
VT,2009,74.0,23.7,27.5,12.0,50.3,6.1,7.0,9.9,3.0,0.32027,-0.75253,0.162162,-0.137621,1.193922,-1.331544,21.0,7646000000.0,0.75582,22.757448,-1.171293,-0.418763,-0.032703,,,,,
VT,2010,71.0,17.9,25.0,23.0,53.1,2.3,13.0,6.7,11.0,0.252113,-1.087376,0.323944,-1.73204,-0.495788,-1.236252,21.0,7247555840.05,0.745063,22.70393,-1.398449,-0.311072,-0.02057,,,,,
VT,2011,55.0,18.1,23.1,18.0,36.9,5.0,8.0,1.0,10.0,0.329091,-0.7123,0.327273,-0.470004,-2.302585,1.832581,21.0,7141039079.95,0.739805,22.689124,-1.372531,-0.660232,-0.26111,,,,,
VT,2012,77.0,25.3,27.8,19.0,51.7,7.4,9.9,8.6,7.1,0.328571,-0.714653,0.246753,-0.291055,0.191667,-0.482722,21.0,7215657792.0,0.740012,22.699519,-1.048034,-0.333381,0.064967,,,,,
VT,2013,69.0,18.8,24.2,13.0,50.2,4.6,11.0,12.4,2.0,0.272464,-0.982158,0.188406,-0.871839,1.824549,-2.696388,21.0,7115877038.45,0.738857,22.685594,-1.331057,-0.348899,-0.030807,,,,,
VT,2014,44.0,8.4,14.1,9.0,35.6,0.6,3.4,6.4,4.6,0.190909,-1.444114,0.204545,-1.734601,0.330242,-2.064843,21.0,7059200793.8,0.704701,22.677598,-2.128685,-0.684571,-0.472727,,,,,
VT,2015,57.0,15.4,16.1,8.0,41.6,4.4,3.1,6.6,3.9,0.270175,-0.993733,0.140351,0.350202,0.526093,-0.175891,21.0,7313841851.6,0.710805,22.713035,-1.557986,-0.564254,-0.249303,,,,,
VT,2016,62.0,27.5,31.7,15.0,34.5,5.1,12.0,4.9,7.0,0.443548,-0.226773,0.241935,-0.855666,-0.356675,-0.498991,21.0,7381890091.6,0.711275,22.722296,-0.987429,-0.760655,-0.17448,,,,,
VT,2017,69.0,18.1,21.2,15.0,50.9,4.2,9.1,10.8,4.9,0.262319,-1.033951,0.217391,-0.77319,0.790311,-1.563501,21.0,7424419886.0,0.71123,22.72804,-1.411448,-0.377497,-0.073253,,,,,
VT,2018,68.0,14.9,23.2,10.0,53.1,4.0,4.4,10.0,5.6,0.219118,-1.270816,0.147059,-0.09531,0.579818,-0.675129,21.0,7346350177.62,0.71014,22.717469,-1.595427,-0.324612,-0.077281,,,,,
VT,2019,47.0,8.9,13.9,6.0,38.1,0.2,3.0,7.8,4.0,0.189362,-1.454163,0.12766,-2.70805,0.667829,-3.37588,21.0,7345626922.41,0.710817,22.717371,-2.110639,-0.656476,-0.446543,,,,,
VT,2020,62.0,16.6,20.3,13.0,45.4,4.3,3.9,7.7,8.1,0.267742,-1.006109,0.209677,0.097638,-0.050644,0.148282,21.0,6006975090.0,0.711274,22.516187,-1.286104,-0.279994,0.031628,,,,,
VT,2021,74.0,21.8,26.3,13.0,52.2,8.2,8.3,10.8,5.7,0.294595,-0.873173,0.175676,-0.012121,0.63908,-0.651201,21.0,6625055000.0,0.709789,22.614125,-1.111534,-0.238361,0.110621,,,,,
VT,2022,76.0,25.7,34.1,9.0,50.3,10.7,1.7,14.3,2.3,0.338158,-0.671514,0.118421,1.839615,1.82735,0.012265,21.0,7127762700.0,0.710176,22.687263,-1.020091,-0.348577,0.064151,,,,,
VT,2023,69.0,17.3,20.7,16.0,51.7,6.1,4.0,11.9,3.0,0.250725,-1.094751,0.231884,0.421994,1.377926,-0.955932,21.0,7172472520.0,0.711608,22.693516,-1.422129,-0.327378,-0.038729,,,,,
VT,2024,59.0,25.1,27.7,15.0,33.9,7.5,13.6,13.5,2.4,0.425424,-0.300547,0.254237,-0.595167,1.727221,-2.322388,21.0,7208260120.0,0.725315,22.698493,-1.054945,-0.754398,-0.200275,,,,,
WA,1982,748.0,419.9,457.1,242.0,328.1,72.0,244.6,93.0,50.4,0.561364,0.246698,0.323529,-1.222958,0.612608,-1.835566,21.0,31258000000.0,0.388061,24.165541,0.295156,0.048458,0.872543,,,,,
WA,1983,698.0,355.3,403.7,214.0,342.7,83.5,188.4,85.5,57.6,0.509026,0.036107,0.30659,-0.813721,0.394994,-1.208715,21.0,36144000000.0,0.445385,24.310777,-0.017134,-0.053241,0.658123,0.0,0.0,0.0,0.0,9.466919
WA,1984,746.0,342.3,401.7,209.0,403.7,63.0,197.3,93.0,74.7,0.458847,-0.164984,0.280161,-1.141591,0.219119,-1.36071,21.0,34248000000.0,0.412316,24.256894,-0.000526,0.164459,0.778512,0.0,0.0,0.0,0.0,9.52843
WA,1985,744.0,336.6,391.2,192.0,407.4,71.1,191.7,75.9,58.3,0.452419,-0.1909,0.258065,-0.991844,0.263815,-1.255659,21.0,34375000000.0,0.398138,24.260595,-0.021019,0.169881,0.772126,0.0,0.0,0.0,0.0,9.577203
WA,1986,703.0,334.5,391.7,210.0,368.5,66.8,181.5,92.2,71.5,0.475818,-0.096804,0.29872,-0.999553,0.254263,-1.253815,21.0,35993000000.0,0.398383,24.30659,-0.073273,0.023531,0.669447,0.0,0.0,0.0,0.0,9.631876
WA,1987,780.0,356.6,407.0,229.0,423.4,76.4,186.3,98.6,77.7,0.457179,-0.171703,0.29359,-0.891376,0.238216,-1.129592,21.0,38520000000.0,0.38419,24.374443,-0.077148,0.094555,0.705531,0.0,1.0,1.0,0.0,9.676524
WA,1988,778.0,396.8,445.2,224.0,381.2,91.6,222.9,83.4,62.1,0.510026,0.040108,0.287918,-0.889292,0.294902,-1.184194,21.0,41813000000.0,0.365747,24.456473,-0.05236,-0.092468,0.620934,0.0,1.0,1.0,0.0,9.734122
WA,1989,781.0,351.9,406.4,215.0,429.1,72.7,187.2,101.3,80.8,0.450576,-0.198343,0.275288,-0.945836,0.226109,-1.171946,21.0,43233000000.0,0.366873,24.48987,-0.205842,-0.007499,0.591386,0.0,1.0,1.0,0.0,9.809781
WA,1990,825.0,385.0,448.5,241.0,440.0,81.2,217.2,111.8,84.8,0.466667,-0.133531,0.292121,-0.983903,0.276416,-1.260319,21.0,44695000000.0,0.375076,24.523127,-0.149203,-0.015672,0.612937,0.0,1.0,1.0,0.0,9.88354
WA,1991,682.0,312.3,351.1,186.0,369.7,55.1,175.6,71.9,68.4,0.457918,-0.168728,0.272727,-1.159059,0.049903,-1.208962,21.0,46449000000.0,0.372344,24.561621,-0.396976,-0.228248,0.38409,0.0,1.0,1.0,0.0,9.923339
WA,1992,651.0,273.0,315.9,176.0,378.0,59.5,145.2,88.5,65.8,0.419355,-0.325422,0.270353,-0.892136,0.296383,-1.188519,21.0,49386000000.0,0.337991,24.622933,-0.59278,-0.267358,0.276258,0.0,1.0,1.0,0.0,9.972827
WA,1993,661.0,287.7,318.3,205.0,373.3,49.5,161.0,88.5,72.0,0.43525,-0.260464,0.310136,-1.179432,0.206336,-1.385768,21.0,46135000000.0,0.321253,24.554838,-0.472239,-0.211775,0.359597,0.0,1.0,1.0,0.0,9.999888
WA,1994,640.0,254.4,297.5,156.0,385.6,44.3,132.4,92.7,60.6,0.3975,-0.415893,0.24375,-1.094843,0.425074,-1.519917,21.0,47428000000.0,0.325082,24.582479,-0.62289,-0.206997,0.29967,0.0,1.0,1.0,0.0,10.029547
WA,1995,653.0,252.1,293.5,190.0,400.9,59.5,123.1,95.5,67.9,0.386064,-0.463886,0.290965,-0.727021,0.34109,-1.068111,21.0,49250000000.0,0.328447,24.620175,-0.669669,-0.205782,0.282083,0.0,1.0,1.0,0.0,10.072259
WA,1996,712.0,285.2,333.4,191.0,426.8,61.8,143.3,93.2,74.7,0.400562,-0.403125,0.268258,-0.841037,0.221268,-1.062305,21.0,49405000000.0,0.32272,24.623317,-0.549446,-0.146321,0.365441,0.0,1.0,1.0,0.0,10.12495
WA,1997,674.0,234.4,282.0,167.0,439.6,48.5,132.1,100.5,79.9,0.347774,-0.628836,0.247774,-1.001995,0.229382,-1.231377,21.0,51068000000.0,0.322609,24.656424,-0.778714,-0.149878,0.277487,0.0,1.0,1.0,0.0,10.183049
WA,1998,662.0,243.6,287.7,173.0,418.4,51.3,121.9,81.7,79.1,0.367976,-0.54091,0.261329,-0.86551,0.032341,-0.897851,21.0,51927000000.0,0.322337,24.673105,-0.756896,-0.215986,0.242842,,,,,
WA,1999,637.0,226.7,254.0,169.0,410.3,51.6,122.6,96.4,67.4,0.355887,-0.593261,0.265306,-0.865405,0.357861,-1.223267,21.0,52714000000.0,0.320351,24.688147,-0.843839,-0.250578,0.189303,,,,,
WA,2000,631.0,224.4,267.3,151.0,406.6,46.1,110.5,74.9,63.5,0.355626,-0.5944,0.239303,-0.874203,0.165114,-1.039317,21.0,53330000000.0,0.322558,24.699765,-0.865654,-0.271254,0.168222,,,,,
WA,2001,649.0,220.5,257.2,146.0,428.5,44.5,118.4,87.5,69.6,0.339753,-0.664393,0.224961,-0.97858,0.228874,-1.207454,21.0,53665000000.0,0.321178,24.706027,-0.889448,-0.225055,0.190087,,,,,
WA,2002,658.0,242.3,274.9,185.0,415.7,45.5,138.1,83.5,72.9,0.368237,-0.539787,0.281155,-1.110266,0.135758,-1.246024,21.0,54776000000.0,0.319136,24.726518,-0.815661,-0.275873,0.183368,,,,,
WA,2003,600.0,203.0,233.1,159.0,397.0,44.7,113.8,102.3,57.2,0.338333,-0.67073,0.265,-0.934469,0.581356,-1.515825,21.0,55015000000.0,0.32562,24.730872,-0.996985,-0.326255,0.086739,,,,,
WA,2004,567.0,202.0,225.3,135.0,365.0,46.8,107.5,97.2,67.5,0.356261,-0.59163,0.238095,-0.831608,0.364643,-1.196251,21.0,55673000000.0,0.291667,24.742761,-1.013813,-0.422183,0.018279,,,,,
WA,2005,649.0,237.7,281.9,175.0,411.3,47.8,132.6,94.2,78.4,0.366256,-0.548314,0.269646,-1.020311,0.183596,-1.203908,21.0,55476000000.0,0.292054,24.739216,-0.847526,-0.299213,0.156897,,,,,
WA,2006,633.0,221.3,266.9,161.0,411.7,43.7,117.4,88.3,84.6,0.349605,-0.620776,0.254344,-0.988239,0.042806,-1.031045,21.0,56517000000.0,0.292496,24.757807,-0.937607,-0.316832,0.113344,,,,,
WA,2007,571.0,195.0,230.3,149.0,376.0,41.6,103.4,83.4,70.6,0.341506,-0.65659,0.260946,-0.910505,0.166618,-1.077123,21.0,56939000000.0,0.293735,24.765246,-1.071566,-0.414976,0.002824,,,,,
WA,2008,521.0,183.3,224.3,147.0,337.7,42.0,95.8,81.0,61.2,0.351823,-0.611034,0.28215,-0.824593,0.280302,-1.104895,21.0,55558000000.0,0.289517,24.740693,-1.108888,-0.497855,-0.064263,,,,,
WA,2009,492.0,206.7,233.3,128.0,285.3,39.1,111.0,67.9,68.0,0.420122,-0.322273,0.260163,-1.043408,-0.001472,-1.041936,21.0,56417000000.0,0.29578,24.756036,-1.004087,-0.681814,-0.136877,,,,,
WA,2010,460.0,169.4,193.3,121.0,290.6,32.2,94.1,76.8,49.9,0.368261,-0.539685,0.263043,-1.072392,0.431184,-1.503575,21.0,57190442823.54,0.300341,24.769653,-1.216709,-0.677024,-0.217745,,,,,
WA,2011,454.0,157.3,181.1,129.0,296.7,33.9,84.6,71.1,46.4,0.346476,-0.634567,0.284141,-0.914519,0.426788,-1.341307,21.0,56954572844.02,0.298505,24.76552,-1.286684,-0.652118,-0.226742,,,,,
WA,2012,438.0,143.0,160.7,109.0,295.0,33.2,72.7,76.8,50.3,0.326484,-0.724131,0.248858,-0.783792,0.4232,-1.206991,21.0,56762006211.76,0.298568,24.762133,-1.378608,-0.654477,-0.259233,,,,,
WA,2013,436.0,150.7,170.6,112.0,285.3,46.2,72.1,71.8,49.9,0.345642,-0.63825,0.256881,-0.445074,0.363863,-0.808938,21.0,57211211416.82,0.27315,24.770016,-1.334044,-0.695794,-0.271693,,,,,
WA,2014,462.0,132.0,165.7,111.0,330.0,26.0,69.8,73.0,61.2,0.285714,-0.916291,0.24026,-0.987537,0.176312,-1.16385,21.0,58059800008.38,0.273733,24.784739,-1.481257,-0.564966,-0.228494,,,,,
WA,2015,568.0,147.8,186.8,111.0,420.2,28.3,68.1,102.7,82.9,0.260211,-1.044871,0.195423,-0.878115,0.214177,-1.092292,21.0,59652504240.369995,0.276844,24.811802,-1.395261,-0.35039,-0.049,,,,,
WA,2016,536.0,156.4,179.6,123.0,379.6,41.9,66.2,71.1,78.8,0.291791,-0.886701,0.229478,-0.457395,-0.102826,-0.354569,21.0,61017810943.99,0.278332,24.834432,-1.361334,-0.474633,-0.129617,,,,,
WA,2017,563.0,177.1,210.9,136.0,385.9,35.8,86.5,85.2,86.5,0.314565,-0.778864,0.241563,-0.882197,-0.015143,-0.867054,21.0,61419924864.51,0.27838,24.841,-1.243605,-0.464741,-0.08704,,,,,
WA,2018,539.0,165.4,192.6,138.0,373.6,29.0,95.5,91.0,89.5,0.306865,-0.814819,0.25603,-1.19183,0.016621,-1.208451,21.0,62366656131.11,0.279418,24.856297,-1.327249,-0.51243,-0.1459,,,,,
WA,2019,538.0,180.5,220.2,118.0,357.5,42.1,78.3,91.9,70.7,0.335502,-0.683405,0.219331,-0.6205,0.262255,-0.882755,21.0,62529638317.24,0.279815,24.858906,-1.242495,-0.55909,-0.150367,,,,,
WA,2020,574.0,211.5,254.0,149.0,362.5,60.5,82.8,86.5,84.2,0.368467,-0.538799,0.259582,-0.313785,0.026949,-0.340734,21.0,53658241310.0,0.288735,24.705901,-0.930995,-0.392196,0.067409,,,,,
WA,2021,674.0,262.0,301.0,158.0,412.0,63.9,109.3,99.1,86.7,0.388724,-0.452679,0.234421,-0.536777,0.133676,-0.670453,21.0,57796596140.0,0.294772,24.780196,-0.79117,-0.338492,0.153715,,,,,
WA,2022,743.0,266.8,316.1,171.0,476.2,58.1,121.5,114.9,104.5,0.359085,-0.579339,0.230148,-0.737749,0.094875,-0.832624,21.0,58482755280.0,0.290082,24.791998,-0.784818,-0.205479,0.239379,,,,,
WA,2023,809.0,290.3,338.8,221.0,518.7,52.9,163.4,122.1,118.6,0.358838,-0.580411,0.273177,-1.127798,0.029084,-1.156882,21.0,59803783960.0,0.279633,24.814335,-0.722739,-0.142328,0.302145,,,,,
WA,2024,730.0,238.5,278.5,163.0,491.5,58.2,117.7,127.8,102.3,0.326712,-0.723093,0.223288,-0.704254,0.222557,-0.926811,21.0,60555122210.0,0.277945,24.82682,-0.93177,-0.208677,0.186905,,,,,
WI,1982,770.0,417.9,460.4,222.0,352.1,73.2,247.4,83.8,56.6,0.542727,0.171327,0.288312,-1.217811,0.392424,-1.610235,18.0,32794000000.0,0.545618,24.213511,0.242412,0.071085,0.85356,,,,,
WI,1983,725.0,394.9,436.7,220.0,330.1,62.4,248.6,79.6,53.4,0.54469,0.179237,0.303448,-1.38228,0.399203,-1.781483,18.0,34106000000.0,0.544919,24.252739,0.146574,-0.032663,0.754113,0.0,0.0,0.0,0.0,9.375516
WI,1984,822.0,411.1,462.6,212.0,410.9,66.9,247.9,95.1,67.1,0.500122,0.000487,0.257908,-1.309826,0.348745,-1.658571,18.5,35554000000.0,0.519745,24.294319,0.145199,0.144712,0.838103,0.0,0.0,0.0,0.0,9.468156
WI,1985,744.0,354.6,392.6,210.0,389.4,59.4,199.5,84.6,66.5,0.476613,-0.093617,0.282258,-1.21152,0.240732,-1.452252,19.0,36679000000.0,0.520216,24.32547,-0.033799,0.059818,0.707252,0.0,0.0,0.0,0.0,9.516795
WI,1986,747.0,373.9,411.5,199.0,373.1,70.4,217.8,90.6,48.2,0.500535,0.002142,0.266399,-1.129384,0.631095,-1.760479,19.67,38428000000.0,0.518632,24.372052,-0.027383,-0.029525,0.664694,0.0,0.0,0.0,0.0,9.566965
WI,1987,797.0,379.6,431.4,209.0,417.4,66.5,209.3,93.5,61.7,0.476286,-0.094927,0.262233,-1.146567,0.415678,-1.562244,21.0,40196000000.0,0.527988,24.417033,-0.057235,0.037692,0.684502,0.0,0.0,1.0,0.0,9.616938
WI,1988,807.0,385.2,443.9,228.0,421.8,58.0,229.0,94.0,65.0,0.477323,-0.090769,0.282528,-1.373279,0.368908,-1.742187,21.0,42458000000.0,0.528004,24.471781,-0.097338,-0.006569,0.642223,0.0,1.0,1.0,0.0,9.668145
WI,1989,817.0,312.8,375.5,200.0,504.2,59.3,185.2,129.7,84.8,0.382864,-0.477409,0.244798,-1.138827,0.424929,-1.563756,21.0,43086000000.0,0.529128,24.486464,-0.320219,0.15719,0.639856,0.0,1.0,1.0,0.0,9.73074
WI,1990,769.0,315.9,358.1,185.0,453.1,42.4,189.9,108.6,56.1,0.410793,-0.360687,0.240572,-1.499349,0.660536,-2.159885,21.0,44277000000.0,0.528265,24.513731,-0.337625,0.023062,0.552041,0.0,1.0,1.0,0.0,9.780868
WI,1991,797.0,302.0,349.3,199.0,495.0,68.0,158.9,96.0,79.1,0.378921,-0.494131,0.249686,-0.848767,0.193635,-1.042403,21.0,45458000000.0,0.528378,24.540055,-0.408947,0.085184,0.561481,0.0,1.0,1.0,0.0,9.811208
WI,1992,652.0,254.0,293.3,167.0,398.0,42.8,140.7,72.2,67.3,0.389571,-0.449118,0.256135,-1.190092,0.07028,-1.260372,21.0,47628000000.0,0.525258,24.586687,-0.628672,-0.179554,0.314039,0.0,1.0,1.0,0.0,9.869465
WI,1993,714.0,276.5,315.8,186.0,437.5,48.3,173.1,90.7,71.9,0.387255,-0.458866,0.260504,-1.276438,0.232281,-1.508719,21.0,49167000000.0,0.517278,24.618489,-0.575597,-0.116731,0.373075,0.0,1.0,1.0,0.0,9.903937
WI,1994,712.0,258.5,300.6,170.0,453.5,51.6,131.8,94.4,71.2,0.363062,-0.5621,0.238764,-0.937764,0.282048,-1.219812,21.0,50273000000.0,0.525491,24.640734,-0.665158,-0.103058,0.348025,0.0,1.0,1.0,0.0,9.952849
WI,1995,745.0,269.8,305.0,166.0,475.2,47.0,140.4,115.0,62.6,0.362148,-0.566055,0.222819,-1.094348,0.608167,-1.702515,21.0,51396000000.0,0.527823,24.662826,-0.644464,-0.07841,0.371239,0.0,1.0,1.0,0.0,9.996978
WI,1996,761.0,275.0,318.2,161.0,486.0,52.5,142.7,93.5,58.3,0.361367,-0.569438,0.211564,-0.999931,0.472359,-1.472291,21.0,52782000000.0,0.536168,24.689436,-0.651984,-0.082547,0.365878,0.0,1.0,1.0,0.0,10.042684
WI,1997,725.0,265.8,312.9,168.0,459.2,36.7,135.3,96.3,67.7,0.366621,-0.546742,0.231724,-1.304718,0.352382,-1.6571,21.0,54405000000.0,0.544509,24.719722,-0.716297,-0.169555,0.287131,0.0,1.0,1.0,0.0,10.087807
WI,1998,714.0,242.6,283.1,184.0,471.4,41.5,139.1,114.5,64.9,0.339776,-0.664293,0.257703,-1.2095,0.567727,-1.777227,21.0,56655000000.0,0.545353,24.760246,-0.848151,-0.183858,0.231318,,,,,
WI,1999,745.0,267.6,299.8,184.0,477.4,38.6,136.5,105.4,56.5,0.359195,-0.578861,0.24698,-1.263072,0.623522,-1.886594,21.0,56961000000.0,0.538913,24.765633,-0.755459,-0.176597,0.268432,,,,,
WI,2000,799.0,297.7,336.3,195.0,501.3,43.6,165.1,120.4,70.9,0.372591,-0.521118,0.244055,-1.331494,0.529549,-1.861043,21.0,57266000000.0,0.547375,24.770973,-0.654206,-0.133087,0.333069,,,,,
WI,2001,763.0,311.2,351.3,219.0,451.8,55.5,183.3,85.5,61.7,0.407864,-0.372804,0.287025,-1.194741,0.326232,-1.520974,21.0,57269000000.0,0.541672,24.771025,-0.609909,-0.237105,0.286913,,,,,
WI,2002,803.0,312.1,349.9,199.0,490.9,46.8,172.5,100.2,71.5,0.388667,-0.452917,0.247821,-1.304514,0.337471,-1.641985,21.0,58746000000.0,0.545739,24.796489,-0.632485,-0.179568,0.312547,,,,,
WI,2003,848.0,326.6,372.9,201.0,521.4,50.3,178.1,120.7,54.9,0.385142,-0.467781,0.237028,-1.26434,0.787795,-2.052135,21.0,59615000000.0,0.502072,24.811173,-0.601756,-0.133975,0.352388,,,,,
WI,2004,792.0,299.3,340.5,212.0,492.7,34.9,156.3,105.1,71.7,0.377904,-0.498454,0.267677,-1.49929,0.382422,-1.881712,21.0,60399000000.0,0.467756,24.824238,-0.702111,-0.203657,0.271004,,,,,
WI,2005,815.0,325.7,366.6,202.0,489.3,47.2,171.8,102.8,71.2,0.399632,-0.406999,0.247853,-1.291937,0.367293,-1.65923,21.0,60017000000.0,0.474882,24.817894,-0.611236,-0.204237,0.305975,,,,,
WI,2006,724.0,307.9,355.7,209.0,416.1,28.7,198.9,97.3,61.1,0.425276,-0.301151,0.288674,-1.935905,0.465287,-2.401192,21.0,59398000000.0,0.473568,24.807526,-0.657071,-0.35592,0.197946,,,,,
WI,2007,756.0,315.3,369.5,213.0,440.7,40.4,180.6,92.6,73.4,0.417063,-0.33484,0.281746,-1.497455,0.232365,-1.72982,21.0,59493000000.0,0.473921,24.809124,-0.634919,-0.300079,0.239598,,,,,
WI,2008,605.0,204.6,245.2,172.0,400.4,26.0,119.9,89.0,64.1,0.338182,-0.671407,0.284298,-1.528562,0.328192,-1.856754,21.0,57462000000.0,0.469145,24.77439,-1.032652,-0.361245,0.05152,,,,,
WI,2009,561.0,210.2,248.2,134.0,350.8,31.1,103.7,74.9,45.3,0.374688,-0.512157,0.238859,-1.204294,0.502847,-1.707141,21.0,58157000000.0,0.474767,24.786412,-1.017672,-0.505515,-0.03601,,,,,
WI,2010,572.0,203.1,237.1,143.0,368.9,28.9,124.1,83.1,50.9,0.35507,-0.596827,0.25,-1.457246,0.490182,-1.947428,21.0,59420266427.03,0.534148,24.807901,-1.073522,-0.476695,-0.038081,,,,,
WI,2011,582.0,197.0,228.1,131.0,385.0,30.0,100.4,86.0,47.6,0.338488,-0.67004,0.225086,-1.207965,0.591515,-1.799479,21.0,58553703870.33,0.506844,24.79321,-1.089326,-0.419286,-0.006059,,,,,
WI,2012,615.0,201.7,235.6,137.0,413.3,35.4,95.1,94.6,52.9,0.327967,-0.717392,0.222764,-0.988217,0.581254,-1.569471,21.0,59087299886.35,0.517709,24.802282,-1.07482,-0.357427,0.040021,,,,,
WI,2013,543.0,180.5,211.5,99.0,362.5,35.7,83.5,67.3,47.5,0.332413,-0.697294,0.18232,-0.849696,0.348431,-1.198126,21.0,59486150423.91,0.516985,24.809009,-1.192598,-0.495304,-0.091219,,,,,
WI,2014,506.0,165.1,201.6,126.0,340.9,36.0,87.5,68.0,51.5,0.326285,-0.725038,0.249012,-0.88812,0.277926,-1.166046,21.0,60053380396.97,0.515876,24.8185,-1.291268,-0.56623,-0.171282,,,,,
WI,2015,566.0,189.9,218.9,130.0,376.1,39.9,94.6,65.1,61.4,0.335512,-0.683357,0.229682,-0.863281,0.058515,-0.921796,21.0,62073368217.55,0.517448,24.851583,-1.184405,-0.501047,-0.092308,,,,,
WI,2016,607.0,198.8,246.7,137.0,408.2,43.1,71.7,90.9,63.3,0.327512,-0.719458,0.2257,-0.508968,0.361875,-0.870842,21.0,64046406586.15,0.503769,24.882874,-1.169894,-0.450436,-0.053664,,,,,
WI,2017,613.0,185.4,228.8,126.0,427.6,41.2,89.7,91.8,60.3,0.302447,-0.835673,0.205546,-0.778033,0.42028,-1.198313,21.0,65323709268.770004,0.50824,24.902621,-1.259424,-0.423752,-0.063575,,,,,
WI,2018,589.0,205.7,240.1,120.0,383.3,44.6,94.6,83.4,51.4,0.349236,-0.622399,0.203735,-0.751924,0.48401,-1.235934,21.0,65885434948.85,0.506291,24.911183,-1.164084,-0.541685,-0.112076,,,,,
WI,2019,567.0,186.0,211.6,121.0,381.0,40.0,76.8,87.0,59.2,0.328042,-0.717053,0.213404,-0.652325,0.384987,-1.037312,21.0,66347623852.43,0.503192,24.918174,-1.271746,-0.554694,-0.157134,,,,,
WI,2020,612.0,207.6,237.1,132.0,404.4,38.7,91.5,84.3,62.5,0.339216,-0.666791,0.215686,-0.860499,0.299215,-1.159715,21.0,57599941030.0,0.507867,24.776787,-1.020493,-0.353702,0.060626,,,,,
WI,2021,620.0,197.4,220.5,141.0,422.6,36.4,76.1,74.6,74.9,0.318387,-0.761194,0.227419,-0.737479,-0.004013,-0.733466,21.0,64983279480.0,0.511666,24.897396,-1.191483,-0.430289,-0.046996,,,,,
WI,2022,604.0,171.6,206.0,128.0,432.4,31.2,79.0,95.8,85.0,0.284106,-0.924185,0.211921,-0.92903,0.119611,-1.048641,21.0,66166680900.0,0.510991,24.915443,-1.349596,-0.425411,-0.091188,,,,,
WI,2023,586.0,187.0,218.9,111.0,399.0,40.6,73.0,101.4,68.0,0.319113,-0.757853,0.18942,-0.586691,0.399565,-0.986257,21.0,67248397730.0,0.510548,24.931659,-1.27987,-0.522017,-0.137658,,,,,
WI,2024,595.0,197.1,224.7,124.0,397.9,35.8,84.0,82.2,69.0,0.331261,-0.70249,0.208403,-0.852869,0.175049,-1.027918,21.0,69225770840.0,0.520045,24.960639,-1.256247,-0.553758,-0.151397,,,,,
WV,1982,450.0,209.2,227.1,143.0,240.8,46.0,110.5,63.0,48.5,0.464889,-0.140676,0.317778,-0.876374,0.261571,-1.137945,18.0,10932000000.0,0.71524,23.11496,0.649011,0.789687,1.414968,,,,,
WV,1983,425.0,209.7,238.7,117.0,215.3,40.2,105.9,64.8,40.1,0.493412,-0.026354,0.275294,-0.968628,0.479929,-1.448558,18.5,11696000000.0,0.721187,23.182513,0.583846,0.6102,1.290257,0.0,0.0,0.0,0.0,9.150272
WV,1984,438.0,188.3,225.7,126.0,249.7,43.0,101.3,58.0,55.7,0.429909,-0.282224,0.287671,-0.856886,0.040463,-0.897349,19.0,12671000000.0,0.716597,23.262582,0.396135,0.678359,1.240318,0.0,0.0,0.0,0.0,9.226017
WV,1985,420.0,193.7,213.9,107.0,226.3,43.2,95.0,59.8,44.0,0.46119,-0.155551,0.254762,-0.788036,0.306816,-1.094852,19.0,12664000000.0,0.719283,23.262029,0.424962,0.580513,1.198906,0.0,0.0,0.0,0.0,9.272658
WV,1986,440.0,207.1,232.2,117.0,232.9,33.6,111.2,59.4,41.8,0.470682,-0.117407,0.265909,-1.196804,0.351398,-1.548202,19.67,13181000000.0,0.722707,23.302042,0.45184,0.569248,1.205413,0.0,0.0,0.0,0.0,9.320897
WV,1987,471.0,194.5,221.3,132.0,276.5,40.0,113.7,59.0,47.3,0.412951,-0.351779,0.280255,-1.044684,0.221027,-1.265711,21.0,13742000000.0,0.720128,23.343723,0.34739,0.699169,1.231816,0.0,0.0,1.0,0.0,9.361515
WV,1988,460.0,203.2,230.6,131.0,256.8,45.8,103.7,64.2,50.3,0.441739,-0.234107,0.284783,-0.817218,0.243998,-1.061216,21.0,13884000000.0,0.719965,23.354003,0.380869,0.614975,1.197904,0.0,0.0,1.0,0.0,9.425371
WV,1989,468.0,197.4,226.5,139.0,270.6,50.8,99.5,49.2,61.5,0.421795,-0.31541,0.297009,-0.672261,-0.223144,-0.449118,21.0,14940000000.0,0.707095,23.427308,0.278605,0.594014,1.141841,0.0,0.0,1.0,0.0,9.484101
WV,1990,481.0,201.1,222.3,133.0,279.9,40.1,111.4,69.9,53.6,0.418087,-0.33063,0.276507,-1.021751,0.265517,-1.287268,21.0,15418000000.0,0.710079,23.458801,0.265682,0.596312,1.137747,0.0,0.0,1.0,0.0,9.559306
WV,1991,414.0,162.9,187.8,120.0,251.1,28.5,96.5,56.5,45.5,0.393478,-0.432715,0.289855,-1.219639,0.216528,-1.436167,21.0,16026000000.0,0.710283,23.497478,0.016339,0.449054,0.949068,0.0,0.0,1.0,0.0,9.603395
WV,1992,420.0,164.8,184.5,114.0,255.2,34.9,83.2,63.1,47.8,0.392381,-0.437315,0.271429,-0.868761,0.277695,-1.146456,21.0,16478000000.0,0.718048,23.525292,0.000121,0.437436,0.935643,0.0,0.0,1.0,0.0,9.660078
WV,1993,429.0,166.6,180.7,116.0,262.4,27.8,91.3,61.2,41.7,0.388345,-0.454274,0.270396,-1.189115,0.383646,-1.572761,21.0,16778000000.0,0.713136,23.543334,-0.007058,0.447216,0.938803,0.0,1.0,1.0,0.0,9.699288
WV,1994,356.0,138.7,152.5,90.0,217.3,21.1,74.8,52.9,24.2,0.389607,-0.448966,0.252809,-1.265545,0.782051,-2.047596,21.0,17112000000.0,0.717158,23.563046,-0.210052,0.238914,0.732566,0.0,1.0,1.0,0.0,9.737905
WV,1995,376.0,133.7,155.0,96.0,242.3,26.3,65.1,57.7,44.9,0.355585,-0.594578,0.255319,-0.906356,0.250819,-1.157175,21.0,17421000000.0,0.717984,23.580942,-0.264663,0.329915,0.769328,0.0,1.0,1.0,0.0,9.766579
WV,1996,348.0,108.0,128.2,97.0,240.0,13.0,70.6,55.0,48.4,0.310345,-0.798508,0.278736,-1.692081,0.127833,-1.819914,21.0,17693000000.0,0.719211,23.596435,-0.493623,0.304885,0.676448,0.0,1.0,1.0,0.0,9.804551
WV,1997,381.0,129.9,144.2,84.0,251.1,21.8,69.8,44.2,37.2,0.340945,-0.659086,0.220472,-1.163724,0.172416,-1.33614,21.0,18324000000.0,0.729044,23.631478,-0.344032,0.315054,0.732003,0.0,1.0,1.0,0.0,9.837561
WV,1998,354.0,119.2,135.4,90.0,234.8,25.6,66.8,49.4,42.2,0.336723,-0.677931,0.254237,-0.959111,0.15753,-1.116641,21.0,18666000000.0,0.726455,23.64997,-0.448486,0.229445,0.640008,,,,,
WV,1999,395.0,124.0,138.4,100.0,271.0,19.0,76.6,46.0,40.4,0.313924,-0.781837,0.253165,-1.394158,0.129812,-1.52397,21.0,19032000000.0,0.723886,23.669388,-0.428425,0.353412,0.730179,,,,,
WV,2000,411.0,160.2,178.1,103.0,250.8,24.3,88.0,66.7,34.0,0.389781,-0.448233,0.250608,-1.28686,0.673844,-1.960705,21.0,19242000000.0,0.725236,23.680361,-0.183257,0.264975,0.758913,,,,,
WV,2001,376.0,112.4,128.2,86.0,263.6,30.7,52.8,70.3,36.2,0.298936,-0.852369,0.228723,-0.542249,0.663713,-1.205961,21.0,19714000000.0,0.729482,23.704595,-0.56185,0.290519,0.645675,,,,,
WV,2002,439.0,152.9,170.8,116.0,286.1,26.6,83.4,43.4,50.6,0.348292,-0.626557,0.264237,-1.142737,-0.153492,-0.989245,21.0,20005000000.0,0.731217,23.719248,-0.268783,0.357774,0.785932,,,,,
WV,2003,394.0,119.5,140.4,92.0,274.5,16.5,75.0,67.5,37.0,0.303299,-0.831635,0.233503,-1.514128,0.60121,-2.115337,21.0,20082000000.0,0.731949,23.72309,-0.519093,0.312542,0.673942,,,,,
WV,2004,410.0,109.4,131.1,85.0,300.6,25.4,49.4,63.6,37.6,0.266829,-1.01077,0.207317,-0.665201,0.525609,-1.190811,21.0,20302000000.0,0.727761,23.733985,-0.618294,0.392476,0.702853,,,,,
WV,2005,374.0,110.8,123.3,93.0,263.2,22.1,63.1,44.9,45.9,0.296257,-0.865187,0.248663,-1.049143,-0.022027,-1.027116,21.0,20523000000.0,0.639088,23.744812,-0.616405,0.248783,0.600124,,,,,
WV,2006,410.0,106.4,131.5,99.0,303.6,22.4,54.7,63.6,57.3,0.259512,-1.048505,0.241463,-0.892803,0.104313,-0.997116,21.0,20885000000.0,0.589706,23.762297,-0.674411,0.374095,0.674541,,,,,
WV,2007,432.0,138.2,165.4,116.0,293.8,21.2,72.5,54.8,56.5,0.319907,-0.754197,0.268519,-1.229585,-0.03055,-1.199035,21.0,20564000000.0,0.591227,23.746808,-0.397425,0.356772,0.742299,,,,,
WV,2008,378.0,127.1,139.6,96.0,250.9,35.9,53.5,69.1,44.5,0.336243,-0.68008,0.253968,-0.398944,0.440066,-0.83901,21.0,20774000000.0,0.583085,23.756968,-0.491313,0.188767,0.598607,,,,,
WV,2009,357.0,112.4,131.6,92.0,244.6,13.2,65.9,52.8,38.1,0.314846,-0.77756,0.257703,-1.607922,0.326297,-1.934219,21.0,19606000000.0,0.576456,23.699101,-0.556357,0.221203,0.599315,,,,,
WV,2010,315.0,86.6,102.1,72.0,228.4,19.3,43.1,39.7,36.9,0.274921,-0.969799,0.228571,-0.803418,0.07314,-0.876558,21.0,19203033574.85,0.575912,23.678334,-0.796354,0.173445,0.494919,,,,,
WV,2011,338.0,93.1,107.8,85.0,244.9,32.4,36.5,58.6,41.5,0.275444,-0.967176,0.251479,-0.119154,0.345041,-0.464195,21.0,18963126031.75,0.578174,23.665762,-0.711407,0.255769,0.577964,,,,,
WV,2012,339.0,94.3,102.8,84.0,244.7,20.3,44.4,56.7,43.6,0.278171,-0.953552,0.247788,-0.782619,0.262717,-1.045336,21.0,19225785613.74,0.577791,23.679518,-0.712356,0.241195,0.567163,,,,,
WV,2013,332.0,90.6,110.7,84.0,241.4,21.7,42.7,67.3,38.3,0.272892,-0.980001,0.253012,-0.676887,0.56371,-1.240597,21.0,19232347432.95,0.58288,23.679859,-0.752725,0.227277,0.545956,,,,,
WV,2014,272.0,84.7,98.2,66.0,187.3,17.7,39.5,38.3,37.5,0.311397,-0.793596,0.242647,-0.802736,0.021109,-0.823845,21.0,19117490470.3,0.58454,23.673869,-0.814073,-0.020477,0.352613,,,,,
WV,2015,268.0,71.3,83.1,60.0,196.7,13.0,37.7,52.0,27.3,0.266045,-1.014783,0.223881,-1.064711,0.644357,-1.709068,21.0,19826642966.7,0.490367,23.710292,-1.022715,-0.007932,0.301375,,,,,
WV,2016,269.0,68.0,79.6,58.0,201.0,15.7,34.2,43.3,34.8,0.252788,-1.083797,0.215613,-0.778565,0.218535,-0.9971,21.0,19539442679.69,0.510898,23.695701,-1.055513,0.028285,0.319691,,,,,
WV,2017,304.0,71.7,84.2,75.0,232.3,20.4,36.2,60.6,38.8,0.235855,-1.175539,0.246711,-0.573524,0.445875,-1.019399,21.0,19072335445.31,0.52007,23.671505,-0.978333,0.197206,0.466204,,,,,
WV,2018,294.0,58.0,71.4,50.0,236.0,14.5,20.4,55.5,35.6,0.197279,-1.403389,0.170068,-0.341386,0.444037,-0.785424,21.0,19447323210.76,0.507436,23.690975,-1.209852,0.193537,0.413285,,,,,
WV,2019,260.0,56.4,65.3,54.0,203.6,10.6,28.4,44.4,32.6,0.216923,-1.283688,0.207692,-0.985535,0.308927,-1.294462,21.0,19076559660.0,0.503777,23.671726,-1.218576,0.065112,0.309636,,,,,
WV,2020,267.0,74.1,88.8,55.0,192.9,21.2,26.9,39.8,25.1,0.277528,-0.956756,0.205993,-0.238125,0.460999,-0.699124,21.0,16054140260.0,0.514516,23.499233,-0.773136,0.18362,0.508697,,,,,
WV,2021,282.0,65.3,83.0,58.0,216.7,19.5,23.3,60.5,35.7,0.23156,-1.199522,0.205674,-0.178039,0.527493,-0.705532,21.0,16079274930.0,0.517,23.500797,-0.901124,0.298398,0.561791,,,,,
WV,2022,266.0,58.3,77.4,50.0,207.7,15.8,27.7,48.2,30.3,0.219173,-1.270493,0.18797,-0.561422,0.464211,-1.025634,21.0,15312407540.0,0.521646,23.451929,-0.965646,0.304846,0.552248,,,,,
WV,2023,260.0,58.7,74.7,42.0,201.3,12.7,24.3,49.3,33.7,0.225769,-1.232357,0.161538,-0.648874,0.380426,-1.029301,21.0,15962390250.0,0.510265,23.493501,-1.000381,0.231976,0.487861,,,,,
WV,2024,256.0,77.7,90.3,54.0,178.3,18.2,31.3,38.8,18.7,0.303516,-0.830612,0.210938,-0.542197,0.729897,-1.272093,21.0,17213761510.0,0.568854,23.568975,-0.795439,0.035173,0.396883,,,,,
WY,1982,201.0,98.3,111.1,54.0,102.7,18.0,42.5,20.0,24.5,0.489055,-0.043788,0.268657,-0.859132,-0.202941,-0.656191,19.0,5281000000.0,0.768226,22.387381,0.621323,0.665112,1.336604,,,,,
WY,1983,173.0,82.9,95.0,51.0,90.1,24.1,33.7,16.9,16.3,0.479191,-0.083285,0.294798,-0.335286,0.036149,-0.371435,19.0,5059000000.0,0.753311,22.344435,0.493881,0.577166,1.229538,0.0,0.0,0.0,0.0,9.421573
WY,1984,157.0,75.5,88.1,39.0,81.5,19.2,30.5,11.8,15.5,0.480892,-0.07647,0.248408,-0.462816,-0.27274,-0.190076,19.0,5127000000.0,0.761654,22.357787,0.387027,0.463497,1.11914,0.0,0.0,0.0,0.0,9.471396
WY,1985,152.0,62.6,82.0,49.0,89.4,10.7,32.0,17.3,19.0,0.411842,-0.356355,0.322368,-1.095492,-0.093732,-1.00176,19.0,5401000000.0,0.758748,22.40985,0.147596,0.503951,1.034711,0.0,0.0,0.0,0.0,9.522886
WY,1986,168.0,79.0,88.9,37.0,89.0,20.3,34.5,17.7,14.5,0.470238,-0.119189,0.220238,-0.530338,0.199416,-0.729754,19.0,5373000000.0,0.753955,22.404652,0.385476,0.504665,1.139992,0.0,0.0,0.0,0.0,9.507106
WY,1987,129.0,59.6,70.7,48.0,69.4,11.2,36.2,10.8,8.8,0.462016,-0.152231,0.372093,-1.173145,0.204794,-1.37794,19.0,5367000000.0,0.758338,22.403535,0.104801,0.257033,0.876958,0.0,0.0,1.0,0.0,9.516501
WY,1988,155.0,69.8,76.8,38.0,85.2,7.2,43.7,13.8,11.3,0.450323,-0.199367,0.245161,-1.803267,0.199866,-2.003133,19.5,5658000000.0,0.765465,22.456336,0.209978,0.409346,1.00777,0.0,0.0,1.0,0.0,9.569203
WY,1989,127.0,51.3,58.2,35.0,75.7,14.8,24.9,13.2,14.1,0.403937,-0.389087,0.275591,-0.520241,-0.065958,-0.454283,21.0,5751000000.0,0.763867,22.47264,-0.114268,0.274819,0.792228,0.0,1.0,1.0,0.0,9.650851
WY,1990,125.0,66.9,74.6,41.0,58.1,12.6,34.2,8.4,15.8,0.5352,0.141033,0.328,-0.998529,-0.631778,-0.366751,21.0,5833000000.0,0.767872,22.486797,0.137082,-0.003951,0.762197,0.0,1.0,1.0,0.0,9.751152
WY,1991,122.0,51.9,55.9,22.0,70.1,9.8,23.6,16.2,10.4,0.42541,-0.300604,0.180328,-0.878864,0.443205,-1.32207,21.0,5998000000.0,0.773591,22.514692,-0.144692,0.155912,0.71001,0.0,1.0,1.0,0.0,9.817276
WY,1992,118.0,56.4,64.1,38.0,61.6,9.8,30.9,16.2,14.1,0.477966,-0.088193,0.322034,-1.148374,0.138836,-1.28721,21.0,6217000000.0,0.74055,22.550553,-0.097403,-0.009211,0.640812,0.0,1.0,1.0,0.0,9.836493
WY,1993,120.0,46.0,48.5,27.0,74.0,6.4,18.1,18.6,11.9,0.383333,-0.475424,0.225,-1.039614,0.446623,-1.486237,21.0,6770000000.0,0.781388,22.635767,-0.386445,0.088979,0.572406,0.0,1.0,1.0,0.0,9.879963
WY,1994,144.0,63.5,68.1,37.0,80.5,17.4,23.6,17.6,8.4,0.440972,-0.237217,0.256944,-0.304777,0.739667,-1.044444,21.0,6689000000.0,0.767529,22.62373,-0.05201,0.185208,0.766764,0.0,1.0,1.0,0.0,9.896715
WY,1995,170.0,73.3,82.9,43.0,96.7,14.2,30.9,16.8,15.1,0.431176,-0.277053,0.252941,-0.777514,0.106684,-0.884198,21.0,7044000000.0,0.761641,22.675442,0.039799,0.316852,0.881037,0.0,1.0,1.0,0.0,9.937164
WY,1996,143.0,39.7,55.6,42.0,103.3,4.2,26.8,14.8,21.2,0.277622,-0.956286,0.293706,-1.853317,-0.359374,-1.493943,21.0,7360000000.0,0.726495,22.719326,-0.617294,0.338992,0.6642,0.0,1.0,1.0,0.0,9.976924
WY,1997,137.0,36.0,39.7,34.0,101.0,5.1,20.6,26.9,10.4,0.262774,-1.031602,0.248175,-1.396051,0.95032,-2.346371,21.0,7576000000.0,0.732181,22.748251,-0.744052,0.28755,0.59241,0.0,1.0,1.0,0.0,10.025528
WY,1998,154.0,59.5,70.8,30.0,94.5,19.7,19.5,17.3,15.5,0.386364,-0.462624,0.194805,0.010204,0.109866,-0.099662,21.0,8031000000.0,0.729797,22.806575,-0.299918,0.162706,0.651058,,,,,
WY,1999,189.0,60.7,67.8,39.0,128.3,7.5,24.9,17.5,23.1,0.321164,-0.748428,0.206349,-1.199965,-0.277632,-0.922333,21.0,7797000000.0,0.738489,22.777005,-0.25038,0.498047,0.885423,,,,,
WY,2000,152.0,38.9,43.3,35.0,113.1,7.1,13.0,16.9,11.0,0.255921,-1.067278,0.230263,-0.604855,0.429418,-1.034273,21.0,8090000000.0,0.723733,22.813895,-0.73222,0.335059,0.630667,,,,,
WY,2001,186.0,70.2,81.3,36.0,115.8,12.6,31.1,14.4,19.9,0.377419,-0.500516,0.193548,-0.903511,-0.323492,-0.580019,21.0,8625000000.0,0.742145,22.877931,-0.205902,0.294615,0.768497,,,,,
WY,2002,176.0,57.6,64.0,28.0,118.4,12.6,24.2,27.4,10.8,0.327273,-0.720546,0.159091,-0.652656,0.930997,-1.583653,21.0,9007000000.0,0.734762,22.921268,-0.447065,0.273482,0.669897,,,,,
WY,2003,165.0,46.1,58.6,34.0,118.9,10.4,16.9,27.6,15.1,0.279394,-0.94747,0.206061,-0.485508,0.603121,-1.088629,21.0,9211000000.0,0.735642,22.943664,-0.692171,0.255299,0.582962,,,,,
WY,2004,164.0,50.5,56.7,41.0,113.5,10.2,24.2,25.8,14.8,0.307927,-0.80983,0.25,-0.863965,0.555747,-1.419712,21.0,9261000000.0,0.710506,22.949078,-0.606424,0.203406,0.571469,,,,,
WY,2005,170.0,54.0,63.8,47.0,116.0,12.5,32.0,31.5,13.0,0.317647,-0.764606,0.276471,-0.940007,0.885038,-1.825045,21.0,9058000000.0,0.727644,22.926914,-0.517249,0.247357,0.629565,,,,,
WY,2006,195.0,62.8,73.4,36.0,132.2,12.2,20.3,18.8,20.7,0.322051,-0.744361,0.184615,-0.509185,-0.096277,-0.412908,21.0,9415000000.0,0.712268,22.96557,-0.404934,0.339427,0.72811,,,,,
WY,2007,150.0,49.7,55.3,39.0,100.3,9.5,21.9,13.5,14.1,0.331333,-0.702161,0.26,-0.835195,-0.043485,-0.79171,21.0,9366000000.0,0.727739,22.960352,-0.633666,0.068494,0.470964,,,,,
WY,2008,159.0,64.5,72.7,40.0,94.5,18.1,25.6,22.9,11.4,0.40566,-0.381935,0.251572,-0.34668,0.697524,-1.044204,21.0,9447000000.0,0.719382,22.968963,-0.381617,0.000318,0.520622,,,,,
WY,2009,134.0,48.0,55.7,32.0,86.0,11.7,20.2,22.3,11.8,0.358209,-0.583146,0.238806,-0.546094,0.636487,-1.182581,21.0,9568000000.0,0.721049,22.98169,-0.689808,-0.106662,0.336831,,,,,
WY,2010,155.0,53.3,57.0,29.0,101.7,14.1,16.9,24.9,13.1,0.343871,-0.646091,0.187097,-0.181139,0.642256,-0.823394,21.0,9362789824.43,0.707142,22.960009,-0.563392,0.082699,0.504097,,,,,
WY,2011,135.0,37.9,40.7,36.0,97.1,8.5,18.4,17.5,20.6,0.280741,-0.94079,0.266667,-0.772285,-0.16309,-0.609194,21.0,9244905540.46,0.7041,22.947338,-0.891707,0.049084,0.378617,,,,,
WY,2012,123.0,41.1,43.5,29.0,81.9,8.1,17.5,15.9,14.5,0.334146,-0.689491,0.235772,-0.770337,0.09217,-0.862507,21.0,9270993557.71,0.69181,22.950156,-0.813468,-0.123977,0.282709,,,,,
WY,2013,87.0,24.6,28.7,24.0,62.4,3.4,13.2,13.6,8.8,0.282759,-0.930819,0.275862,-1.356441,0.435318,-1.791759,21.0,9308940396.23,0.692463,22.954241,-1.330814,-0.399995,-0.067652,,,,,
WY,2014,150.0,48.9,53.7,32.0,101.1,12.4,24.6,26.6,18.4,0.326,-0.726333,0.213333,-0.68505,0.368561,-1.053611,21.0,9457283094.720001,0.691361,22.970051,-0.659593,0.06674,0.461265,,,,,
WY,2015,145.0,55.8,60.2,30.0,89.2,16.6,19.5,20.4,17.5,0.384828,-0.469107,0.206897,-0.161012,0.153334,-0.314346,21.0,9597036264.78,0.693169,22.98472,-0.542266,-0.073158,0.412694,,,,,
WY,2016,112.0,33.5,37.0,17.0,78.5,11.5,11.1,15.5,12.9,0.299107,-0.851553,0.151786,0.035402,0.183613,-0.148211,21.0,9322542398.55,0.691703,22.955701,-1.023475,-0.171922,0.183478,,,,,
WY,2017,123.0,46.4,47.8,27.0,76.6,13.0,20.7,15.0,12.3,0.377236,-0.501298,0.219512,-0.465184,0.198451,-0.663635,21.0,9784665268.23,0.69986,23.004082,-0.746102,-0.244804,0.228783,,,,,
WY,2018,111.0,35.9,41.0,22.0,75.1,9.4,14.9,20.6,12.1,0.323423,-0.738083,0.198198,-0.460652,0.532086,-0.992737,21.0,10438442613.31,0.707666,23.068761,-1.067343,-0.32926,0.06145,,,,,
WY,2019,147.0,33.8,43.5,25.0,113.2,9.5,8.9,17.5,26.1,0.229932,-1.208695,0.170068,0.065241,-0.399734,0.464975,21.0,10207605647.72,0.704335,23.046399,-1.105257,0.103438,0.364714,,,,,
WY,2020,127.0,43.6,50.0,22.0,83.4,13.2,11.0,15.8,10.0,0.343307,-0.648591,0.173228,0.182322,0.457425,-0.275103,21.0,9800319810.0,0.728401,23.005681,-0.809943,-0.161352,0.259187,,,,,
WY,2021,110.0,37.0,41.3,24.0,73.0,10.6,11.4,11.4,9.6,0.336364,-0.679542,0.218182,-0.072759,0.17185,-0.24461,21.0,11096520140.0,0.739164,23.129897,-1.098299,-0.418757,-0.008736,,,,,
WY,2022,134.0,39.1,47.2,33.0,94.9,7.4,20.7,11.6,25.3,0.291791,-0.886701,0.246269,-1.028654,-0.779799,-0.248854,21.0,9324385310.0,0.720368,22.955899,-0.869096,0.017606,0.362622,,,,,
WY,2023,144.0,34.7,42.0,31.0,109.3,12.4,12.3,20.6,18.7,0.240972,-1.147357,0.215278,0.008097,0.096768,-0.08867,21.0,9518858730.0,0.734941,22.976541,-1.00912,0.138236,0.413953,,,,,
WY,2024,107.0,33.8,36.6,21.0,73.2,7.3,10.3,8.7,15.7,0.315888,-0.772735,0.196262,-0.34427,-0.590338,0.246068,21.0,9719595320.0,0.733742,22.99741,-1.056268,-0.283534,0.0961,,,,,
